<unknown>:24: SyntaxWarning: invalid escape sequence '\['
<unknown>:25: SyntaxWarning: invalid escape sequence '\['
<unknown>:26: SyntaxWarning: invalid escape sequence '\('
<unknown>:27: SyntaxWarning: invalid escape sequence '\('
<unknown>:28: SyntaxWarning: invalid escape sequence '\e'
2026-05-20 19:38:01,488 - INFO - HTTP Request: POST https://anast.ita.chalmers.se:4100/v1/chat/completions "HTTP/1.1 200 OK"
2026-05-20 19:38:16,814 - INFO - HTTP Request: POST https://anast.ita.chalmers.se:4100/v1/chat/completions "HTTP/1.1 200 OK"
2026-05-20 19:38:18,247 - INFO - HTTP Request: POST https://anast.ita.chalmers.se:4100/v1/chat/completions "HTTP/1.1 200 OK"
2026-05-20 19:38:33,542 - INFO - HTTP Request: POST https://anast.ita.chalmers.se:4100/v1/chat/completions "HTTP/1.1 200 OK"
2026-05-20 19:38:38,598 - INFO - HTTP Request: POST https://anast.ita.chalmers.se:4100/v1/chat/completions "HTTP/1.1 200 OK"
2026-05-20 19:38:52,286 - INFO - HTTP Request: POST https://anast.ita.chalmers.se:4100/v1/chat/completions "HTTP/1.1 200 OK"
2026-05-20 19:38:54,571 - INFO - HTTP Request: POST https://anast.ita.chalmers.se:4100/v1/chat/completions "HTTP/1.1 200 OK"
2026-05-20 19:39:10,439 - INFO - HTTP Request: POST https://anast.ita.chalmers.se:4100/v1/chat/completions "HTTP/1.1 200 OK"
2026-05-20 19:39:12,562 - INFO - HTTP Request: POST https://anast.ita.chalmers.se:4100/v1/chat/completions "HTTP/1.1 200 OK"
2026-05-20 19:39:27,650 - INFO - HTTP Request: POST https://anast.ita.chalmers.se:4100/v1/chat/completions "HTTP/1.1 200 OK"
2026-05-20 19:39:31,683 - INFO - HTTP Request: POST https://anast.ita.chalmers.se:4100/v1/chat/completions "HTTP/1.1 200 OK"
2026-05-20 19:39:50,393 - INFO - HTTP Request: POST https://anast.ita.chalmers.se:4100/v1/chat/completions "HTTP/1.1 200 OK"
2026-05-20 19:39:55,382 - INFO - HTTP Request: POST https://anast.ita.chalmers.se:4100/v1/chat/completions "HTTP/1.1 200 OK"
2026-05-20 19:40:15,540 - INFO - HTTP Request: POST https://anast.ita.chalmers.se:4100/v1/chat/completions "HTTP/1.1 200 OK"
2026-05-20 19:40:20,765 - INFO - HTTP Request: POST https://anast.ita.chalmers.se:4100/v1/chat/completions "HTTP/1.1 200 OK"
2026-05-20 19:40:38,122 - INFO - HTTP Request: POST https://anast.ita.chalmers.se:4100/v1/chat/completions "HTTP/1.1 200 OK"
2026-05-20 19:40:41,981 - INFO - HTTP Request: POST https://anast.ita.chalmers.se:4100/v1/chat/completions "HTTP/1.1 200 OK"
2026-05-20 19:40:58,732 - INFO - HTTP Request: POST https://anast.ita.chalmers.se:4100/v1/chat/completions "HTTP/1.1 200 OK"
2026-05-20 19:41:02,598 - INFO - HTTP Request: POST https://anast.ita.chalmers.se:4100/v1/chat/completions "HTTP/1.1 200 OK"
2026-05-20 19:41:17,213 - INFO - HTTP Request: POST https://anast.ita.chalmers.se:4100/v1/chat/completions "HTTP/1.1 200 OK"
2026-05-20 19:41:20,089 - INFO - HTTP Request: POST https://anast.ita.chalmers.se:4100/v1/chat/completions "HTTP/1.1 200 OK"
2026-05-20 19:41:45,742 - INFO - HTTP Request: POST https://anast.ita.chalmers.se:4100/v1/chat/completions "HTTP/1.1 200 OK"
2026-05-20 19:42:01,618 - INFO - Loading model: microsoft/codebert-base-mlm
/data/users/eliassam/miniforge3/lib/python3.12/site-packages/transformers/tokenization_utils_base.py:1601: FutureWarning: `clean_up_tokenization_spaces` was not set. It will be set to `True` by default. This behavior will be depracted in transformers v4.45, and will be then set to `False` by default. For more details check this issue: https://github.com/huggingface/transformers/issues/31884
  warnings.warn(
Some weights of the model checkpoint at microsoft/codebert-base-mlm were not used when initializing RobertaForMaskedLM: ['roberta.pooler.dense.bias', 'roberta.pooler.dense.weight']
- This IS expected if you are initializing RobertaForMaskedLM from the checkpoint of a model trained on another task or with another architecture (e.g. initializing a BertForSequenceClassification model from a BertForPreTraining model).
- This IS NOT expected if you are initializing RobertaForMaskedLM from the checkpoint of a model that you expect to be exactly identical (initializing a BertForSequenceClassification model from a BertForSequenceClassification model).
2026-05-20 19:42:03,903 - INFO - Processed __main__.dot: Score=0.7027 (1 paths)
2026-05-20 19:42:04,811 - INFO - Processed test_case_0.dot: Score=0.7557 (1 paths)
2026-05-20 19:42:08,715 - INFO - Processed test_case_1.dot: Score=0.4087 (4 paths)
2026-05-20 19:42:08,896 - INFO - Processed test_case_2.dot: Score=0.4158 (2 paths)
2026-05-20 19:42:10,554 - INFO - Processed test_case_3.dot: Score=0.3199 (1 paths)
2026-05-20 19:42:12,478 - INFO - Processed test_case_4.dot: Score=0.2098 (2 paths)
2026-05-20 19:42:18,302 - INFO - Processed test_case_5.dot: Score=0.2289 (31 paths)
2026-05-20 19:42:20,684 - INFO - Processed test_case_6.dot: Score=0.2354 (34 paths)
2026-05-20 19:42:21,182 - INFO - Processed test_case_7.dot: Score=0.1935 (8 paths)
2026-05-20 19:42:21,701 - INFO - Processed test_case_8.dot: Score=0.3195 (9 paths)
2026-05-20 19:42:21,911 - INFO - Processed test_case_9.dot: Score=0.3653 (4 paths)
2026-05-20 19:42:22,015 - INFO - Processed __main__.dot: Score=0.6514 (1 paths)
2026-05-20 19:42:22,065 - INFO - Processed test_timer_error_can_be_instantiated.dot: Score=0.4642 (1 paths)
2026-05-20 19:42:22,229 - INFO - Processed test_timer_raises_error_when_started_while_already_running.dot: Score=0.5038 (3 paths)
2026-05-20 19:42:22,525 - INFO - Processed test_timer_context_manager_enter_and_exit.dot: Score=0.3616 (2 paths)
2026-05-20 19:42:22,640 - INFO - Processed test_timer_exit_without_start_raises_error.dot: Score=0.3176 (2 paths)
2026-05-20 19:42:22,943 - INFO - Processed test_timer_start_with_no_logger_then_enter_invalid_context.dot: Score=0.2403 (4 paths)
2026-05-20 19:42:28,191 - INFO - Processed test_timer_context_manager_with_various_initializations.dot: Score=0.2432 (31 paths)
2026-05-20 19:42:31,421 - INFO - Processed test_timer_context_manager_with_repr_as_initial_text.dot: Score=0.1358 (34 paths)
2026-05-20 19:42:31,985 - INFO - Processed test_timer_start_stop_with_no_logger_then_operate_on_none_key_dict.dot: Score=0.2639 (8 paths)
2026-05-20 19:42:32,629 - INFO - Processed test_timer_context_manager_with_nested_timer_instances_using_eq_result.dot: Score=0.2132 (9 paths)
2026-05-20 19:42:32,867 - INFO - Processed test_timer_start_stop_then_enter_and_copy.dot: Score=0.3032 (4 paths)
<unknown>:24: SyntaxWarning: invalid escape sequence '\['
<unknown>:25: SyntaxWarning: invalid escape sequence '\['
<unknown>:26: SyntaxWarning: invalid escape sequence '\('
<unknown>:27: SyntaxWarning: invalid escape sequence '\('
<unknown>:28: SyntaxWarning: invalid escape sequence '\e'
2026-05-20 19:42:45,274 - INFO - HTTP Request: POST https://anast.ita.chalmers.se:4100/v1/chat/completions "HTTP/1.1 200 OK"
2026-05-20 19:43:04,096 - INFO - HTTP Request: POST https://anast.ita.chalmers.se:4100/v1/chat/completions "HTTP/1.1 200 OK"
2026-05-20 19:43:06,010 - INFO - HTTP Request: POST https://anast.ita.chalmers.se:4100/v1/chat/completions "HTTP/1.1 200 OK"
2026-05-20 19:43:21,479 - INFO - HTTP Request: POST https://anast.ita.chalmers.se:4100/v1/chat/completions "HTTP/1.1 200 OK"
2026-05-20 19:43:24,780 - INFO - HTTP Request: POST https://anast.ita.chalmers.se:4100/v1/chat/completions "HTTP/1.1 200 OK"
2026-05-20 19:43:37,359 - INFO - HTTP Request: POST https://anast.ita.chalmers.se:4100/v1/chat/completions "HTTP/1.1 200 OK"
2026-05-20 19:43:39,905 - INFO - HTTP Request: POST https://anast.ita.chalmers.se:4100/v1/chat/completions "HTTP/1.1 200 OK"
2026-05-20 19:43:52,433 - INFO - HTTP Request: POST https://anast.ita.chalmers.se:4100/v1/chat/completions "HTTP/1.1 200 OK"
2026-05-20 19:43:54,542 - INFO - HTTP Request: POST https://anast.ita.chalmers.se:4100/v1/chat/completions "HTTP/1.1 200 OK"
2026-05-20 19:44:09,198 - INFO - HTTP Request: POST https://anast.ita.chalmers.se:4100/v1/chat/completions "HTTP/1.1 200 OK"
2026-05-20 19:44:13,176 - INFO - HTTP Request: POST https://anast.ita.chalmers.se:4100/v1/chat/completions "HTTP/1.1 200 OK"
2026-05-20 19:44:31,387 - INFO - HTTP Request: POST https://anast.ita.chalmers.se:4100/v1/chat/completions "HTTP/1.1 200 OK"
2026-05-20 19:44:37,625 - INFO - HTTP Request: POST https://anast.ita.chalmers.se:4100/v1/chat/completions "HTTP/1.1 200 OK"
2026-05-20 19:44:56,445 - INFO - HTTP Request: POST https://anast.ita.chalmers.se:4100/v1/chat/completions "HTTP/1.1 200 OK"
2026-05-20 19:45:01,507 - INFO - HTTP Request: POST https://anast.ita.chalmers.se:4100/v1/chat/completions "HTTP/1.1 200 OK"
2026-05-20 19:45:17,689 - INFO - HTTP Request: POST https://anast.ita.chalmers.se:4100/v1/chat/completions "HTTP/1.1 200 OK"
2026-05-20 19:45:25,761 - INFO - HTTP Request: POST https://anast.ita.chalmers.se:4100/v1/chat/completions "HTTP/1.1 200 OK"
2026-05-20 19:45:41,838 - INFO - HTTP Request: POST https://anast.ita.chalmers.se:4100/v1/chat/completions "HTTP/1.1 200 OK"
2026-05-20 19:45:45,579 - INFO - HTTP Request: POST https://anast.ita.chalmers.se:4100/v1/chat/completions "HTTP/1.1 200 OK"
2026-05-20 19:45:59,736 - INFO - HTTP Request: POST https://anast.ita.chalmers.se:4100/v1/chat/completions "HTTP/1.1 200 OK"
2026-05-20 19:46:02,241 - INFO - HTTP Request: POST https://anast.ita.chalmers.se:4100/v1/chat/completions "HTTP/1.1 200 OK"
2026-05-20 19:46:27,830 - INFO - HTTP Request: POST https://anast.ita.chalmers.se:4100/v1/chat/completions "HTTP/1.1 200 OK"
2026-05-20 19:46:41,618 - INFO - Loading model: microsoft/codebert-base-mlm
/data/users/eliassam/miniforge3/lib/python3.12/site-packages/transformers/tokenization_utils_base.py:1601: FutureWarning: `clean_up_tokenization_spaces` was not set. It will be set to `True` by default. This behavior will be depracted in transformers v4.45, and will be then set to `False` by default. For more details check this issue: https://github.com/huggingface/transformers/issues/31884
  warnings.warn(
Some weights of the model checkpoint at microsoft/codebert-base-mlm were not used when initializing RobertaForMaskedLM: ['roberta.pooler.dense.bias', 'roberta.pooler.dense.weight']
- This IS expected if you are initializing RobertaForMaskedLM from the checkpoint of a model trained on another task or with another architecture (e.g. initializing a BertForSequenceClassification model from a BertForPreTraining model).
- This IS NOT expected if you are initializing RobertaForMaskedLM from the checkpoint of a model that you expect to be exactly identical (initializing a BertForSequenceClassification model from a BertForSequenceClassification model).
2026-05-20 19:46:43,957 - INFO - Processed __main__.dot: Score=0.7027 (1 paths)
2026-05-20 19:46:44,501 - INFO - Processed test_case_0.dot: Score=0.7557 (1 paths)
2026-05-20 19:46:44,751 - INFO - Processed test_case_1.dot: Score=0.4087 (4 paths)
2026-05-20 19:46:44,879 - INFO - Processed test_case_2.dot: Score=0.4158 (2 paths)
2026-05-20 19:46:44,962 - INFO - Processed test_case_3.dot: Score=0.3199 (1 paths)
2026-05-20 19:46:45,147 - INFO - Processed test_case_4.dot: Score=0.2098 (2 paths)
2026-05-20 19:46:50,592 - INFO - Processed test_case_5.dot: Score=0.2289 (31 paths)
2026-05-20 19:46:53,503 - INFO - Processed test_case_6.dot: Score=0.2354 (34 paths)
2026-05-20 19:46:53,998 - INFO - Processed test_case_7.dot: Score=0.1935 (8 paths)
2026-05-20 19:46:54,536 - INFO - Processed test_case_8.dot: Score=0.3195 (9 paths)
2026-05-20 19:46:56,714 - INFO - Processed test_case_9.dot: Score=0.3653 (4 paths)
2026-05-20 19:46:56,808 - INFO - Processed __main__.dot: Score=0.6514 (1 paths)
2026-05-20 19:46:56,864 - INFO - Processed test_timer_error_can_be_instantiated.dot: Score=0.4760 (1 paths)
2026-05-20 19:46:57,204 - INFO - Processed test_timer_raises_error_when_started_twice.dot: Score=0.2708 (5 paths)
2026-05-20 19:46:57,320 - INFO - Processed test_timer_context_manager_enter_and_exit.dot: Score=0.3870 (2 paths)
2026-05-20 19:46:57,433 - INFO - Processed test_timer_exit_without_start_raises_error.dot: Score=0.3319 (2 paths)
2026-05-20 19:46:57,714 - INFO - Processed test_timer_start_with_none_logger_and_dict_context_protocol.dot: Score=0.3091 (4 paths)
2026-05-20 19:47:00,084 - INFO - Processed test_timer_context_manager_with_various_configurations.dot: Score=0.1846 (31 paths)
2026-05-20 19:47:03,310 - INFO - Processed test_timer_context_manager_with_repr_as_initial_text.dot: Score=0.1401 (34 paths)
2026-05-20 19:47:04,066 - INFO - Processed test_timer_start_and_exit_with_none_logger.dot: Score=0.2400 (11 paths)
2026-05-20 19:47:04,658 - INFO - Processed test_timer_start_with_nested_timer_configs_using_previous_timer_as_args.dot: Score=0.2603 (9 paths)
2026-05-20 19:47:04,875 - INFO - Processed test_timer_start_stop_then_enter_and_copy.dot: Score=0.3097 (4 paths)
<unknown>:24: SyntaxWarning: invalid escape sequence '\['
<unknown>:25: SyntaxWarning: invalid escape sequence '\['
<unknown>:26: SyntaxWarning: invalid escape sequence '\('
<unknown>:27: SyntaxWarning: invalid escape sequence '\('
<unknown>:28: SyntaxWarning: invalid escape sequence '\e'
2026-05-20 19:47:17,610 - INFO - HTTP Request: POST https://anast.ita.chalmers.se:4100/v1/chat/completions "HTTP/1.1 200 OK"
2026-05-20 19:47:30,486 - INFO - HTTP Request: POST https://anast.ita.chalmers.se:4100/v1/chat/completions "HTTP/1.1 200 OK"
2026-05-20 19:47:32,323 - INFO - HTTP Request: POST https://anast.ita.chalmers.se:4100/v1/chat/completions "HTTP/1.1 200 OK"
2026-05-20 19:47:45,904 - INFO - HTTP Request: POST https://anast.ita.chalmers.se:4100/v1/chat/completions "HTTP/1.1 200 OK"
2026-05-20 19:47:48,896 - INFO - HTTP Request: POST https://anast.ita.chalmers.se:4100/v1/chat/completions "HTTP/1.1 200 OK"
2026-05-20 19:48:01,370 - INFO - HTTP Request: POST https://anast.ita.chalmers.se:4100/v1/chat/completions "HTTP/1.1 200 OK"
2026-05-20 19:48:03,191 - INFO - HTTP Request: POST https://anast.ita.chalmers.se:4100/v1/chat/completions "HTTP/1.1 200 OK"
2026-05-20 19:48:16,112 - INFO - HTTP Request: POST https://anast.ita.chalmers.se:4100/v1/chat/completions "HTTP/1.1 200 OK"
2026-05-20 19:48:18,066 - INFO - HTTP Request: POST https://anast.ita.chalmers.se:4100/v1/chat/completions "HTTP/1.1 200 OK"
2026-05-20 19:48:33,469 - INFO - HTTP Request: POST https://anast.ita.chalmers.se:4100/v1/chat/completions "HTTP/1.1 200 OK"
2026-05-20 19:48:36,014 - INFO - HTTP Request: POST https://anast.ita.chalmers.se:4100/v1/chat/completions "HTTP/1.1 200 OK"
2026-05-20 19:48:53,331 - INFO - HTTP Request: POST https://anast.ita.chalmers.se:4100/v1/chat/completions "HTTP/1.1 200 OK"
2026-05-20 19:48:57,702 - INFO - HTTP Request: POST https://anast.ita.chalmers.se:4100/v1/chat/completions "HTTP/1.1 200 OK"
2026-05-20 19:49:17,336 - INFO - HTTP Request: POST https://anast.ita.chalmers.se:4100/v1/chat/completions "HTTP/1.1 200 OK"
2026-05-20 19:49:22,793 - INFO - HTTP Request: POST https://anast.ita.chalmers.se:4100/v1/chat/completions "HTTP/1.1 200 OK"
2026-05-20 19:49:38,901 - INFO - HTTP Request: POST https://anast.ita.chalmers.se:4100/v1/chat/completions "HTTP/1.1 200 OK"
2026-05-20 19:49:42,569 - INFO - HTTP Request: POST https://anast.ita.chalmers.se:4100/v1/chat/completions "HTTP/1.1 200 OK"
2026-05-20 19:49:58,302 - INFO - HTTP Request: POST https://anast.ita.chalmers.se:4100/v1/chat/completions "HTTP/1.1 200 OK"
2026-05-20 19:50:02,305 - INFO - HTTP Request: POST https://anast.ita.chalmers.se:4100/v1/chat/completions "HTTP/1.1 200 OK"
2026-05-20 19:50:16,696 - INFO - HTTP Request: POST https://anast.ita.chalmers.se:4100/v1/chat/completions "HTTP/1.1 200 OK"
2026-05-20 19:50:19,944 - INFO - HTTP Request: POST https://anast.ita.chalmers.se:4100/v1/chat/completions "HTTP/1.1 200 OK"
2026-05-20 19:50:46,513 - INFO - HTTP Request: POST https://anast.ita.chalmers.se:4100/v1/chat/completions "HTTP/1.1 200 OK"
2026-05-20 19:51:01,686 - INFO - Loading model: microsoft/codebert-base-mlm
/data/users/eliassam/miniforge3/lib/python3.12/site-packages/transformers/tokenization_utils_base.py:1601: FutureWarning: `clean_up_tokenization_spaces` was not set. It will be set to `True` by default. This behavior will be depracted in transformers v4.45, and will be then set to `False` by default. For more details check this issue: https://github.com/huggingface/transformers/issues/31884
  warnings.warn(
Some weights of the model checkpoint at microsoft/codebert-base-mlm were not used when initializing RobertaForMaskedLM: ['roberta.pooler.dense.bias', 'roberta.pooler.dense.weight']
- This IS expected if you are initializing RobertaForMaskedLM from the checkpoint of a model trained on another task or with another architecture (e.g. initializing a BertForSequenceClassification model from a BertForPreTraining model).
- This IS NOT expected if you are initializing RobertaForMaskedLM from the checkpoint of a model that you expect to be exactly identical (initializing a BertForSequenceClassification model from a BertForSequenceClassification model).
2026-05-20 19:51:04,083 - INFO - Processed __main__.dot: Score=0.7027 (1 paths)
2026-05-20 19:51:05,079 - INFO - Processed test_case_0.dot: Score=0.7557 (1 paths)
2026-05-20 19:51:05,763 - INFO - Processed test_case_1.dot: Score=0.4087 (4 paths)
2026-05-20 19:51:05,877 - INFO - Processed test_case_2.dot: Score=0.4158 (2 paths)
2026-05-20 19:51:05,950 - INFO - Processed test_case_3.dot: Score=0.3199 (1 paths)
2026-05-20 19:51:06,117 - INFO - Processed test_case_4.dot: Score=0.2098 (2 paths)
2026-05-20 19:51:08,887 - INFO - Processed test_case_5.dot: Score=0.2289 (31 paths)
2026-05-20 19:51:12,143 - INFO - Processed test_case_6.dot: Score=0.2354 (34 paths)
2026-05-20 19:51:12,751 - INFO - Processed test_case_7.dot: Score=0.1935 (8 paths)
2026-05-20 19:51:13,383 - INFO - Processed test_case_8.dot: Score=0.3195 (9 paths)
2026-05-20 19:51:13,610 - INFO - Processed test_case_9.dot: Score=0.3653 (4 paths)
2026-05-20 19:51:13,714 - INFO - Processed __main__.dot: Score=0.6514 (1 paths)
2026-05-20 19:51:13,765 - INFO - Processed test_timer_error_can_be_instantiated.dot: Score=0.4760 (1 paths)
2026-05-20 19:51:13,981 - INFO - Processed test_starting_already_running_timer_raises_error.dot: Score=0.4704 (4 paths)
2026-05-20 19:51:14,091 - INFO - Processed test_timer_context_manager_enter_and_exit.dot: Score=0.3715 (2 paths)
2026-05-20 19:51:14,205 - INFO - Processed test_timer_exit_without_start_raises_error.dot: Score=0.3176 (2 paths)
2026-05-20 19:51:14,365 - INFO - Processed test_timer_start_with_none_logger_does_not_raise.dot: Score=0.1798 (2 paths)
2026-05-20 19:51:16,725 - INFO - Processed test_timer_context_manager_with_various_configurations.dot: Score=0.2697 (31 paths)
2026-05-20 19:51:19,761 - INFO - Processed test_timer_context_manager_with_repr_as_initial_text.dot: Score=0.1298 (34 paths)
2026-05-20 19:51:20,749 - INFO - Processed test_timer_setitem_on_none_result_raises_attribute_error.dot: Score=0.1937 (12 paths)
2026-05-20 19:51:21,340 - INFO - Processed test_timer_context_manager_with_nested_timer_configurations.dot: Score=0.3233 (9 paths)
2026-05-20 19:51:21,571 - INFO - Processed test_timer_start_stop_then_enter_and_copy.dot: Score=0.2878 (4 paths)
<unknown>:24: SyntaxWarning: invalid escape sequence '\['
<unknown>:25: SyntaxWarning: invalid escape sequence '\['
<unknown>:26: SyntaxWarning: invalid escape sequence '\('
<unknown>:27: SyntaxWarning: invalid escape sequence '\('
<unknown>:28: SyntaxWarning: invalid escape sequence '\e'
2026-05-20 19:51:33,543 - INFO - HTTP Request: POST https://anast.ita.chalmers.se:4100/v1/chat/completions "HTTP/1.1 200 OK"
2026-05-20 19:51:47,145 - INFO - HTTP Request: POST https://anast.ita.chalmers.se:4100/v1/chat/completions "HTTP/1.1 200 OK"
2026-05-20 19:51:50,111 - INFO - HTTP Request: POST https://anast.ita.chalmers.se:4100/v1/chat/completions "HTTP/1.1 200 OK"
2026-05-20 19:52:02,099 - INFO - HTTP Request: POST https://anast.ita.chalmers.se:4100/v1/chat/completions "HTTP/1.1 200 OK"
2026-05-20 19:52:04,023 - INFO - HTTP Request: POST https://anast.ita.chalmers.se:4100/v1/chat/completions "HTTP/1.1 200 OK"
2026-05-20 19:52:14,653 - INFO - HTTP Request: POST https://anast.ita.chalmers.se:4100/v1/chat/completions "HTTP/1.1 200 OK"
2026-05-20 19:52:16,492 - INFO - HTTP Request: POST https://anast.ita.chalmers.se:4100/v1/chat/completions "HTTP/1.1 200 OK"
2026-05-20 19:52:17,829 - INFO - Loading model: microsoft/codebert-base-mlm
/data/users/eliassam/miniforge3/lib/python3.12/site-packages/transformers/tokenization_utils_base.py:1601: FutureWarning: `clean_up_tokenization_spaces` was not set. It will be set to `True` by default. This behavior will be depracted in transformers v4.45, and will be then set to `False` by default. For more details check this issue: https://github.com/huggingface/transformers/issues/31884
  warnings.warn(
Some weights of the model checkpoint at microsoft/codebert-base-mlm were not used when initializing RobertaForMaskedLM: ['roberta.pooler.dense.bias', 'roberta.pooler.dense.weight']
- This IS expected if you are initializing RobertaForMaskedLM from the checkpoint of a model trained on another task or with another architecture (e.g. initializing a BertForSequenceClassification model from a BertForPreTraining model).
- This IS NOT expected if you are initializing RobertaForMaskedLM from the checkpoint of a model that you expect to be exactly identical (initializing a BertForSequenceClassification model from a BertForSequenceClassification model).
2026-05-20 19:52:20,246 - INFO - Processed __main__.dot: Score=0.8382 (1 paths)
2026-05-20 19:52:22,214 - INFO - Processed test_case_0.dot: Score=0.4452 (3 paths)
2026-05-20 19:52:22,342 - INFO - Processed test_case_1.dot: Score=0.4515 (2 paths)
2026-05-20 19:52:22,413 - INFO - Processed test_case_2.dot: Score=0.4938 (1 paths)
2026-05-20 19:52:22,499 - INFO - Processed __main__.dot: Score=0.7358 (1 paths)
2026-05-20 19:52:22,720 - INFO - Processed test_cached_property_get_with_none_instance_and_owner.dot: Score=0.3323 (3 paths)
2026-05-20 19:52:22,862 - INFO - Processed test_cached_property_get_with_set_as_owner.dot: Score=0.3900 (2 paths)
2026-05-20 19:52:22,941 - INFO - Processed test_cached_property_initialized_with_empty_set.dot: Score=0.3965 (1 paths)
<unknown>:24: SyntaxWarning: invalid escape sequence '\['
<unknown>:25: SyntaxWarning: invalid escape sequence '\['
<unknown>:26: SyntaxWarning: invalid escape sequence '\('
<unknown>:27: SyntaxWarning: invalid escape sequence '\('
<unknown>:28: SyntaxWarning: invalid escape sequence '\e'
2026-05-20 19:52:38,187 - INFO - HTTP Request: POST https://anast.ita.chalmers.se:4100/v1/chat/completions "HTTP/1.1 200 OK"
2026-05-20 19:52:52,078 - INFO - HTTP Request: POST https://anast.ita.chalmers.se:4100/v1/chat/completions "HTTP/1.1 200 OK"
2026-05-20 19:52:55,134 - INFO - HTTP Request: POST https://anast.ita.chalmers.se:4100/v1/chat/completions "HTTP/1.1 200 OK"
2026-05-20 19:53:07,099 - INFO - HTTP Request: POST https://anast.ita.chalmers.se:4100/v1/chat/completions "HTTP/1.1 200 OK"
2026-05-20 19:53:09,031 - INFO - HTTP Request: POST https://anast.ita.chalmers.se:4100/v1/chat/completions "HTTP/1.1 200 OK"
2026-05-20 19:53:22,492 - INFO - HTTP Request: POST https://anast.ita.chalmers.se:4100/v1/chat/completions "HTTP/1.1 200 OK"
2026-05-20 19:53:24,419 - INFO - HTTP Request: POST https://anast.ita.chalmers.se:4100/v1/chat/completions "HTTP/1.1 200 OK"
2026-05-20 19:53:25,700 - INFO - Loading model: microsoft/codebert-base-mlm
/data/users/eliassam/miniforge3/lib/python3.12/site-packages/transformers/tokenization_utils_base.py:1601: FutureWarning: `clean_up_tokenization_spaces` was not set. It will be set to `True` by default. This behavior will be depracted in transformers v4.45, and will be then set to `False` by default. For more details check this issue: https://github.com/huggingface/transformers/issues/31884
  warnings.warn(
Some weights of the model checkpoint at microsoft/codebert-base-mlm were not used when initializing RobertaForMaskedLM: ['roberta.pooler.dense.bias', 'roberta.pooler.dense.weight']
- This IS expected if you are initializing RobertaForMaskedLM from the checkpoint of a model trained on another task or with another architecture (e.g. initializing a BertForSequenceClassification model from a BertForPreTraining model).
- This IS NOT expected if you are initializing RobertaForMaskedLM from the checkpoint of a model that you expect to be exactly identical (initializing a BertForSequenceClassification model from a BertForSequenceClassification model).
2026-05-20 19:53:27,937 - INFO - Processed __main__.dot: Score=0.8382 (1 paths)
2026-05-20 19:53:28,156 - INFO - Processed test_case_0.dot: Score=0.4452 (3 paths)
2026-05-20 19:53:28,284 - INFO - Processed test_case_1.dot: Score=0.4515 (2 paths)
2026-05-20 19:53:28,354 - INFO - Processed test_case_2.dot: Score=0.4938 (1 paths)
2026-05-20 19:53:28,433 - INFO - Processed __main__.dot: Score=0.7358 (1 paths)
2026-05-20 19:53:28,661 - INFO - Processed test_cached_property_get_with_none_instance_and_owner.dot: Score=0.3357 (3 paths)
2026-05-20 19:53:28,805 - INFO - Processed test_cached_property_get_with_set_as_owner.dot: Score=0.4165 (2 paths)
2026-05-20 19:53:28,884 - INFO - Processed test_cached_property_initialized_with_empty_set.dot: Score=0.3965 (1 paths)
<unknown>:24: SyntaxWarning: invalid escape sequence '\['
<unknown>:25: SyntaxWarning: invalid escape sequence '\['
<unknown>:26: SyntaxWarning: invalid escape sequence '\('
<unknown>:27: SyntaxWarning: invalid escape sequence '\('
<unknown>:28: SyntaxWarning: invalid escape sequence '\e'
2026-05-20 19:53:43,369 - INFO - HTTP Request: POST https://anast.ita.chalmers.se:4100/v1/chat/completions "HTTP/1.1 200 OK"
2026-05-20 19:53:56,433 - INFO - HTTP Request: POST https://anast.ita.chalmers.se:4100/v1/chat/completions "HTTP/1.1 200 OK"
2026-05-20 19:53:59,097 - INFO - HTTP Request: POST https://anast.ita.chalmers.se:4100/v1/chat/completions "HTTP/1.1 200 OK"
2026-05-20 19:54:11,038 - INFO - HTTP Request: POST https://anast.ita.chalmers.se:4100/v1/chat/completions "HTTP/1.1 200 OK"
2026-05-20 19:54:13,669 - INFO - HTTP Request: POST https://anast.ita.chalmers.se:4100/v1/chat/completions "HTTP/1.1 200 OK"
2026-05-20 19:54:23,643 - INFO - HTTP Request: POST https://anast.ita.chalmers.se:4100/v1/chat/completions "HTTP/1.1 200 OK"
2026-05-20 19:54:25,981 - INFO - HTTP Request: POST https://anast.ita.chalmers.se:4100/v1/chat/completions "HTTP/1.1 200 OK"
2026-05-20 19:54:27,243 - INFO - Loading model: microsoft/codebert-base-mlm
/data/users/eliassam/miniforge3/lib/python3.12/site-packages/transformers/tokenization_utils_base.py:1601: FutureWarning: `clean_up_tokenization_spaces` was not set. It will be set to `True` by default. This behavior will be depracted in transformers v4.45, and will be then set to `False` by default. For more details check this issue: https://github.com/huggingface/transformers/issues/31884
  warnings.warn(
Some weights of the model checkpoint at microsoft/codebert-base-mlm were not used when initializing RobertaForMaskedLM: ['roberta.pooler.dense.bias', 'roberta.pooler.dense.weight']
- This IS expected if you are initializing RobertaForMaskedLM from the checkpoint of a model trained on another task or with another architecture (e.g. initializing a BertForSequenceClassification model from a BertForPreTraining model).
- This IS NOT expected if you are initializing RobertaForMaskedLM from the checkpoint of a model that you expect to be exactly identical (initializing a BertForSequenceClassification model from a BertForSequenceClassification model).
2026-05-20 19:54:29,474 - INFO - Processed __main__.dot: Score=0.8382 (1 paths)
2026-05-20 19:54:30,412 - INFO - Processed test_case_0.dot: Score=0.4452 (3 paths)
2026-05-20 19:54:30,542 - INFO - Processed test_case_1.dot: Score=0.4515 (2 paths)
2026-05-20 19:54:30,613 - INFO - Processed test_case_2.dot: Score=0.4938 (1 paths)
2026-05-20 19:54:30,705 - INFO - Processed __main__.dot: Score=0.7358 (1 paths)
2026-05-20 19:54:30,918 - INFO - Processed test_cached_property_get_with_none_instance.dot: Score=0.4418 (3 paths)
2026-05-20 19:54:31,067 - INFO - Processed test_cached_property_get_with_set_as_owner.dot: Score=0.4215 (2 paths)
2026-05-20 19:54:31,148 - INFO - Processed test_cached_property_initialized_with_empty_set.dot: Score=0.3829 (1 paths)
<unknown>:24: SyntaxWarning: invalid escape sequence '\['
<unknown>:25: SyntaxWarning: invalid escape sequence '\['
<unknown>:26: SyntaxWarning: invalid escape sequence '\('
<unknown>:27: SyntaxWarning: invalid escape sequence '\('
<unknown>:28: SyntaxWarning: invalid escape sequence '\e'
2026-05-20 19:54:45,056 - INFO - HTTP Request: POST https://anast.ita.chalmers.se:4100/v1/chat/completions "HTTP/1.1 200 OK"
2026-05-20 19:54:56,392 - INFO - HTTP Request: POST https://anast.ita.chalmers.se:4100/v1/chat/completions "HTTP/1.1 200 OK"
2026-05-20 19:54:58,129 - INFO - HTTP Request: POST https://anast.ita.chalmers.se:4100/v1/chat/completions "HTTP/1.1 200 OK"
2026-05-20 19:55:10,899 - INFO - HTTP Request: POST https://anast.ita.chalmers.se:4100/v1/chat/completions "HTTP/1.1 200 OK"
2026-05-20 19:55:13,920 - INFO - HTTP Request: POST https://anast.ita.chalmers.se:4100/v1/chat/completions "HTTP/1.1 200 OK"
2026-05-20 19:55:26,998 - INFO - HTTP Request: POST https://anast.ita.chalmers.se:4100/v1/chat/completions "HTTP/1.1 200 OK"
2026-05-20 19:55:30,641 - INFO - HTTP Request: POST https://anast.ita.chalmers.se:4100/v1/chat/completions "HTTP/1.1 200 OK"
2026-05-20 19:55:41,588 - INFO - HTTP Request: POST https://anast.ita.chalmers.se:4100/v1/chat/completions "HTTP/1.1 200 OK"
2026-05-20 19:55:44,007 - INFO - HTTP Request: POST https://anast.ita.chalmers.se:4100/v1/chat/completions "HTTP/1.1 200 OK"
2026-05-20 19:55:55,042 - INFO - HTTP Request: POST https://anast.ita.chalmers.se:4100/v1/chat/completions "HTTP/1.1 200 OK"
2026-05-20 19:55:57,133 - INFO - HTTP Request: POST https://anast.ita.chalmers.se:4100/v1/chat/completions "HTTP/1.1 200 OK"
2026-05-20 19:56:13,868 - INFO - HTTP Request: POST https://anast.ita.chalmers.se:4100/v1/chat/completions "HTTP/1.1 200 OK"
2026-05-20 19:56:19,797 - INFO - HTTP Request: POST https://anast.ita.chalmers.se:4100/v1/chat/completions "HTTP/1.1 200 OK"
2026-05-20 19:56:33,802 - INFO - HTTP Request: POST https://anast.ita.chalmers.se:4100/v1/chat/completions "HTTP/1.1 200 OK"
2026-05-20 19:56:37,246 - INFO - HTTP Request: POST https://anast.ita.chalmers.se:4100/v1/chat/completions "HTTP/1.1 200 OK"
2026-05-20 19:56:49,571 - INFO - HTTP Request: POST https://anast.ita.chalmers.se:4100/v1/chat/completions "HTTP/1.1 200 OK"
2026-05-20 19:56:52,185 - INFO - HTTP Request: POST https://anast.ita.chalmers.se:4100/v1/chat/completions "HTTP/1.1 200 OK"
2026-05-20 19:57:16,342 - INFO - HTTP Request: POST https://anast.ita.chalmers.se:4100/v1/chat/completions "HTTP/1.1 200 OK"
2026-05-20 19:57:32,638 - INFO - HTTP Request: POST https://anast.ita.chalmers.se:4100/v1/chat/completions "HTTP/1.1 200 OK"
2026-05-20 19:57:47,667 - INFO - HTTP Request: POST https://anast.ita.chalmers.se:4100/v1/chat/completions "HTTP/1.1 200 OK"
2026-05-20 19:57:51,785 - INFO - HTTP Request: POST https://anast.ita.chalmers.se:4100/v1/chat/completions "HTTP/1.1 200 OK"
2026-05-20 19:58:04,360 - INFO - HTTP Request: POST https://anast.ita.chalmers.se:4100/v1/chat/completions "HTTP/1.1 200 OK"
2026-05-20 19:58:07,264 - INFO - HTTP Request: POST https://anast.ita.chalmers.se:4100/v1/chat/completions "HTTP/1.1 200 OK"
2026-05-20 19:58:34,797 - INFO - HTTP Request: POST https://anast.ita.chalmers.se:4100/v1/chat/completions "HTTP/1.1 200 OK"
2026-05-20 19:58:52,176 - INFO - Loading model: microsoft/codebert-base-mlm
/data/users/eliassam/miniforge3/lib/python3.12/site-packages/transformers/tokenization_utils_base.py:1601: FutureWarning: `clean_up_tokenization_spaces` was not set. It will be set to `True` by default. This behavior will be depracted in transformers v4.45, and will be then set to `False` by default. For more details check this issue: https://github.com/huggingface/transformers/issues/31884
  warnings.warn(
Some weights of the model checkpoint at microsoft/codebert-base-mlm were not used when initializing RobertaForMaskedLM: ['roberta.pooler.dense.bias', 'roberta.pooler.dense.weight']
- This IS expected if you are initializing RobertaForMaskedLM from the checkpoint of a model trained on another task or with another architecture (e.g. initializing a BertForSequenceClassification model from a BertForPreTraining model).
- This IS NOT expected if you are initializing RobertaForMaskedLM from the checkpoint of a model that you expect to be exactly identical (initializing a BertForSequenceClassification model from a BertForSequenceClassification model).
2026-05-20 19:58:54,582 - INFO - Processed __main__.dot: Score=0.6247 (1 paths)
2026-05-20 19:58:54,652 - INFO - Processed test_case_0.dot: Score=0.5517 (1 paths)
2026-05-20 19:58:54,871 - INFO - Processed test_case_1.dot: Score=0.2750 (3 paths)
2026-05-20 19:58:54,964 - INFO - Processed test_case_2.dot: Score=0.2332 (1 paths)
2026-05-20 19:58:55,041 - INFO - Processed test_case_3.dot: Score=0.3506 (1 paths)
2026-05-20 19:58:55,111 - INFO - Processed test_case_4.dot: Score=0.4858 (1 paths)
2026-05-20 19:58:55,874 - INFO - Processed test_case_5.dot: Score=0.1792 (7 paths)
2026-05-20 19:58:55,997 - INFO - Processed test_case_6.dot: Score=0.1989 (1 paths)
2026-05-20 19:58:56,087 - INFO - Processed test_case_7.dot: Score=0.2615 (1 paths)
2026-05-20 19:58:58,019 - INFO - Processed test_case_8.dot: Score=0.1112 (15 paths)
2026-05-20 19:58:58,356 - INFO - Processed test_case_9.dot: Score=0.1418 (3 paths)
2026-05-20 19:58:58,452 - INFO - Processed test_case_10.dot: Score=0.2798 (1 paths)
2026-05-20 19:58:58,589 - INFO - Processed __main__.dot: Score=0.5482 (1 paths)
2026-05-20 19:58:58,670 - INFO - Processed test_to_namedtuple_with_float_input.dot: Score=0.3473 (1 paths)
2026-05-20 19:58:58,922 - INFO - Processed test_to_namedtuple_with_nested_tuple_containing_set.dot: Score=0.2895 (3 paths)
2026-05-20 19:58:59,031 - INFO - Processed test_to_namedtuple_with_duplicate_keys_and_namedtuple_input.dot: Score=0.3425 (1 paths)
2026-05-20 19:58:59,120 - INFO - Processed test_to_namedtuple_with_bytes_input.dot: Score=0.2592 (1 paths)
2026-05-20 19:58:59,200 - INFO - Processed test_to_namedtuple_with_empty_tuple.dot: Score=0.4766 (1 paths)
2026-05-20 19:59:00,116 - INFO - Processed test_to_namedtuple_with_empty_ordered_dict_and_mixed_tuple.dot: Score=0.2049 (7 paths)
2026-05-20 19:59:00,246 - INFO - Processed test_to_namedtuple_with_ordered_dict_containing_special_key.dot: Score=0.2128 (1 paths)
2026-05-20 19:59:00,350 - INFO - Processed test_to_namedtuple_with_nested_empty_list_and_none.dot: Score=0.2763 (1 paths)
2026-05-20 19:59:03,879 - INFO - Processed test_to_namedtuple_with_various_input_types.dot: Score=0.1968 (15 paths)
2026-05-20 19:59:04,289 - INFO - Processed test_to_namedtuple_with_nested_structures_and_repeated_conversions.dot: Score=0.1272 (3 paths)
2026-05-20 19:59:04,470 - INFO - Processed test_to_namedtuple_with_bytes_keyed_dict.dot: Score=0.2993 (1 paths)
<unknown>:24: SyntaxWarning: invalid escape sequence '\['
<unknown>:25: SyntaxWarning: invalid escape sequence '\['
<unknown>:26: SyntaxWarning: invalid escape sequence '\('
<unknown>:27: SyntaxWarning: invalid escape sequence '\('
<unknown>:28: SyntaxWarning: invalid escape sequence '\e'
2026-05-20 19:59:18,990 - INFO - HTTP Request: POST https://anast.ita.chalmers.se:4100/v1/chat/completions "HTTP/1.1 200 OK"
2026-05-20 19:59:30,649 - INFO - HTTP Request: POST https://anast.ita.chalmers.se:4100/v1/chat/completions "HTTP/1.1 200 OK"
2026-05-20 19:59:32,380 - INFO - HTTP Request: POST https://anast.ita.chalmers.se:4100/v1/chat/completions "HTTP/1.1 200 OK"
2026-05-20 19:59:45,047 - INFO - HTTP Request: POST https://anast.ita.chalmers.se:4100/v1/chat/completions "HTTP/1.1 200 OK"
2026-05-20 19:59:48,770 - INFO - HTTP Request: POST https://anast.ita.chalmers.se:4100/v1/chat/completions "HTTP/1.1 200 OK"
2026-05-20 20:00:02,020 - INFO - HTTP Request: POST https://anast.ita.chalmers.se:4100/v1/chat/completions "HTTP/1.1 200 OK"
2026-05-20 20:00:05,020 - INFO - HTTP Request: POST https://anast.ita.chalmers.se:4100/v1/chat/completions "HTTP/1.1 200 OK"
2026-05-20 20:00:16,325 - INFO - HTTP Request: POST https://anast.ita.chalmers.se:4100/v1/chat/completions "HTTP/1.1 200 OK"
2026-05-20 20:00:18,450 - INFO - HTTP Request: POST https://anast.ita.chalmers.se:4100/v1/chat/completions "HTTP/1.1 200 OK"
2026-05-20 20:00:29,307 - INFO - HTTP Request: POST https://anast.ita.chalmers.se:4100/v1/chat/completions "HTTP/1.1 200 OK"
2026-05-20 20:00:31,197 - INFO - HTTP Request: POST https://anast.ita.chalmers.se:4100/v1/chat/completions "HTTP/1.1 200 OK"
2026-05-20 20:00:49,333 - INFO - HTTP Request: POST https://anast.ita.chalmers.se:4100/v1/chat/completions "HTTP/1.1 200 OK"
2026-05-20 20:00:55,248 - INFO - HTTP Request: POST https://anast.ita.chalmers.se:4100/v1/chat/completions "HTTP/1.1 200 OK"
2026-05-20 20:01:11,936 - INFO - HTTP Request: POST https://anast.ita.chalmers.se:4100/v1/chat/completions "HTTP/1.1 200 OK"
2026-05-20 20:01:15,553 - INFO - HTTP Request: POST https://anast.ita.chalmers.se:4100/v1/chat/completions "HTTP/1.1 200 OK"
2026-05-20 20:01:27,565 - INFO - HTTP Request: POST https://anast.ita.chalmers.se:4100/v1/chat/completions "HTTP/1.1 200 OK"
2026-05-20 20:01:30,258 - INFO - HTTP Request: POST https://anast.ita.chalmers.se:4100/v1/chat/completions "HTTP/1.1 200 OK"
2026-05-20 20:01:53,229 - INFO - HTTP Request: POST https://anast.ita.chalmers.se:4100/v1/chat/completions "HTTP/1.1 200 OK"
2026-05-20 20:02:03,148 - INFO - HTTP Request: POST https://anast.ita.chalmers.se:4100/v1/chat/completions "HTTP/1.1 200 OK"
2026-05-20 20:02:18,973 - INFO - HTTP Request: POST https://anast.ita.chalmers.se:4100/v1/chat/completions "HTTP/1.1 200 OK"
2026-05-20 20:02:24,157 - INFO - HTTP Request: POST https://anast.ita.chalmers.se:4100/v1/chat/completions "HTTP/1.1 200 OK"
2026-05-20 20:02:37,010 - INFO - HTTP Request: POST https://anast.ita.chalmers.se:4100/v1/chat/completions "HTTP/1.1 200 OK"
2026-05-20 20:02:39,456 - INFO - HTTP Request: POST https://anast.ita.chalmers.se:4100/v1/chat/completions "HTTP/1.1 200 OK"
2026-05-20 20:03:07,222 - INFO - HTTP Request: POST https://anast.ita.chalmers.se:4100/v1/chat/completions "HTTP/1.1 200 OK"
2026-05-20 20:03:23,179 - INFO - Loading model: microsoft/codebert-base-mlm
/data/users/eliassam/miniforge3/lib/python3.12/site-packages/transformers/tokenization_utils_base.py:1601: FutureWarning: `clean_up_tokenization_spaces` was not set. It will be set to `True` by default. This behavior will be depracted in transformers v4.45, and will be then set to `False` by default. For more details check this issue: https://github.com/huggingface/transformers/issues/31884
  warnings.warn(
Some weights of the model checkpoint at microsoft/codebert-base-mlm were not used when initializing RobertaForMaskedLM: ['roberta.pooler.dense.bias', 'roberta.pooler.dense.weight']
- This IS expected if you are initializing RobertaForMaskedLM from the checkpoint of a model trained on another task or with another architecture (e.g. initializing a BertForSequenceClassification model from a BertForPreTraining model).
- This IS NOT expected if you are initializing RobertaForMaskedLM from the checkpoint of a model that you expect to be exactly identical (initializing a BertForSequenceClassification model from a BertForSequenceClassification model).
2026-05-20 20:03:25,550 - INFO - Processed __main__.dot: Score=0.6247 (1 paths)
2026-05-20 20:03:26,596 - INFO - Processed test_case_0.dot: Score=0.5517 (1 paths)
2026-05-20 20:03:32,164 - INFO - Processed test_case_1.dot: Score=0.2750 (3 paths)
2026-05-20 20:03:32,253 - INFO - Processed test_case_2.dot: Score=0.2332 (1 paths)
2026-05-20 20:03:32,532 - INFO - Processed test_case_3.dot: Score=0.3506 (1 paths)
2026-05-20 20:03:32,655 - INFO - Processed test_case_4.dot: Score=0.4858 (1 paths)
2026-05-20 20:03:33,549 - INFO - Processed test_case_5.dot: Score=0.1792 (7 paths)
2026-05-20 20:03:33,661 - INFO - Processed test_case_6.dot: Score=0.1989 (1 paths)
2026-05-20 20:03:33,741 - INFO - Processed test_case_7.dot: Score=0.2615 (1 paths)
2026-05-20 20:03:35,580 - INFO - Processed test_case_8.dot: Score=0.1112 (15 paths)
2026-05-20 20:03:35,897 - INFO - Processed test_case_9.dot: Score=0.1418 (3 paths)
2026-05-20 20:03:35,980 - INFO - Processed test_case_10.dot: Score=0.2798 (1 paths)
2026-05-20 20:03:36,082 - INFO - Processed __main__.dot: Score=0.5482 (1 paths)
2026-05-20 20:03:36,150 - INFO - Processed test_to_namedtuple_with_float_input.dot: Score=0.3473 (1 paths)
2026-05-20 20:03:36,385 - INFO - Processed test_to_namedtuple_with_nested_tuple_containing_set.dot: Score=0.2804 (3 paths)
2026-05-20 20:03:36,485 - INFO - Processed test_to_namedtuple_with_duplicate_keys_and_namedtuple_input.dot: Score=0.3298 (1 paths)
2026-05-20 20:03:36,567 - INFO - Processed test_to_namedtuple_raises_on_bytes_input.dot: Score=0.2385 (1 paths)
2026-05-20 20:03:36,639 - INFO - Processed test_to_namedtuple_with_empty_tuple.dot: Score=0.4754 (1 paths)
2026-05-20 20:03:37,545 - INFO - Processed test_to_namedtuple_with_empty_ordered_dict_and_mixed_tuple.dot: Score=0.2467 (7 paths)
2026-05-20 20:03:37,661 - INFO - Processed test_to_namedtuple_with_ordered_dict_special_char_key.dot: Score=0.2759 (1 paths)
2026-05-20 20:03:37,757 - INFO - Processed test_to_namedtuple_with_nested_empty_list_and_none.dot: Score=0.2163 (1 paths)
2026-05-20 20:03:40,109 - INFO - Processed test_to_namedtuple_with_mixed_input_types.dot: Score=0.2762 (15 paths)
2026-05-20 20:03:40,498 - INFO - Processed test_to_namedtuple_with_nested_structures_and_repeated_conversion.dot: Score=0.1390 (3 paths)
2026-05-20 20:03:40,604 - INFO - Processed test_to_namedtuple_with_duplicate_bytes_keys.dot: Score=0.1824 (1 paths)
<unknown>:24: SyntaxWarning: invalid escape sequence '\['
<unknown>:25: SyntaxWarning: invalid escape sequence '\['
<unknown>:26: SyntaxWarning: invalid escape sequence '\('
<unknown>:27: SyntaxWarning: invalid escape sequence '\('
<unknown>:28: SyntaxWarning: invalid escape sequence '\e'
2026-05-20 20:03:52,042 - INFO - HTTP Request: POST https://anast.ita.chalmers.se:4100/v1/chat/completions "HTTP/1.1 200 OK"
2026-05-20 20:04:05,274 - INFO - HTTP Request: POST https://anast.ita.chalmers.se:4100/v1/chat/completions "HTTP/1.1 200 OK"
2026-05-20 20:04:07,342 - INFO - HTTP Request: POST https://anast.ita.chalmers.se:4100/v1/chat/completions "HTTP/1.1 200 OK"
2026-05-20 20:04:20,347 - INFO - HTTP Request: POST https://anast.ita.chalmers.se:4100/v1/chat/completions "HTTP/1.1 200 OK"
2026-05-20 20:04:23,371 - INFO - HTTP Request: POST https://anast.ita.chalmers.se:4100/v1/chat/completions "HTTP/1.1 200 OK"
2026-05-20 20:04:36,460 - INFO - HTTP Request: POST https://anast.ita.chalmers.se:4100/v1/chat/completions "HTTP/1.1 200 OK"
2026-05-20 20:04:40,244 - INFO - HTTP Request: POST https://anast.ita.chalmers.se:4100/v1/chat/completions "HTTP/1.1 200 OK"
2026-05-20 20:04:50,905 - INFO - HTTP Request: POST https://anast.ita.chalmers.se:4100/v1/chat/completions "HTTP/1.1 200 OK"
2026-05-20 20:04:55,994 - INFO - HTTP Request: POST https://anast.ita.chalmers.se:4100/v1/chat/completions "HTTP/1.1 200 OK"
2026-05-20 20:05:06,950 - INFO - HTTP Request: POST https://anast.ita.chalmers.se:4100/v1/chat/completions "HTTP/1.1 200 OK"
2026-05-20 20:05:08,988 - INFO - HTTP Request: POST https://anast.ita.chalmers.se:4100/v1/chat/completions "HTTP/1.1 200 OK"
2026-05-20 20:05:25,725 - INFO - HTTP Request: POST https://anast.ita.chalmers.se:4100/v1/chat/completions "HTTP/1.1 200 OK"
2026-05-20 20:05:31,218 - INFO - HTTP Request: POST https://anast.ita.chalmers.se:4100/v1/chat/completions "HTTP/1.1 200 OK"
2026-05-20 20:05:48,267 - INFO - HTTP Request: POST https://anast.ita.chalmers.se:4100/v1/chat/completions "HTTP/1.1 200 OK"
2026-05-20 20:05:51,751 - INFO - HTTP Request: POST https://anast.ita.chalmers.se:4100/v1/chat/completions "HTTP/1.1 200 OK"
2026-05-20 20:06:03,817 - INFO - HTTP Request: POST https://anast.ita.chalmers.se:4100/v1/chat/completions "HTTP/1.1 200 OK"
2026-05-20 20:06:06,311 - INFO - HTTP Request: POST https://anast.ita.chalmers.se:4100/v1/chat/completions "HTTP/1.1 200 OK"
2026-05-20 20:06:29,034 - INFO - HTTP Request: POST https://anast.ita.chalmers.se:4100/v1/chat/completions "HTTP/1.1 200 OK"
2026-05-20 20:06:43,755 - INFO - HTTP Request: POST https://anast.ita.chalmers.se:4100/v1/chat/completions "HTTP/1.1 200 OK"
2026-05-20 20:06:58,912 - INFO - HTTP Request: POST https://anast.ita.chalmers.se:4100/v1/chat/completions "HTTP/1.1 200 OK"
2026-05-20 20:07:02,662 - INFO - HTTP Request: POST https://anast.ita.chalmers.se:4100/v1/chat/completions "HTTP/1.1 200 OK"
2026-05-20 20:07:15,569 - INFO - HTTP Request: POST https://anast.ita.chalmers.se:4100/v1/chat/completions "HTTP/1.1 200 OK"
2026-05-20 20:07:18,571 - INFO - HTTP Request: POST https://anast.ita.chalmers.se:4100/v1/chat/completions "HTTP/1.1 200 OK"
2026-05-20 20:07:45,486 - INFO - HTTP Request: POST https://anast.ita.chalmers.se:4100/v1/chat/completions "HTTP/1.1 200 OK"
2026-05-20 20:08:11,210 - INFO - Loading model: microsoft/codebert-base-mlm
/data/users/eliassam/miniforge3/lib/python3.12/site-packages/transformers/tokenization_utils_base.py:1601: FutureWarning: `clean_up_tokenization_spaces` was not set. It will be set to `True` by default. This behavior will be depracted in transformers v4.45, and will be then set to `False` by default. For more details check this issue: https://github.com/huggingface/transformers/issues/31884
  warnings.warn(
Some weights of the model checkpoint at microsoft/codebert-base-mlm were not used when initializing RobertaForMaskedLM: ['roberta.pooler.dense.bias', 'roberta.pooler.dense.weight']
- This IS expected if you are initializing RobertaForMaskedLM from the checkpoint of a model trained on another task or with another architecture (e.g. initializing a BertForSequenceClassification model from a BertForPreTraining model).
- This IS NOT expected if you are initializing RobertaForMaskedLM from the checkpoint of a model that you expect to be exactly identical (initializing a BertForSequenceClassification model from a BertForSequenceClassification model).
2026-05-20 20:08:13,474 - INFO - Processed __main__.dot: Score=0.6247 (1 paths)
2026-05-20 20:08:14,481 - INFO - Processed test_case_0.dot: Score=0.5517 (1 paths)
2026-05-20 20:08:14,998 - INFO - Processed test_case_1.dot: Score=0.2750 (3 paths)
2026-05-20 20:08:15,092 - INFO - Processed test_case_2.dot: Score=0.2332 (1 paths)
2026-05-20 20:08:15,168 - INFO - Processed test_case_3.dot: Score=0.3506 (1 paths)
2026-05-20 20:08:15,238 - INFO - Processed test_case_4.dot: Score=0.4858 (1 paths)
2026-05-20 20:08:16,003 - INFO - Processed test_case_5.dot: Score=0.1792 (7 paths)
2026-05-20 20:08:16,127 - INFO - Processed test_case_6.dot: Score=0.1989 (1 paths)
2026-05-20 20:08:16,215 - INFO - Processed test_case_7.dot: Score=0.2615 (1 paths)
2026-05-20 20:08:23,001 - INFO - Processed test_case_8.dot: Score=0.1112 (15 paths)
2026-05-20 20:08:23,330 - INFO - Processed test_case_9.dot: Score=0.1418 (3 paths)
2026-05-20 20:08:23,415 - INFO - Processed test_case_10.dot: Score=0.2798 (1 paths)
2026-05-20 20:08:23,535 - INFO - Processed __main__.dot: Score=0.5482 (1 paths)
2026-05-20 20:08:23,608 - INFO - Processed test_to_namedtuple_with_float_input.dot: Score=0.3473 (1 paths)
2026-05-20 20:08:23,843 - INFO - Processed test_to_namedtuple_with_nested_tuple_containing_set.dot: Score=0.2608 (3 paths)
2026-05-20 20:08:23,945 - INFO - Processed test_to_namedtuple_with_duplicate_keys_dict_and_namedtuple_input.dot: Score=0.3995 (1 paths)
2026-05-20 20:08:24,026 - INFO - Processed test_to_namedtuple_raises_on_bytes_input.dot: Score=0.2489 (1 paths)
2026-05-20 20:08:24,095 - INFO - Processed test_to_namedtuple_with_empty_tuple.dot: Score=0.4766 (1 paths)
2026-05-20 20:08:25,005 - INFO - Processed test_to_namedtuple_with_empty_ordered_dict_and_mixed_tuple.dot: Score=0.1771 (7 paths)
2026-05-20 20:08:25,124 - INFO - Processed test_to_namedtuple_with_special_character_key_ordered_dict.dot: Score=0.2391 (1 paths)
2026-05-20 20:08:25,219 - INFO - Processed test_to_namedtuple_with_nested_empty_list_and_none.dot: Score=0.2763 (1 paths)
2026-05-20 20:08:27,481 - INFO - Processed test_to_namedtuple_with_various_input_types.dot: Score=0.2444 (15 paths)
2026-05-20 20:08:27,865 - INFO - Processed test_to_namedtuple_with_nested_structures_and_repeated_conversions.dot: Score=0.2024 (3 paths)
2026-05-20 20:08:27,969 - INFO - Processed test_to_namedtuple_with_bytes_key_dict.dot: Score=0.2093 (1 paths)
<unknown>:24: SyntaxWarning: invalid escape sequence '\['
<unknown>:25: SyntaxWarning: invalid escape sequence '\['
<unknown>:26: SyntaxWarning: invalid escape sequence '\('
<unknown>:27: SyntaxWarning: invalid escape sequence '\('
<unknown>:28: SyntaxWarning: invalid escape sequence '\e'
2026-05-20 20:08:39,552 - INFO - HTTP Request: POST https://anast.ita.chalmers.se:4100/v1/chat/completions "HTTP/1.1 200 OK"
2026-05-20 20:08:52,515 - INFO - HTTP Request: POST https://anast.ita.chalmers.se:4100/v1/chat/completions "HTTP/1.1 200 OK"
2026-05-20 20:08:54,133 - INFO - HTTP Request: POST https://anast.ita.chalmers.se:4100/v1/chat/completions "HTTP/1.1 200 OK"
2026-05-20 20:08:56,084 - INFO - Loading model: microsoft/codebert-base-mlm
/data/users/eliassam/miniforge3/lib/python3.12/site-packages/transformers/tokenization_utils_base.py:1601: FutureWarning: `clean_up_tokenization_spaces` was not set. It will be set to `True` by default. This behavior will be depracted in transformers v4.45, and will be then set to `False` by default. For more details check this issue: https://github.com/huggingface/transformers/issues/31884
  warnings.warn(
Some weights of the model checkpoint at microsoft/codebert-base-mlm were not used when initializing RobertaForMaskedLM: ['roberta.pooler.dense.bias', 'roberta.pooler.dense.weight']
- This IS expected if you are initializing RobertaForMaskedLM from the checkpoint of a model trained on another task or with another architecture (e.g. initializing a BertForSequenceClassification model from a BertForPreTraining model).
- This IS NOT expected if you are initializing RobertaForMaskedLM from the checkpoint of a model that you expect to be exactly identical (initializing a BertForSequenceClassification model from a BertForSequenceClassification model).
2026-05-20 20:08:57,773 - INFO - Processed __main__.dot: Score=0.8730 (1 paths)
2026-05-20 20:08:57,829 - INFO - Processed test_case_0.dot: Score=0.9320 (1 paths)
2026-05-20 20:08:57,904 - INFO - Processed __main__.dot: Score=0.8170 (1 paths)
2026-05-20 20:08:57,975 - INFO - Processed test_version_part_default_instantiation.dot: Score=0.7119 (1 paths)
<unknown>:24: SyntaxWarning: invalid escape sequence '\['
<unknown>:25: SyntaxWarning: invalid escape sequence '\['
<unknown>:26: SyntaxWarning: invalid escape sequence '\('
<unknown>:27: SyntaxWarning: invalid escape sequence '\('
<unknown>:28: SyntaxWarning: invalid escape sequence '\e'
2026-05-20 20:09:11,349 - INFO - HTTP Request: POST https://anast.ita.chalmers.se:4100/v1/chat/completions "HTTP/1.1 200 OK"
2026-05-20 20:09:24,187 - INFO - HTTP Request: POST https://anast.ita.chalmers.se:4100/v1/chat/completions "HTTP/1.1 200 OK"
2026-05-20 20:09:26,417 - INFO - HTTP Request: POST https://anast.ita.chalmers.se:4100/v1/chat/completions "HTTP/1.1 200 OK"
2026-05-20 20:09:27,882 - INFO - Loading model: microsoft/codebert-base-mlm
/data/users/eliassam/miniforge3/lib/python3.12/site-packages/transformers/tokenization_utils_base.py:1601: FutureWarning: `clean_up_tokenization_spaces` was not set. It will be set to `True` by default. This behavior will be depracted in transformers v4.45, and will be then set to `False` by default. For more details check this issue: https://github.com/huggingface/transformers/issues/31884
  warnings.warn(
Some weights of the model checkpoint at microsoft/codebert-base-mlm were not used when initializing RobertaForMaskedLM: ['roberta.pooler.dense.bias', 'roberta.pooler.dense.weight']
- This IS expected if you are initializing RobertaForMaskedLM from the checkpoint of a model trained on another task or with another architecture (e.g. initializing a BertForSequenceClassification model from a BertForPreTraining model).
- This IS NOT expected if you are initializing RobertaForMaskedLM from the checkpoint of a model that you expect to be exactly identical (initializing a BertForSequenceClassification model from a BertForSequenceClassification model).
2026-05-20 20:09:30,166 - INFO - Processed __main__.dot: Score=0.8730 (1 paths)
2026-05-20 20:09:31,174 - INFO - Processed test_case_0.dot: Score=0.9320 (1 paths)
2026-05-20 20:09:32,188 - INFO - Processed __main__.dot: Score=0.8170 (1 paths)
2026-05-20 20:09:32,272 - INFO - Processed test_version_part_default_instantiation.dot: Score=0.7119 (1 paths)
<unknown>:24: SyntaxWarning: invalid escape sequence '\['
<unknown>:25: SyntaxWarning: invalid escape sequence '\['
<unknown>:26: SyntaxWarning: invalid escape sequence '\('
<unknown>:27: SyntaxWarning: invalid escape sequence '\('
<unknown>:28: SyntaxWarning: invalid escape sequence '\e'
2026-05-20 20:09:51,077 - INFO - HTTP Request: POST https://anast.ita.chalmers.se:4100/v1/chat/completions "HTTP/1.1 200 OK"
2026-05-20 20:10:05,556 - INFO - HTTP Request: POST https://anast.ita.chalmers.se:4100/v1/chat/completions "HTTP/1.1 200 OK"
2026-05-20 20:10:07,087 - INFO - HTTP Request: POST https://anast.ita.chalmers.se:4100/v1/chat/completions "HTTP/1.1 200 OK"
2026-05-20 20:10:09,538 - INFO - Loading model: microsoft/codebert-base-mlm
/data/users/eliassam/miniforge3/lib/python3.12/site-packages/transformers/tokenization_utils_base.py:1601: FutureWarning: `clean_up_tokenization_spaces` was not set. It will be set to `True` by default. This behavior will be depracted in transformers v4.45, and will be then set to `False` by default. For more details check this issue: https://github.com/huggingface/transformers/issues/31884
  warnings.warn(
Some weights of the model checkpoint at microsoft/codebert-base-mlm were not used when initializing RobertaForMaskedLM: ['roberta.pooler.dense.bias', 'roberta.pooler.dense.weight']
- This IS expected if you are initializing RobertaForMaskedLM from the checkpoint of a model trained on another task or with another architecture (e.g. initializing a BertForSequenceClassification model from a BertForPreTraining model).
- This IS NOT expected if you are initializing RobertaForMaskedLM from the checkpoint of a model that you expect to be exactly identical (initializing a BertForSequenceClassification model from a BertForSequenceClassification model).
2026-05-20 20:10:11,907 - INFO - Processed __main__.dot: Score=0.8730 (1 paths)
2026-05-20 20:10:12,374 - INFO - Processed test_case_0.dot: Score=0.9320 (1 paths)
2026-05-20 20:10:12,461 - INFO - Processed __main__.dot: Score=0.8170 (1 paths)
2026-05-20 20:10:12,543 - INFO - Processed test_version_part_default_instantiation.dot: Score=0.7636 (1 paths)
<unknown>:24: SyntaxWarning: invalid escape sequence '\['
<unknown>:25: SyntaxWarning: invalid escape sequence '\['
<unknown>:26: SyntaxWarning: invalid escape sequence '\('
<unknown>:27: SyntaxWarning: invalid escape sequence '\('
<unknown>:28: SyntaxWarning: invalid escape sequence '\e'
2026-05-20 20:10:28,044 - INFO - HTTP Request: POST https://anast.ita.chalmers.se:4100/v1/chat/completions "HTTP/1.1 200 OK"
2026-05-20 20:10:47,271 - INFO - HTTP Request: POST https://anast.ita.chalmers.se:4100/v1/chat/completions "HTTP/1.1 200 OK"
2026-05-20 20:10:48,941 - INFO - HTTP Request: POST https://anast.ita.chalmers.se:4100/v1/chat/completions "HTTP/1.1 200 OK"
2026-05-20 20:10:57,556 - INFO - HTTP Request: POST https://anast.ita.chalmers.se:4100/v1/chat/completions "HTTP/1.1 200 OK"
2026-05-20 20:10:59,350 - INFO - Loading model: microsoft/codebert-base-mlm
/data/users/eliassam/miniforge3/lib/python3.12/site-packages/transformers/tokenization_utils_base.py:1601: FutureWarning: `clean_up_tokenization_spaces` was not set. It will be set to `True` by default. This behavior will be depracted in transformers v4.45, and will be then set to `False` by default. For more details check this issue: https://github.com/huggingface/transformers/issues/31884
  warnings.warn(
Some weights of the model checkpoint at microsoft/codebert-base-mlm were not used when initializing RobertaForMaskedLM: ['roberta.pooler.dense.bias', 'roberta.pooler.dense.weight']
- This IS expected if you are initializing RobertaForMaskedLM from the checkpoint of a model trained on another task or with another architecture (e.g. initializing a BertForSequenceClassification model from a BertForPreTraining model).
- This IS NOT expected if you are initializing RobertaForMaskedLM from the checkpoint of a model that you expect to be exactly identical (initializing a BertForSequenceClassification model from a BertForSequenceClassification model).
2026-05-20 20:11:01,463 - INFO - Processed __main__.dot: Score=0.8569 (1 paths)
2026-05-20 20:11:02,299 - INFO - Processed test_case_0.dot: Score=0.4330 (1 paths)
2026-05-20 20:11:02,390 - INFO - Processed __main__.dot: Score=0.6696 (1 paths)
2026-05-20 20:11:02,495 - INFO - Processed test_build_setup_cfg_command_class_with_none_input.dot: Score=0.4149 (1 paths)
<unknown>:24: SyntaxWarning: invalid escape sequence '\['
<unknown>:25: SyntaxWarning: invalid escape sequence '\['
<unknown>:26: SyntaxWarning: invalid escape sequence '\('
<unknown>:27: SyntaxWarning: invalid escape sequence '\('
<unknown>:28: SyntaxWarning: invalid escape sequence '\e'
2026-05-20 20:11:19,330 - INFO - HTTP Request: POST https://anast.ita.chalmers.se:4100/v1/chat/completions "HTTP/1.1 200 OK"
2026-05-20 20:11:34,167 - INFO - HTTP Request: POST https://anast.ita.chalmers.se:4100/v1/chat/completions "HTTP/1.1 200 OK"
2026-05-20 20:11:36,237 - INFO - HTTP Request: POST https://anast.ita.chalmers.se:4100/v1/chat/completions "HTTP/1.1 200 OK"
2026-05-20 20:11:43,459 - INFO - HTTP Request: POST https://anast.ita.chalmers.se:4100/v1/chat/completions "HTTP/1.1 200 OK"
2026-05-20 20:11:45,293 - INFO - Loading model: microsoft/codebert-base-mlm
/data/users/eliassam/miniforge3/lib/python3.12/site-packages/transformers/tokenization_utils_base.py:1601: FutureWarning: `clean_up_tokenization_spaces` was not set. It will be set to `True` by default. This behavior will be depracted in transformers v4.45, and will be then set to `False` by default. For more details check this issue: https://github.com/huggingface/transformers/issues/31884
  warnings.warn(
Some weights of the model checkpoint at microsoft/codebert-base-mlm were not used when initializing RobertaForMaskedLM: ['roberta.pooler.dense.bias', 'roberta.pooler.dense.weight']
- This IS expected if you are initializing RobertaForMaskedLM from the checkpoint of a model trained on another task or with another architecture (e.g. initializing a BertForSequenceClassification model from a BertForPreTraining model).
- This IS NOT expected if you are initializing RobertaForMaskedLM from the checkpoint of a model that you expect to be exactly identical (initializing a BertForSequenceClassification model from a BertForSequenceClassification model).
2026-05-20 20:11:47,492 - INFO - Processed __main__.dot: Score=0.8569 (1 paths)
2026-05-20 20:11:47,580 - INFO - Processed test_case_0.dot: Score=0.4330 (1 paths)
2026-05-20 20:11:47,673 - INFO - Processed __main__.dot: Score=0.6696 (1 paths)
2026-05-20 20:11:47,779 - INFO - Processed test_build_setup_cfg_command_class_with_none_input.dot: Score=0.3296 (1 paths)
<unknown>:24: SyntaxWarning: invalid escape sequence '\['
<unknown>:25: SyntaxWarning: invalid escape sequence '\['
<unknown>:26: SyntaxWarning: invalid escape sequence '\('
<unknown>:27: SyntaxWarning: invalid escape sequence '\('
<unknown>:28: SyntaxWarning: invalid escape sequence '\e'
2026-05-20 20:12:03,304 - INFO - HTTP Request: POST https://anast.ita.chalmers.se:4100/v1/chat/completions "HTTP/1.1 200 OK"
2026-05-20 20:12:17,326 - INFO - HTTP Request: POST https://anast.ita.chalmers.se:4100/v1/chat/completions "HTTP/1.1 200 OK"
2026-05-20 20:12:19,461 - INFO - HTTP Request: POST https://anast.ita.chalmers.se:4100/v1/chat/completions "HTTP/1.1 200 OK"
2026-05-20 20:12:24,373 - INFO - HTTP Request: POST https://anast.ita.chalmers.se:4100/v1/chat/completions "HTTP/1.1 200 OK"
2026-05-20 20:12:25,664 - INFO - Loading model: microsoft/codebert-base-mlm
/data/users/eliassam/miniforge3/lib/python3.12/site-packages/transformers/tokenization_utils_base.py:1601: FutureWarning: `clean_up_tokenization_spaces` was not set. It will be set to `True` by default. This behavior will be depracted in transformers v4.45, and will be then set to `False` by default. For more details check this issue: https://github.com/huggingface/transformers/issues/31884
  warnings.warn(
Some weights of the model checkpoint at microsoft/codebert-base-mlm were not used when initializing RobertaForMaskedLM: ['roberta.pooler.dense.bias', 'roberta.pooler.dense.weight']
- This IS expected if you are initializing RobertaForMaskedLM from the checkpoint of a model trained on another task or with another architecture (e.g. initializing a BertForSequenceClassification model from a BertForPreTraining model).
- This IS NOT expected if you are initializing RobertaForMaskedLM from the checkpoint of a model that you expect to be exactly identical (initializing a BertForSequenceClassification model from a BertForSequenceClassification model).
2026-05-20 20:12:28,183 - INFO - Processed __main__.dot: Score=0.8569 (1 paths)
2026-05-20 20:12:30,001 - INFO - Processed test_case_0.dot: Score=0.4330 (1 paths)
2026-05-20 20:12:31,090 - INFO - Processed __main__.dot: Score=0.7343 (1 paths)
2026-05-20 20:12:31,936 - INFO - Processed test_build_setup_cfg_command_class_with_none_argument.dot: Score=0.4343 (1 paths)
<unknown>:24: SyntaxWarning: invalid escape sequence '\['
<unknown>:25: SyntaxWarning: invalid escape sequence '\['
<unknown>:26: SyntaxWarning: invalid escape sequence '\('
<unknown>:27: SyntaxWarning: invalid escape sequence '\('
<unknown>:28: SyntaxWarning: invalid escape sequence '\e'
2026-05-20 20:12:46,276 - INFO - HTTP Request: POST https://anast.ita.chalmers.se:4100/v1/chat/completions "HTTP/1.1 200 OK"
2026-05-20 20:12:58,700 - INFO - HTTP Request: POST https://anast.ita.chalmers.se:4100/v1/chat/completions "HTTP/1.1 200 OK"
2026-05-20 20:13:00,547 - INFO - HTTP Request: POST https://anast.ita.chalmers.se:4100/v1/chat/completions "HTTP/1.1 200 OK"
2026-05-20 20:13:03,370 - INFO - Loading model: microsoft/codebert-base-mlm
/data/users/eliassam/miniforge3/lib/python3.12/site-packages/transformers/tokenization_utils_base.py:1601: FutureWarning: `clean_up_tokenization_spaces` was not set. It will be set to `True` by default. This behavior will be depracted in transformers v4.45, and will be then set to `False` by default. For more details check this issue: https://github.com/huggingface/transformers/issues/31884
  warnings.warn(
Some weights of the model checkpoint at microsoft/codebert-base-mlm were not used when initializing RobertaForMaskedLM: ['roberta.pooler.dense.bias', 'roberta.pooler.dense.weight']
- This IS expected if you are initializing RobertaForMaskedLM from the checkpoint of a model trained on another task or with another architecture (e.g. initializing a BertForSequenceClassification model from a BertForPreTraining model).
- This IS NOT expected if you are initializing RobertaForMaskedLM from the checkpoint of a model that you expect to be exactly identical (initializing a BertForSequenceClassification model from a BertForSequenceClassification model).
2026-05-20 20:13:05,695 - INFO - Processed __main__.dot: Score=0.8612 (1 paths)
2026-05-20 20:13:06,727 - INFO - Processed test_case_0.dot: Score=0.9121 (1 paths)
2026-05-20 20:13:07,203 - INFO - Processed __main__.dot: Score=0.8052 (1 paths)
2026-05-20 20:13:07,287 - INFO - Processed test_headers_formatter_instantiation.dot: Score=0.6350 (1 paths)
<unknown>:24: SyntaxWarning: invalid escape sequence '\['
<unknown>:25: SyntaxWarning: invalid escape sequence '\['
<unknown>:26: SyntaxWarning: invalid escape sequence '\('
<unknown>:27: SyntaxWarning: invalid escape sequence '\('
<unknown>:28: SyntaxWarning: invalid escape sequence '\e'
2026-05-20 20:13:21,081 - INFO - HTTP Request: POST https://anast.ita.chalmers.se:4100/v1/chat/completions "HTTP/1.1 200 OK"
2026-05-20 20:13:33,684 - INFO - HTTP Request: POST https://anast.ita.chalmers.se:4100/v1/chat/completions "HTTP/1.1 200 OK"
2026-05-20 20:13:35,291 - INFO - HTTP Request: POST https://anast.ita.chalmers.se:4100/v1/chat/completions "HTTP/1.1 200 OK"
2026-05-20 20:13:37,025 - INFO - Loading model: microsoft/codebert-base-mlm
/data/users/eliassam/miniforge3/lib/python3.12/site-packages/transformers/tokenization_utils_base.py:1601: FutureWarning: `clean_up_tokenization_spaces` was not set. It will be set to `True` by default. This behavior will be depracted in transformers v4.45, and will be then set to `False` by default. For more details check this issue: https://github.com/huggingface/transformers/issues/31884
  warnings.warn(
Some weights of the model checkpoint at microsoft/codebert-base-mlm were not used when initializing RobertaForMaskedLM: ['roberta.pooler.dense.bias', 'roberta.pooler.dense.weight']
- This IS expected if you are initializing RobertaForMaskedLM from the checkpoint of a model trained on another task or with another architecture (e.g. initializing a BertForSequenceClassification model from a BertForPreTraining model).
- This IS NOT expected if you are initializing RobertaForMaskedLM from the checkpoint of a model that you expect to be exactly identical (initializing a BertForSequenceClassification model from a BertForSequenceClassification model).
2026-05-20 20:13:39,413 - INFO - Processed __main__.dot: Score=0.8612 (1 paths)
2026-05-20 20:13:40,471 - INFO - Processed test_case_0.dot: Score=0.9121 (1 paths)
2026-05-20 20:13:41,511 - INFO - Processed __main__.dot: Score=0.8052 (1 paths)
2026-05-20 20:13:43,141 - INFO - Processed test_headers_formatter_can_be_instantiated.dot: Score=0.5703 (1 paths)
<unknown>:24: SyntaxWarning: invalid escape sequence '\['
<unknown>:25: SyntaxWarning: invalid escape sequence '\['
<unknown>:26: SyntaxWarning: invalid escape sequence '\('
<unknown>:27: SyntaxWarning: invalid escape sequence '\('
<unknown>:28: SyntaxWarning: invalid escape sequence '\e'
2026-05-20 20:13:55,695 - INFO - HTTP Request: POST https://anast.ita.chalmers.se:4100/v1/chat/completions "HTTP/1.1 200 OK"
2026-05-20 20:14:09,085 - INFO - HTTP Request: POST https://anast.ita.chalmers.se:4100/v1/chat/completions "HTTP/1.1 200 OK"
2026-05-20 20:14:10,986 - INFO - HTTP Request: POST https://anast.ita.chalmers.se:4100/v1/chat/completions "HTTP/1.1 200 OK"
2026-05-20 20:14:13,964 - INFO - Loading model: microsoft/codebert-base-mlm
/data/users/eliassam/miniforge3/lib/python3.12/site-packages/transformers/tokenization_utils_base.py:1601: FutureWarning: `clean_up_tokenization_spaces` was not set. It will be set to `True` by default. This behavior will be depracted in transformers v4.45, and will be then set to `False` by default. For more details check this issue: https://github.com/huggingface/transformers/issues/31884
  warnings.warn(
Some weights of the model checkpoint at microsoft/codebert-base-mlm were not used when initializing RobertaForMaskedLM: ['roberta.pooler.dense.bias', 'roberta.pooler.dense.weight']
- This IS expected if you are initializing RobertaForMaskedLM from the checkpoint of a model trained on another task or with another architecture (e.g. initializing a BertForSequenceClassification model from a BertForPreTraining model).
- This IS NOT expected if you are initializing RobertaForMaskedLM from the checkpoint of a model that you expect to be exactly identical (initializing a BertForSequenceClassification model from a BertForSequenceClassification model).
2026-05-20 20:14:16,505 - INFO - Processed __main__.dot: Score=0.8612 (1 paths)
2026-05-20 20:14:17,511 - INFO - Processed test_case_0.dot: Score=0.9121 (1 paths)
2026-05-20 20:14:18,605 - INFO - Processed __main__.dot: Score=0.8052 (1 paths)
2026-05-20 20:14:20,243 - INFO - Processed test_headers_formatter_instantiation.dot: Score=0.6350 (1 paths)
<unknown>:24: SyntaxWarning: invalid escape sequence '\['
<unknown>:25: SyntaxWarning: invalid escape sequence '\['
<unknown>:26: SyntaxWarning: invalid escape sequence '\('
<unknown>:27: SyntaxWarning: invalid escape sequence '\('
<unknown>:28: SyntaxWarning: invalid escape sequence '\e'
2026-05-20 20:14:34,426 - INFO - HTTP Request: POST https://anast.ita.chalmers.se:4100/v1/chat/completions "HTTP/1.1 200 OK"
2026-05-20 20:14:38,345 - INFO - HTTP Request: POST https://anast.ita.chalmers.se:4100/v1/chat/completions "HTTP/1.1 200 OK"
2026-05-20 20:14:40,139 - INFO - HTTP Request: POST https://anast.ita.chalmers.se:4100/v1/chat/completions "HTTP/1.1 200 OK"
2026-05-20 20:14:44,529 - INFO - HTTP Request: POST https://anast.ita.chalmers.se:4100/v1/chat/completions "HTTP/1.1 200 OK"
2026-05-20 20:14:47,021 - INFO - HTTP Request: POST https://anast.ita.chalmers.se:4100/v1/chat/completions "HTTP/1.1 200 OK"
2026-05-20 20:14:50,332 - INFO - HTTP Request: POST https://anast.ita.chalmers.se:4100/v1/chat/completions "HTTP/1.1 200 OK"
2026-05-20 20:14:52,055 - INFO - HTTP Request: POST https://anast.ita.chalmers.se:4100/v1/chat/completions "HTTP/1.1 200 OK"
2026-05-20 20:14:57,446 - INFO - HTTP Request: POST https://anast.ita.chalmers.se:4100/v1/chat/completions "HTTP/1.1 200 OK"
2026-05-20 20:15:00,471 - INFO - HTTP Request: POST https://anast.ita.chalmers.se:4100/v1/chat/completions "HTTP/1.1 200 OK"
2026-05-20 20:15:05,625 - INFO - HTTP Request: POST https://anast.ita.chalmers.se:4100/v1/chat/completions "HTTP/1.1 200 OK"
2026-05-20 20:15:08,083 - INFO - HTTP Request: POST https://anast.ita.chalmers.se:4100/v1/chat/completions "HTTP/1.1 200 OK"
2026-05-20 20:15:10,386 - INFO - Loading model: microsoft/codebert-base-mlm
/data/users/eliassam/miniforge3/lib/python3.12/site-packages/transformers/tokenization_utils_base.py:1601: FutureWarning: `clean_up_tokenization_spaces` was not set. It will be set to `True` by default. This behavior will be depracted in transformers v4.45, and will be then set to `False` by default. For more details check this issue: https://github.com/huggingface/transformers/issues/31884
  warnings.warn(
Some weights of the model checkpoint at microsoft/codebert-base-mlm were not used when initializing RobertaForMaskedLM: ['roberta.pooler.dense.bias', 'roberta.pooler.dense.weight']
- This IS expected if you are initializing RobertaForMaskedLM from the checkpoint of a model trained on another task or with another architecture (e.g. initializing a BertForSequenceClassification model from a BertForPreTraining model).
- This IS NOT expected if you are initializing RobertaForMaskedLM from the checkpoint of a model that you expect to be exactly identical (initializing a BertForSequenceClassification model from a BertForSequenceClassification model).
2026-05-20 20:15:12,850 - INFO - Processed __main__.dot: Score=0.7173 (1 paths)
2026-05-20 20:15:13,147 - INFO - Processed test_case_0.dot: Score=0.9371 (1 paths)
2026-05-20 20:15:13,498 - INFO - Processed test_case_1.dot: Score=0.3863 (2 paths)
2026-05-20 20:15:13,584 - INFO - Processed test_case_2.dot: Score=0.4633 (1 paths)
2026-05-20 20:15:14,461 - INFO - Processed test_case_3.dot: Score=0.2332 (1 paths)
2026-05-20 20:15:14,621 - INFO - Processed test_case_4.dot: Score=0.4287 (2 paths)
2026-05-20 20:15:14,735 - INFO - Processed __main__.dot: Score=0.6275 (1 paths)
2026-05-20 20:15:14,820 - INFO - Processed test_formatter_plugin_default_instantiation.dot: Score=0.4933 (1 paths)
2026-05-20 20:15:15,008 - INFO - Processed test_auth_plugin_get_auth_with_password_only.dot: Score=0.3947 (2 paths)
2026-05-20 20:15:15,107 - INFO - Processed test_transport_plugin_get_adapter_returns_default.dot: Score=0.3976 (1 paths)
2026-05-20 20:15:15,256 - INFO - Processed test_converter_plugin_instantiation_and_transport_plugin_default_adapter.dot: Score=0.2384 (1 paths)
2026-05-20 20:15:15,436 - INFO - Processed test_converter_plugin_convert_with_none_input.dot: Score=0.3521 (2 paths)
<unknown>:24: SyntaxWarning: invalid escape sequence '\['
<unknown>:25: SyntaxWarning: invalid escape sequence '\['
<unknown>:26: SyntaxWarning: invalid escape sequence '\('
<unknown>:27: SyntaxWarning: invalid escape sequence '\('
<unknown>:28: SyntaxWarning: invalid escape sequence '\e'
2026-05-20 20:15:33,624 - INFO - HTTP Request: POST https://anast.ita.chalmers.se:4100/v1/chat/completions "HTTP/1.1 200 OK"
2026-05-20 20:15:37,596 - INFO - HTTP Request: POST https://anast.ita.chalmers.se:4100/v1/chat/completions "HTTP/1.1 200 OK"
2026-05-20 20:15:39,011 - INFO - HTTP Request: POST https://anast.ita.chalmers.se:4100/v1/chat/completions "HTTP/1.1 200 OK"
2026-05-20 20:15:44,060 - INFO - HTTP Request: POST https://anast.ita.chalmers.se:4100/v1/chat/completions "HTTP/1.1 200 OK"
2026-05-20 20:15:46,155 - INFO - HTTP Request: POST https://anast.ita.chalmers.se:4100/v1/chat/completions "HTTP/1.1 200 OK"
2026-05-20 20:15:50,353 - INFO - HTTP Request: POST https://anast.ita.chalmers.se:4100/v1/chat/completions "HTTP/1.1 200 OK"
2026-05-20 20:15:52,377 - INFO - HTTP Request: POST https://anast.ita.chalmers.se:4100/v1/chat/completions "HTTP/1.1 200 OK"
2026-05-20 20:15:57,226 - INFO - HTTP Request: POST https://anast.ita.chalmers.se:4100/v1/chat/completions "HTTP/1.1 200 OK"
2026-05-20 20:16:00,252 - INFO - HTTP Request: POST https://anast.ita.chalmers.se:4100/v1/chat/completions "HTTP/1.1 200 OK"
2026-05-20 20:16:04,497 - INFO - HTTP Request: POST https://anast.ita.chalmers.se:4100/v1/chat/completions "HTTP/1.1 200 OK"
2026-05-20 20:16:06,564 - INFO - HTTP Request: POST https://anast.ita.chalmers.se:4100/v1/chat/completions "HTTP/1.1 200 OK"
2026-05-20 20:16:08,808 - INFO - Loading model: microsoft/codebert-base-mlm
/data/users/eliassam/miniforge3/lib/python3.12/site-packages/transformers/tokenization_utils_base.py:1601: FutureWarning: `clean_up_tokenization_spaces` was not set. It will be set to `True` by default. This behavior will be depracted in transformers v4.45, and will be then set to `False` by default. For more details check this issue: https://github.com/huggingface/transformers/issues/31884
  warnings.warn(
Some weights of the model checkpoint at microsoft/codebert-base-mlm were not used when initializing RobertaForMaskedLM: ['roberta.pooler.dense.bias', 'roberta.pooler.dense.weight']
- This IS expected if you are initializing RobertaForMaskedLM from the checkpoint of a model trained on another task or with another architecture (e.g. initializing a BertForSequenceClassification model from a BertForPreTraining model).
- This IS NOT expected if you are initializing RobertaForMaskedLM from the checkpoint of a model that you expect to be exactly identical (initializing a BertForSequenceClassification model from a BertForSequenceClassification model).
2026-05-20 20:16:11,178 - INFO - Processed __main__.dot: Score=0.7173 (1 paths)
2026-05-20 20:16:11,870 - INFO - Processed test_case_0.dot: Score=0.9371 (1 paths)
2026-05-20 20:16:12,015 - INFO - Processed test_case_1.dot: Score=0.3863 (2 paths)
2026-05-20 20:16:12,086 - INFO - Processed test_case_2.dot: Score=0.4633 (1 paths)
2026-05-20 20:16:12,191 - INFO - Processed test_case_3.dot: Score=0.2332 (1 paths)
2026-05-20 20:16:12,317 - INFO - Processed test_case_4.dot: Score=0.4287 (2 paths)
2026-05-20 20:16:12,413 - INFO - Processed __main__.dot: Score=0.6240 (1 paths)
2026-05-20 20:16:12,696 - INFO - Processed test_formatter_plugin_default_instantiation.dot: Score=0.4926 (1 paths)
2026-05-20 20:16:14,172 - INFO - Processed test_auth_plugin_get_auth_with_password_only.dot: Score=0.3943 (2 paths)
2026-05-20 20:16:14,253 - INFO - Processed test_transport_plugin_get_adapter_returns_default.dot: Score=0.3358 (1 paths)
2026-05-20 20:16:14,378 - INFO - Processed test_converter_plugin_init_with_raw_bytes_and_transport_plugin_get_adapter.dot: Score=0.2353 (1 paths)
2026-05-20 20:16:14,521 - INFO - Processed test_converter_plugin_convert_with_none_input.dot: Score=0.3508 (2 paths)
<unknown>:24: SyntaxWarning: invalid escape sequence '\['
<unknown>:25: SyntaxWarning: invalid escape sequence '\['
<unknown>:26: SyntaxWarning: invalid escape sequence '\('
<unknown>:27: SyntaxWarning: invalid escape sequence '\('
<unknown>:28: SyntaxWarning: invalid escape sequence '\e'
2026-05-20 20:16:25,440 - INFO - HTTP Request: POST https://anast.ita.chalmers.se:4100/v1/chat/completions "HTTP/1.1 200 OK"
2026-05-20 20:16:29,711 - INFO - HTTP Request: POST https://anast.ita.chalmers.se:4100/v1/chat/completions "HTTP/1.1 200 OK"
2026-05-20 20:16:35,827 - INFO - HTTP Request: POST https://anast.ita.chalmers.se:4100/v1/chat/completions "HTTP/1.1 200 OK"
2026-05-20 20:16:40,603 - INFO - HTTP Request: POST https://anast.ita.chalmers.se:4100/v1/chat/completions "HTTP/1.1 200 OK"
2026-05-20 20:16:43,719 - INFO - HTTP Request: POST https://anast.ita.chalmers.se:4100/v1/chat/completions "HTTP/1.1 200 OK"
2026-05-20 20:16:47,196 - INFO - HTTP Request: POST https://anast.ita.chalmers.se:4100/v1/chat/completions "HTTP/1.1 200 OK"
2026-05-20 20:16:50,034 - INFO - HTTP Request: POST https://anast.ita.chalmers.se:4100/v1/chat/completions "HTTP/1.1 200 OK"
2026-05-20 20:16:55,376 - INFO - HTTP Request: POST https://anast.ita.chalmers.se:4100/v1/chat/completions "HTTP/1.1 200 OK"
2026-05-20 20:17:00,005 - INFO - HTTP Request: POST https://anast.ita.chalmers.se:4100/v1/chat/completions "HTTP/1.1 200 OK"
2026-05-20 20:17:05,226 - INFO - HTTP Request: POST https://anast.ita.chalmers.se:4100/v1/chat/completions "HTTP/1.1 200 OK"
2026-05-20 20:17:07,919 - INFO - HTTP Request: POST https://anast.ita.chalmers.se:4100/v1/chat/completions "HTTP/1.1 200 OK"
2026-05-20 20:17:09,768 - INFO - Loading model: microsoft/codebert-base-mlm
/data/users/eliassam/miniforge3/lib/python3.12/site-packages/transformers/tokenization_utils_base.py:1601: FutureWarning: `clean_up_tokenization_spaces` was not set. It will be set to `True` by default. This behavior will be depracted in transformers v4.45, and will be then set to `False` by default. For more details check this issue: https://github.com/huggingface/transformers/issues/31884
  warnings.warn(
Some weights of the model checkpoint at microsoft/codebert-base-mlm were not used when initializing RobertaForMaskedLM: ['roberta.pooler.dense.bias', 'roberta.pooler.dense.weight']
- This IS expected if you are initializing RobertaForMaskedLM from the checkpoint of a model trained on another task or with another architecture (e.g. initializing a BertForSequenceClassification model from a BertForPreTraining model).
- This IS NOT expected if you are initializing RobertaForMaskedLM from the checkpoint of a model that you expect to be exactly identical (initializing a BertForSequenceClassification model from a BertForSequenceClassification model).
2026-05-20 20:17:12,064 - INFO - Processed __main__.dot: Score=0.7173 (1 paths)
2026-05-20 20:17:13,085 - INFO - Processed test_case_0.dot: Score=0.9371 (1 paths)
2026-05-20 20:17:16,742 - INFO - Processed test_case_1.dot: Score=0.3863 (2 paths)
2026-05-20 20:17:18,367 - INFO - Processed test_case_2.dot: Score=0.4633 (1 paths)
2026-05-20 20:17:19,346 - INFO - Processed test_case_3.dot: Score=0.2332 (1 paths)
2026-05-20 20:17:21,661 - INFO - Processed test_case_4.dot: Score=0.4287 (2 paths)
2026-05-20 20:17:22,647 - INFO - Processed __main__.dot: Score=0.6240 (1 paths)
2026-05-20 20:17:24,247 - INFO - Processed test_formatter_plugin_default_instantiation.dot: Score=0.4926 (1 paths)
2026-05-20 20:17:25,012 - INFO - Processed test_auth_plugin_get_auth_with_password_only.dot: Score=0.3943 (2 paths)
2026-05-20 20:17:25,080 - INFO - Processed test_transport_plugin_get_adapter_returns_default.dot: Score=0.3358 (1 paths)
2026-05-20 20:17:25,181 - INFO - Processed test_transport_plugin_get_adapter_with_converter_plugin_initialized.dot: Score=0.2195 (1 paths)
2026-05-20 20:17:25,301 - INFO - Processed test_converter_plugin_convert_with_none_input.dot: Score=0.4743 (2 paths)
<unknown>:24: SyntaxWarning: invalid escape sequence '\['
<unknown>:25: SyntaxWarning: invalid escape sequence '\['
<unknown>:26: SyntaxWarning: invalid escape sequence '\('
<unknown>:27: SyntaxWarning: invalid escape sequence '\('
<unknown>:28: SyntaxWarning: invalid escape sequence '\e'
2026-05-20 20:17:36,369 - INFO - HTTP Request: POST https://anast.ita.chalmers.se:4100/v1/chat/completions "HTTP/1.1 200 OK"
2026-05-20 20:17:48,302 - INFO - HTTP Request: POST https://anast.ita.chalmers.se:4100/v1/chat/completions "HTTP/1.1 200 OK"
2026-05-20 20:17:50,552 - INFO - HTTP Request: POST https://anast.ita.chalmers.se:4100/v1/chat/completions "HTTP/1.1 200 OK"
2026-05-20 20:18:04,520 - INFO - HTTP Request: POST https://anast.ita.chalmers.se:4100/v1/chat/completions "HTTP/1.1 200 OK"
2026-05-20 20:18:07,959 - INFO - HTTP Request: POST https://anast.ita.chalmers.se:4100/v1/chat/completions "HTTP/1.1 200 OK"
2026-05-20 20:18:21,808 - INFO - HTTP Request: POST https://anast.ita.chalmers.se:4100/v1/chat/completions "HTTP/1.1 200 OK"
2026-05-20 20:18:25,368 - INFO - HTTP Request: POST https://anast.ita.chalmers.se:4100/v1/chat/completions "HTTP/1.1 200 OK"
2026-05-20 20:18:39,428 - INFO - HTTP Request: POST https://anast.ita.chalmers.se:4100/v1/chat/completions "HTTP/1.1 200 OK"
2026-05-20 20:18:48,077 - INFO - HTTP Request: POST https://anast.ita.chalmers.se:4100/v1/chat/completions "HTTP/1.1 200 OK"
2026-05-20 20:19:04,335 - INFO - HTTP Request: POST https://anast.ita.chalmers.se:4100/v1/chat/completions "HTTP/1.1 200 OK"
2026-05-20 20:19:08,662 - INFO - HTTP Request: POST https://anast.ita.chalmers.se:4100/v1/chat/completions "HTTP/1.1 200 OK"
2026-05-20 20:19:11,101 - INFO - Loading model: microsoft/codebert-base-mlm
/data/users/eliassam/miniforge3/lib/python3.12/site-packages/transformers/tokenization_utils_base.py:1601: FutureWarning: `clean_up_tokenization_spaces` was not set. It will be set to `True` by default. This behavior will be depracted in transformers v4.45, and will be then set to `False` by default. For more details check this issue: https://github.com/huggingface/transformers/issues/31884
  warnings.warn(
Some weights of the model checkpoint at microsoft/codebert-base-mlm were not used when initializing RobertaForMaskedLM: ['roberta.pooler.dense.bias', 'roberta.pooler.dense.weight']
- This IS expected if you are initializing RobertaForMaskedLM from the checkpoint of a model trained on another task or with another architecture (e.g. initializing a BertForSequenceClassification model from a BertForPreTraining model).
- This IS NOT expected if you are initializing RobertaForMaskedLM from the checkpoint of a model that you expect to be exactly identical (initializing a BertForSequenceClassification model from a BertForSequenceClassification model).
2026-05-20 20:19:13,527 - INFO - Processed __main__.dot: Score=0.5496 (1 paths)
2026-05-20 20:19:14,131 - INFO - Processed test_case_0.dot: Score=0.6932 (1 paths)
2026-05-20 20:19:14,377 - INFO - Processed test_case_1.dot: Score=0.3087 (3 paths)
2026-05-20 20:19:15,514 - INFO - Processed test_case_2.dot: Score=0.2390 (7 paths)
2026-05-20 20:19:15,777 - INFO - Processed test_case_3.dot: Score=0.2258 (3 paths)
2026-05-20 20:19:16,478 - INFO - Processed test_case_4.dot: Score=0.2020 (4 paths)
2026-05-20 20:19:16,581 - INFO - Processed __main__.dot: Score=0.5324 (1 paths)
2026-05-20 20:19:16,650 - INFO - Processed test_base_node_transformer_instantiation_with_none.dot: Score=0.3985 (1 paths)
2026-05-20 20:19:16,909 - INFO - Processed test_visit_import_from_with_rewrite_node_as_argument.dot: Score=0.1902 (3 paths)
2026-05-20 20:19:17,591 - INFO - Processed test_base_import_rewrite_visit_import_from_with_mat_mult_alias.dot: Score=0.1886 (7 paths)
2026-05-20 20:19:18,260 - INFO - Processed test_base_import_rewrite_visit_import_from_with_dict_unpacking.dot: Score=0.2816 (5 paths)
2026-05-20 20:19:18,691 - INFO - Processed test_base_import_rewrite_visit_import_from_with_mixed_keys.dot: Score=0.1504 (4 paths)
<unknown>:24: SyntaxWarning: invalid escape sequence '\['
<unknown>:25: SyntaxWarning: invalid escape sequence '\['
<unknown>:26: SyntaxWarning: invalid escape sequence '\('
<unknown>:27: SyntaxWarning: invalid escape sequence '\('
<unknown>:28: SyntaxWarning: invalid escape sequence '\e'
2026-05-20 20:19:30,830 - INFO - HTTP Request: POST https://anast.ita.chalmers.se:4100/v1/chat/completions "HTTP/1.1 200 OK"
2026-05-20 20:19:42,893 - INFO - HTTP Request: POST https://anast.ita.chalmers.se:4100/v1/chat/completions "HTTP/1.1 200 OK"
2026-05-20 20:19:44,854 - INFO - HTTP Request: POST https://anast.ita.chalmers.se:4100/v1/chat/completions "HTTP/1.1 200 OK"
2026-05-20 20:19:57,552 - INFO - HTTP Request: POST https://anast.ita.chalmers.se:4100/v1/chat/completions "HTTP/1.1 200 OK"
2026-05-20 20:20:00,969 - INFO - HTTP Request: POST https://anast.ita.chalmers.se:4100/v1/chat/completions "HTTP/1.1 200 OK"
2026-05-20 20:20:15,275 - INFO - HTTP Request: POST https://anast.ita.chalmers.se:4100/v1/chat/completions "HTTP/1.1 200 OK"
2026-05-20 20:20:18,575 - INFO - HTTP Request: POST https://anast.ita.chalmers.se:4100/v1/chat/completions "HTTP/1.1 200 OK"
2026-05-20 20:20:34,015 - INFO - HTTP Request: POST https://anast.ita.chalmers.se:4100/v1/chat/completions "HTTP/1.1 200 OK"
2026-05-20 20:20:37,990 - INFO - HTTP Request: POST https://anast.ita.chalmers.se:4100/v1/chat/completions "HTTP/1.1 200 OK"
2026-05-20 20:20:53,223 - INFO - HTTP Request: POST https://anast.ita.chalmers.se:4100/v1/chat/completions "HTTP/1.1 200 OK"
2026-05-20 20:20:57,509 - INFO - HTTP Request: POST https://anast.ita.chalmers.se:4100/v1/chat/completions "HTTP/1.1 200 OK"
2026-05-20 20:21:11,721 - INFO - HTTP Request: POST https://anast.ita.chalmers.se:4100/v1/chat/completions "HTTP/1.1 200 OK"
2026-05-20 20:21:12,737 - INFO - Loading model: microsoft/codebert-base-mlm
/data/users/eliassam/miniforge3/lib/python3.12/site-packages/transformers/tokenization_utils_base.py:1601: FutureWarning: `clean_up_tokenization_spaces` was not set. It will be set to `True` by default. This behavior will be depracted in transformers v4.45, and will be then set to `False` by default. For more details check this issue: https://github.com/huggingface/transformers/issues/31884
  warnings.warn(
Some weights of the model checkpoint at microsoft/codebert-base-mlm were not used when initializing RobertaForMaskedLM: ['roberta.pooler.dense.bias', 'roberta.pooler.dense.weight']
- This IS expected if you are initializing RobertaForMaskedLM from the checkpoint of a model trained on another task or with another architecture (e.g. initializing a BertForSequenceClassification model from a BertForPreTraining model).
- This IS NOT expected if you are initializing RobertaForMaskedLM from the checkpoint of a model that you expect to be exactly identical (initializing a BertForSequenceClassification model from a BertForSequenceClassification model).
2026-05-20 20:21:15,024 - INFO - Processed __main__.dot: Score=0.5496 (1 paths)
2026-05-20 20:21:16,651 - INFO - Processed test_case_0.dot: Score=0.6932 (1 paths)
2026-05-20 20:21:17,124 - INFO - Processed test_case_1.dot: Score=0.3087 (3 paths)
2026-05-20 20:21:17,668 - INFO - Processed test_case_2.dot: Score=0.2390 (7 paths)
2026-05-20 20:21:17,939 - INFO - Processed test_case_3.dot: Score=0.2258 (3 paths)
2026-05-20 20:21:18,997 - INFO - Processed test_case_4.dot: Score=0.2020 (4 paths)
2026-05-20 20:21:19,105 - INFO - Processed __main__.dot: Score=0.5324 (1 paths)
2026-05-20 20:21:19,186 - INFO - Processed test_base_node_transformer_instantiation_with_none.dot: Score=0.3738 (1 paths)
2026-05-20 20:21:19,425 - INFO - Processed test_visit_import_from_with_mat_mult_nodes.dot: Score=0.2820 (3 paths)
2026-05-20 20:21:20,055 - INFO - Processed test_visit_import_from_with_none_module_and_mat_mult_alias.dot: Score=0.2265 (7 paths)
2026-05-20 20:21:20,353 - INFO - Processed test_base_import_rewrite_visit_import_from_with_dict_unpacking.dot: Score=0.2301 (3 paths)
2026-05-20 20:21:20,795 - INFO - Processed test_base_import_rewrite_visit_import_from_with_unusual_inputs.dot: Score=0.2028 (4 paths)
<unknown>:24: SyntaxWarning: invalid escape sequence '\['
<unknown>:25: SyntaxWarning: invalid escape sequence '\['
<unknown>:26: SyntaxWarning: invalid escape sequence '\('
<unknown>:27: SyntaxWarning: invalid escape sequence '\('
<unknown>:28: SyntaxWarning: invalid escape sequence '\e'
2026-05-20 20:21:36,403 - INFO - HTTP Request: POST https://anast.ita.chalmers.se:4100/v1/chat/completions "HTTP/1.1 200 OK"
2026-05-20 20:21:48,182 - INFO - HTTP Request: POST https://anast.ita.chalmers.se:4100/v1/chat/completions "HTTP/1.1 200 OK"
2026-05-20 20:21:50,292 - INFO - HTTP Request: POST https://anast.ita.chalmers.se:4100/v1/chat/completions "HTTP/1.1 200 OK"
2026-05-20 20:22:04,039 - INFO - HTTP Request: POST https://anast.ita.chalmers.se:4100/v1/chat/completions "HTTP/1.1 200 OK"
2026-05-20 20:22:07,294 - INFO - HTTP Request: POST https://anast.ita.chalmers.se:4100/v1/chat/completions "HTTP/1.1 200 OK"
2026-05-20 20:22:21,144 - INFO - HTTP Request: POST https://anast.ita.chalmers.se:4100/v1/chat/completions "HTTP/1.1 200 OK"
2026-05-20 20:22:24,182 - INFO - HTTP Request: POST https://anast.ita.chalmers.se:4100/v1/chat/completions "HTTP/1.1 200 OK"
2026-05-20 20:22:39,669 - INFO - HTTP Request: POST https://anast.ita.chalmers.se:4100/v1/chat/completions "HTTP/1.1 200 OK"
2026-05-20 20:22:48,123 - INFO - HTTP Request: POST https://anast.ita.chalmers.se:4100/v1/chat/completions "HTTP/1.1 200 OK"
2026-05-20 20:23:03,774 - INFO - HTTP Request: POST https://anast.ita.chalmers.se:4100/v1/chat/completions "HTTP/1.1 200 OK"
2026-05-20 20:23:08,245 - INFO - HTTP Request: POST https://anast.ita.chalmers.se:4100/v1/chat/completions "HTTP/1.1 200 OK"
2026-05-20 20:23:23,954 - INFO - HTTP Request: POST https://anast.ita.chalmers.se:4100/v1/chat/completions "HTTP/1.1 200 OK"
2026-05-20 20:23:24,968 - INFO - Loading model: microsoft/codebert-base-mlm
/data/users/eliassam/miniforge3/lib/python3.12/site-packages/transformers/tokenization_utils_base.py:1601: FutureWarning: `clean_up_tokenization_spaces` was not set. It will be set to `True` by default. This behavior will be depracted in transformers v4.45, and will be then set to `False` by default. For more details check this issue: https://github.com/huggingface/transformers/issues/31884
  warnings.warn(
Some weights of the model checkpoint at microsoft/codebert-base-mlm were not used when initializing RobertaForMaskedLM: ['roberta.pooler.dense.bias', 'roberta.pooler.dense.weight']
- This IS expected if you are initializing RobertaForMaskedLM from the checkpoint of a model trained on another task or with another architecture (e.g. initializing a BertForSequenceClassification model from a BertForPreTraining model).
- This IS NOT expected if you are initializing RobertaForMaskedLM from the checkpoint of a model that you expect to be exactly identical (initializing a BertForSequenceClassification model from a BertForSequenceClassification model).
2026-05-20 20:23:27,262 - INFO - Processed __main__.dot: Score=0.5496 (1 paths)
2026-05-20 20:23:29,003 - INFO - Processed test_case_0.dot: Score=0.6932 (1 paths)
2026-05-20 20:23:29,652 - INFO - Processed test_case_1.dot: Score=0.3087 (3 paths)
2026-05-20 20:23:30,213 - INFO - Processed test_case_2.dot: Score=0.2390 (7 paths)
2026-05-20 20:23:30,472 - INFO - Processed test_case_3.dot: Score=0.2258 (3 paths)
2026-05-20 20:23:30,843 - INFO - Processed test_case_4.dot: Score=0.2020 (4 paths)
2026-05-20 20:23:30,933 - INFO - Processed __main__.dot: Score=0.5324 (1 paths)
2026-05-20 20:23:31,015 - INFO - Processed test_base_node_transformer_instantiation_with_none.dot: Score=0.3738 (1 paths)
2026-05-20 20:23:31,283 - INFO - Processed test_visit_import_from_with_rewrite_node_as_argument.dot: Score=0.2347 (3 paths)
2026-05-20 20:23:31,900 - INFO - Processed test_base_import_rewrite_visit_import_from_with_mat_mult_alias.dot: Score=0.2096 (7 paths)
2026-05-20 20:23:32,412 - INFO - Processed test_base_import_rewrite_visit_import_from_with_dict_unpacking.dot: Score=0.2051 (3 paths)
2026-05-20 20:23:32,813 - INFO - Processed test_visit_import_from_with_invalid_dict_unpacking.dot: Score=0.2032 (4 paths)
<unknown>:24: SyntaxWarning: invalid escape sequence '\['
<unknown>:25: SyntaxWarning: invalid escape sequence '\['
<unknown>:26: SyntaxWarning: invalid escape sequence '\('
<unknown>:27: SyntaxWarning: invalid escape sequence '\('
<unknown>:28: SyntaxWarning: invalid escape sequence '\e'
2026-05-20 20:23:47,734 - INFO - HTTP Request: POST https://anast.ita.chalmers.se:4100/v1/chat/completions "HTTP/1.1 200 OK"
2026-05-20 20:23:59,935 - INFO - HTTP Request: POST https://anast.ita.chalmers.se:4100/v1/chat/completions "HTTP/1.1 200 OK"
2026-05-20 20:24:02,239 - INFO - HTTP Request: POST https://anast.ita.chalmers.se:4100/v1/chat/completions "HTTP/1.1 200 OK"
2026-05-20 20:24:14,503 - INFO - HTTP Request: POST https://anast.ita.chalmers.se:4100/v1/chat/completions "HTTP/1.1 200 OK"
2026-05-20 20:24:17,345 - INFO - HTTP Request: POST https://anast.ita.chalmers.se:4100/v1/chat/completions "HTTP/1.1 200 OK"
2026-05-20 20:24:19,637 - INFO - Loading model: microsoft/codebert-base-mlm
/data/users/eliassam/miniforge3/lib/python3.12/site-packages/transformers/tokenization_utils_base.py:1601: FutureWarning: `clean_up_tokenization_spaces` was not set. It will be set to `True` by default. This behavior will be depracted in transformers v4.45, and will be then set to `False` by default. For more details check this issue: https://github.com/huggingface/transformers/issues/31884
  warnings.warn(
Some weights of the model checkpoint at microsoft/codebert-base-mlm were not used when initializing RobertaForMaskedLM: ['roberta.pooler.dense.bias', 'roberta.pooler.dense.weight']
- This IS expected if you are initializing RobertaForMaskedLM from the checkpoint of a model trained on another task or with another architecture (e.g. initializing a BertForSequenceClassification model from a BertForPreTraining model).
- This IS NOT expected if you are initializing RobertaForMaskedLM from the checkpoint of a model that you expect to be exactly identical (initializing a BertForSequenceClassification model from a BertForSequenceClassification model).
2026-05-20 20:24:21,167 - INFO - Processed __main__.dot: Score=0.3568 (1 paths)
2026-05-20 20:24:21,241 - INFO - Processed test_case_0.dot: Score=0.4130 (1 paths)
2026-05-20 20:24:21,453 - INFO - Processed test_case_1.dot: Score=0.2663 (3 paths)
2026-05-20 20:24:21,549 - INFO - Processed __main__.dot: Score=0.3671 (1 paths)
2026-05-20 20:24:21,630 - INFO - Processed test_dict_unpacking_transformer_initializes_with_module.dot: Score=0.3666 (1 paths)
2026-05-20 20:24:21,881 - INFO - Processed test_dict_unpacking_transformer_visits_module_with_special_string.dot: Score=0.2879 (3 paths)
<unknown>:24: SyntaxWarning: invalid escape sequence '\['
<unknown>:25: SyntaxWarning: invalid escape sequence '\['
<unknown>:26: SyntaxWarning: invalid escape sequence '\('
<unknown>:27: SyntaxWarning: invalid escape sequence '\('
<unknown>:28: SyntaxWarning: invalid escape sequence '\e'
2026-05-20 20:24:35,355 - INFO - HTTP Request: POST https://anast.ita.chalmers.se:4100/v1/chat/completions "HTTP/1.1 200 OK"
2026-05-20 20:24:50,579 - INFO - HTTP Request: POST https://anast.ita.chalmers.se:4100/v1/chat/completions "HTTP/1.1 200 OK"
2026-05-20 20:24:53,011 - INFO - HTTP Request: POST https://anast.ita.chalmers.se:4100/v1/chat/completions "HTTP/1.1 200 OK"
2026-05-20 20:25:06,396 - INFO - HTTP Request: POST https://anast.ita.chalmers.se:4100/v1/chat/completions "HTTP/1.1 200 OK"
2026-05-20 20:25:08,787 - INFO - HTTP Request: POST https://anast.ita.chalmers.se:4100/v1/chat/completions "HTTP/1.1 200 OK"
2026-05-20 20:25:14,394 - INFO - HTTP Request: POST https://anast.ita.chalmers.se:4100/v1/chat/completions "HTTP/1.1 200 OK"
2026-05-20 20:25:15,867 - INFO - Loading model: microsoft/codebert-base-mlm
/data/users/eliassam/miniforge3/lib/python3.12/site-packages/transformers/tokenization_utils_base.py:1601: FutureWarning: `clean_up_tokenization_spaces` was not set. It will be set to `True` by default. This behavior will be depracted in transformers v4.45, and will be then set to `False` by default. For more details check this issue: https://github.com/huggingface/transformers/issues/31884
  warnings.warn(
Some weights of the model checkpoint at microsoft/codebert-base-mlm were not used when initializing RobertaForMaskedLM: ['roberta.pooler.dense.bias', 'roberta.pooler.dense.weight']
- This IS expected if you are initializing RobertaForMaskedLM from the checkpoint of a model trained on another task or with another architecture (e.g. initializing a BertForSequenceClassification model from a BertForPreTraining model).
- This IS NOT expected if you are initializing RobertaForMaskedLM from the checkpoint of a model that you expect to be exactly identical (initializing a BertForSequenceClassification model from a BertForSequenceClassification model).
2026-05-20 20:25:17,778 - INFO - Processed __main__.dot: Score=0.3568 (1 paths)
2026-05-20 20:25:18,105 - INFO - Processed test_case_0.dot: Score=0.4130 (1 paths)
2026-05-20 20:25:18,393 - INFO - Processed test_case_1.dot: Score=0.2663 (3 paths)
2026-05-20 20:25:18,497 - INFO - Processed __main__.dot: Score=0.3671 (1 paths)
2026-05-20 20:25:18,582 - INFO - Processed test_dict_unpacking_transformer_initialization_with_default_module.dot: Score=0.2899 (1 paths)
2026-05-20 20:25:18,839 - INFO - Processed test_dict_unpacking_transformer_visit_module_with_simple_input.dot: Score=0.2876 (3 paths)
<unknown>:24: SyntaxWarning: invalid escape sequence '\['
<unknown>:25: SyntaxWarning: invalid escape sequence '\['
<unknown>:26: SyntaxWarning: invalid escape sequence '\('
<unknown>:27: SyntaxWarning: invalid escape sequence '\('
<unknown>:28: SyntaxWarning: invalid escape sequence '\e'
2026-05-20 20:25:32,975 - INFO - HTTP Request: POST https://anast.ita.chalmers.se:4100/v1/chat/completions "HTTP/1.1 200 OK"
2026-05-20 20:25:46,650 - INFO - HTTP Request: POST https://anast.ita.chalmers.se:4100/v1/chat/completions "HTTP/1.1 200 OK"
2026-05-20 20:25:48,956 - INFO - HTTP Request: POST https://anast.ita.chalmers.se:4100/v1/chat/completions "HTTP/1.1 200 OK"
2026-05-20 20:26:01,725 - INFO - HTTP Request: POST https://anast.ita.chalmers.se:4100/v1/chat/completions "HTTP/1.1 200 OK"
2026-05-20 20:26:04,407 - INFO - HTTP Request: POST https://anast.ita.chalmers.se:4100/v1/chat/completions "HTTP/1.1 200 OK"
2026-05-20 20:26:06,304 - INFO - Loading model: microsoft/codebert-base-mlm
/data/users/eliassam/miniforge3/lib/python3.12/site-packages/transformers/tokenization_utils_base.py:1601: FutureWarning: `clean_up_tokenization_spaces` was not set. It will be set to `True` by default. This behavior will be depracted in transformers v4.45, and will be then set to `False` by default. For more details check this issue: https://github.com/huggingface/transformers/issues/31884
  warnings.warn(
Some weights of the model checkpoint at microsoft/codebert-base-mlm were not used when initializing RobertaForMaskedLM: ['roberta.pooler.dense.bias', 'roberta.pooler.dense.weight']
- This IS expected if you are initializing RobertaForMaskedLM from the checkpoint of a model trained on another task or with another architecture (e.g. initializing a BertForSequenceClassification model from a BertForPreTraining model).
- This IS NOT expected if you are initializing RobertaForMaskedLM from the checkpoint of a model that you expect to be exactly identical (initializing a BertForSequenceClassification model from a BertForSequenceClassification model).
2026-05-20 20:26:09,211 - INFO - Processed __main__.dot: Score=0.3568 (1 paths)
2026-05-20 20:26:09,536 - INFO - Processed test_case_0.dot: Score=0.4130 (1 paths)
2026-05-20 20:26:09,751 - INFO - Processed test_case_1.dot: Score=0.2663 (3 paths)
2026-05-20 20:26:09,856 - INFO - Processed __main__.dot: Score=0.3671 (1 paths)
2026-05-20 20:26:09,941 - INFO - Processed test_dict_unpacking_transformer_initialization_with_empty_module.dot: Score=0.2864 (1 paths)
2026-05-20 20:26:10,376 - INFO - Processed test_dict_unpacking_transformer_visit_module_with_simple_input.dot: Score=0.2836 (3 paths)
<unknown>:24: SyntaxWarning: invalid escape sequence '\['
<unknown>:25: SyntaxWarning: invalid escape sequence '\['
<unknown>:26: SyntaxWarning: invalid escape sequence '\('
<unknown>:27: SyntaxWarning: invalid escape sequence '\('
<unknown>:28: SyntaxWarning: invalid escape sequence '\e'
2026-05-20 20:26:23,176 - INFO - HTTP Request: POST https://anast.ita.chalmers.se:4100/v1/chat/completions "HTTP/1.1 200 OK"
2026-05-20 20:26:33,855 - INFO - HTTP Request: POST https://anast.ita.chalmers.se:4100/v1/chat/completions "HTTP/1.1 200 OK"
2026-05-20 20:26:35,704 - INFO - HTTP Request: POST https://anast.ita.chalmers.se:4100/v1/chat/completions "HTTP/1.1 200 OK"
2026-05-20 20:26:37,207 - INFO - Loading model: microsoft/codebert-base-mlm
/data/users/eliassam/miniforge3/lib/python3.12/site-packages/transformers/tokenization_utils_base.py:1601: FutureWarning: `clean_up_tokenization_spaces` was not set. It will be set to `True` by default. This behavior will be depracted in transformers v4.45, and will be then set to `False` by default. For more details check this issue: https://github.com/huggingface/transformers/issues/31884
  warnings.warn(
Some weights of the model checkpoint at microsoft/codebert-base-mlm were not used when initializing RobertaForMaskedLM: ['roberta.pooler.dense.bias', 'roberta.pooler.dense.weight']
- This IS expected if you are initializing RobertaForMaskedLM from the checkpoint of a model trained on another task or with another architecture (e.g. initializing a BertForSequenceClassification model from a BertForPreTraining model).
- This IS NOT expected if you are initializing RobertaForMaskedLM from the checkpoint of a model that you expect to be exactly identical (initializing a BertForSequenceClassification model from a BertForSequenceClassification model).
2026-05-20 20:26:39,455 - INFO - Processed __main__.dot: Score=0.6779 (1 paths)
2026-05-20 20:26:39,524 - INFO - Processed test_case_0.dot: Score=0.5231 (1 paths)
2026-05-20 20:26:39,598 - INFO - Processed __main__.dot: Score=0.6129 (1 paths)
2026-05-20 20:26:39,678 - INFO - Processed test_dump_with_none_input.dot: Score=0.4487 (1 paths)
<unknown>:24: SyntaxWarning: invalid escape sequence '\['
<unknown>:25: SyntaxWarning: invalid escape sequence '\['
<unknown>:26: SyntaxWarning: invalid escape sequence '\('
<unknown>:27: SyntaxWarning: invalid escape sequence '\('
<unknown>:28: SyntaxWarning: invalid escape sequence '\e'
2026-05-20 20:26:52,163 - INFO - HTTP Request: POST https://anast.ita.chalmers.se:4100/v1/chat/completions "HTTP/1.1 200 OK"
2026-05-20 20:27:02,989 - INFO - HTTP Request: POST https://anast.ita.chalmers.se:4100/v1/chat/completions "HTTP/1.1 200 OK"
2026-05-20 20:27:04,459 - INFO - HTTP Request: POST https://anast.ita.chalmers.se:4100/v1/chat/completions "HTTP/1.1 200 OK"
2026-05-20 20:27:05,696 - INFO - Loading model: microsoft/codebert-base-mlm
/data/users/eliassam/miniforge3/lib/python3.12/site-packages/transformers/tokenization_utils_base.py:1601: FutureWarning: `clean_up_tokenization_spaces` was not set. It will be set to `True` by default. This behavior will be depracted in transformers v4.45, and will be then set to `False` by default. For more details check this issue: https://github.com/huggingface/transformers/issues/31884
  warnings.warn(
Some weights of the model checkpoint at microsoft/codebert-base-mlm were not used when initializing RobertaForMaskedLM: ['roberta.pooler.dense.bias', 'roberta.pooler.dense.weight']
- This IS expected if you are initializing RobertaForMaskedLM from the checkpoint of a model trained on another task or with another architecture (e.g. initializing a BertForSequenceClassification model from a BertForPreTraining model).
- This IS NOT expected if you are initializing RobertaForMaskedLM from the checkpoint of a model that you expect to be exactly identical (initializing a BertForSequenceClassification model from a BertForSequenceClassification model).
2026-05-20 20:27:07,232 - INFO - Processed __main__.dot: Score=0.6779 (1 paths)
2026-05-20 20:27:07,301 - INFO - Processed test_case_0.dot: Score=0.5231 (1 paths)
2026-05-20 20:27:07,376 - INFO - Processed __main__.dot: Score=0.6129 (1 paths)
2026-05-20 20:27:07,453 - INFO - Processed test_dump_with_none_input.dot: Score=0.8500 (1 paths)
<unknown>:24: SyntaxWarning: invalid escape sequence '\['
<unknown>:25: SyntaxWarning: invalid escape sequence '\['
<unknown>:26: SyntaxWarning: invalid escape sequence '\('
<unknown>:27: SyntaxWarning: invalid escape sequence '\('
<unknown>:28: SyntaxWarning: invalid escape sequence '\e'
2026-05-20 20:27:20,206 - INFO - HTTP Request: POST https://anast.ita.chalmers.se:4100/v1/chat/completions "HTTP/1.1 200 OK"
2026-05-20 20:27:31,169 - INFO - HTTP Request: POST https://anast.ita.chalmers.se:4100/v1/chat/completions "HTTP/1.1 200 OK"
2026-05-20 20:27:32,955 - INFO - HTTP Request: POST https://anast.ita.chalmers.se:4100/v1/chat/completions "HTTP/1.1 200 OK"
2026-05-20 20:27:33,984 - INFO - Loading model: microsoft/codebert-base-mlm
/data/users/eliassam/miniforge3/lib/python3.12/site-packages/transformers/tokenization_utils_base.py:1601: FutureWarning: `clean_up_tokenization_spaces` was not set. It will be set to `True` by default. This behavior will be depracted in transformers v4.45, and will be then set to `False` by default. For more details check this issue: https://github.com/huggingface/transformers/issues/31884
  warnings.warn(
Some weights of the model checkpoint at microsoft/codebert-base-mlm were not used when initializing RobertaForMaskedLM: ['roberta.pooler.dense.bias', 'roberta.pooler.dense.weight']
- This IS expected if you are initializing RobertaForMaskedLM from the checkpoint of a model trained on another task or with another architecture (e.g. initializing a BertForSequenceClassification model from a BertForPreTraining model).
- This IS NOT expected if you are initializing RobertaForMaskedLM from the checkpoint of a model that you expect to be exactly identical (initializing a BertForSequenceClassification model from a BertForSequenceClassification model).
2026-05-20 20:27:36,125 - INFO - Processed __main__.dot: Score=0.6779 (1 paths)
2026-05-20 20:27:37,118 - INFO - Processed test_case_0.dot: Score=0.5231 (1 paths)
2026-05-20 20:27:37,200 - INFO - Processed __main__.dot: Score=0.6129 (1 paths)
2026-05-20 20:27:37,278 - INFO - Processed test_dump_with_none_input.dot: Score=0.8500 (1 paths)
<unknown>:24: SyntaxWarning: invalid escape sequence '\['
<unknown>:25: SyntaxWarning: invalid escape sequence '\['
<unknown>:26: SyntaxWarning: invalid escape sequence '\('
<unknown>:27: SyntaxWarning: invalid escape sequence '\('
<unknown>:28: SyntaxWarning: invalid escape sequence '\e'
2026-05-20 20:27:49,541 - INFO - HTTP Request: POST https://anast.ita.chalmers.se:4100/v1/chat/completions "HTTP/1.1 200 OK"
2026-05-20 20:28:01,185 - INFO - HTTP Request: POST https://anast.ita.chalmers.se:4100/v1/chat/completions "HTTP/1.1 200 OK"
2026-05-20 20:28:03,573 - INFO - HTTP Request: POST https://anast.ita.chalmers.se:4100/v1/chat/completions "HTTP/1.1 200 OK"
2026-05-20 20:28:14,637 - INFO - HTTP Request: POST https://anast.ita.chalmers.se:4100/v1/chat/completions "HTTP/1.1 200 OK"
2026-05-20 20:28:16,547 - INFO - HTTP Request: POST https://anast.ita.chalmers.se:4100/v1/chat/completions "HTTP/1.1 200 OK"
2026-05-20 20:28:29,945 - INFO - HTTP Request: POST https://anast.ita.chalmers.se:4100/v1/chat/completions "HTTP/1.1 200 OK"
2026-05-20 20:28:33,012 - INFO - HTTP Request: POST https://anast.ita.chalmers.se:4100/v1/chat/completions "HTTP/1.1 200 OK"
2026-05-20 20:28:47,894 - INFO - HTTP Request: POST https://anast.ita.chalmers.se:4100/v1/chat/completions "HTTP/1.1 200 OK"
2026-05-20 20:28:52,766 - INFO - HTTP Request: POST https://anast.ita.chalmers.se:4100/v1/chat/completions "HTTP/1.1 200 OK"
2026-05-20 20:29:02,201 - INFO - HTTP Request: POST https://anast.ita.chalmers.se:4100/v1/chat/completions "HTTP/1.1 200 OK"
2026-05-20 20:29:03,345 - INFO - Loading model: microsoft/codebert-base-mlm
/data/users/eliassam/miniforge3/lib/python3.12/site-packages/transformers/tokenization_utils_base.py:1601: FutureWarning: `clean_up_tokenization_spaces` was not set. It will be set to `True` by default. This behavior will be depracted in transformers v4.45, and will be then set to `False` by default. For more details check this issue: https://github.com/huggingface/transformers/issues/31884
  warnings.warn(
Some weights of the model checkpoint at microsoft/codebert-base-mlm were not used when initializing RobertaForMaskedLM: ['roberta.pooler.dense.bias', 'roberta.pooler.dense.weight']
- This IS expected if you are initializing RobertaForMaskedLM from the checkpoint of a model trained on another task or with another architecture (e.g. initializing a BertForSequenceClassification model from a BertForPreTraining model).
- This IS NOT expected if you are initializing RobertaForMaskedLM from the checkpoint of a model that you expect to be exactly identical (initializing a BertForSequenceClassification model from a BertForSequenceClassification model).
2026-05-20 20:29:05,757 - INFO - Processed __main__.dot: Score=0.5018 (1 paths)
2026-05-20 20:29:06,933 - INFO - Processed test_case_0.dot: Score=0.4216 (2 paths)
2026-05-20 20:29:07,004 - INFO - Processed test_case_1.dot: Score=0.5275 (1 paths)
2026-05-20 20:29:07,379 - INFO - Processed test_case_2.dot: Score=0.2692 (5 paths)
2026-05-20 20:29:07,877 - INFO - Processed test_case_3.dot: Score=0.2446 (6 paths)
2026-05-20 20:29:07,979 - INFO - Processed __main__.dot: Score=0.4713 (1 paths)
2026-05-20 20:29:08,121 - INFO - Processed test_yield_from_transformer_visit_with_none.dot: Score=0.4704 (2 paths)
2026-05-20 20:29:08,200 - INFO - Processed test_yield_from_transformer_instantiation_with_none.dot: Score=0.3596 (1 paths)
2026-05-20 20:29:08,743 - INFO - Processed test_yield_from_transformer_visit_while_node_with_none_args.dot: Score=0.2219 (6 paths)
<unknown>:24: SyntaxWarning: invalid escape sequence '\['
<unknown>:25: SyntaxWarning: invalid escape sequence '\['
<unknown>:26: SyntaxWarning: invalid escape sequence '\('
<unknown>:27: SyntaxWarning: invalid escape sequence '\('
<unknown>:28: SyntaxWarning: invalid escape sequence '\e'
2026-05-20 20:29:20,857 - INFO - HTTP Request: POST https://anast.ita.chalmers.se:4100/v1/chat/completions "HTTP/1.1 200 OK"
2026-05-20 20:29:54,046 - INFO - HTTP Request: POST https://anast.ita.chalmers.se:4100/v1/chat/completions "HTTP/1.1 200 OK"
2026-05-20 20:29:56,232 - INFO - HTTP Request: POST https://anast.ita.chalmers.se:4100/v1/chat/completions "HTTP/1.1 200 OK"
2026-05-20 20:30:08,319 - INFO - HTTP Request: POST https://anast.ita.chalmers.se:4100/v1/chat/completions "HTTP/1.1 200 OK"
2026-05-20 20:30:09,967 - INFO - HTTP Request: POST https://anast.ita.chalmers.se:4100/v1/chat/completions "HTTP/1.1 200 OK"
2026-05-20 20:30:23,718 - INFO - HTTP Request: POST https://anast.ita.chalmers.se:4100/v1/chat/completions "HTTP/1.1 200 OK"
2026-05-20 20:30:27,057 - INFO - HTTP Request: POST https://anast.ita.chalmers.se:4100/v1/chat/completions "HTTP/1.1 200 OK"
2026-05-20 20:30:40,843 - INFO - HTTP Request: POST https://anast.ita.chalmers.se:4100/v1/chat/completions "HTTP/1.1 200 OK"
2026-05-20 20:30:46,387 - INFO - HTTP Request: POST https://anast.ita.chalmers.se:4100/v1/chat/completions "HTTP/1.1 200 OK"
2026-05-20 20:30:55,476 - INFO - HTTP Request: POST https://anast.ita.chalmers.se:4100/v1/chat/completions "HTTP/1.1 200 OK"
2026-05-20 20:30:56,480 - INFO - Loading model: microsoft/codebert-base-mlm
/data/users/eliassam/miniforge3/lib/python3.12/site-packages/transformers/tokenization_utils_base.py:1601: FutureWarning: `clean_up_tokenization_spaces` was not set. It will be set to `True` by default. This behavior will be depracted in transformers v4.45, and will be then set to `False` by default. For more details check this issue: https://github.com/huggingface/transformers/issues/31884
  warnings.warn(
Some weights of the model checkpoint at microsoft/codebert-base-mlm were not used when initializing RobertaForMaskedLM: ['roberta.pooler.dense.bias', 'roberta.pooler.dense.weight']
- This IS expected if you are initializing RobertaForMaskedLM from the checkpoint of a model trained on another task or with another architecture (e.g. initializing a BertForSequenceClassification model from a BertForPreTraining model).
- This IS NOT expected if you are initializing RobertaForMaskedLM from the checkpoint of a model that you expect to be exactly identical (initializing a BertForSequenceClassification model from a BertForSequenceClassification model).
2026-05-20 20:30:59,198 - INFO - Processed __main__.dot: Score=0.5018 (1 paths)
2026-05-20 20:30:59,698 - INFO - Processed test_case_0.dot: Score=0.4216 (2 paths)
2026-05-20 20:30:59,770 - INFO - Processed test_case_1.dot: Score=0.5275 (1 paths)
2026-05-20 20:31:00,144 - INFO - Processed test_case_2.dot: Score=0.2692 (5 paths)
2026-05-20 20:31:01,419 - INFO - Processed test_case_3.dot: Score=0.2446 (6 paths)
2026-05-20 20:31:01,515 - INFO - Processed __main__.dot: Score=0.4713 (1 paths)
2026-05-20 20:31:01,646 - INFO - Processed test_yield_from_transformer_visit_with_none.dot: Score=0.4695 (2 paths)
2026-05-20 20:31:01,710 - INFO - Processed test_yield_from_transformer_instantiation_with_none.dot: Score=0.4046 (1 paths)
2026-05-20 20:31:02,493 - INFO - Processed test_yield_from_transformer_visits_while_node_with_none_args.dot: Score=0.1839 (5 paths)
2026-05-20 20:31:03,045 - INFO - Processed test_yield_from_transformer_visit_while_node_with_keyword_transformer_args.dot: Score=0.2030 (6 paths)
<unknown>:24: SyntaxWarning: invalid escape sequence '\['
<unknown>:25: SyntaxWarning: invalid escape sequence '\['
<unknown>:26: SyntaxWarning: invalid escape sequence '\('
<unknown>:27: SyntaxWarning: invalid escape sequence '\('
<unknown>:28: SyntaxWarning: invalid escape sequence '\e'
2026-05-20 20:31:16,266 - INFO - HTTP Request: POST https://anast.ita.chalmers.se:4100/v1/chat/completions "HTTP/1.1 200 OK"
2026-05-20 20:31:28,715 - INFO - HTTP Request: POST https://anast.ita.chalmers.se:4100/v1/chat/completions "HTTP/1.1 200 OK"
2026-05-20 20:31:30,622 - INFO - HTTP Request: POST https://anast.ita.chalmers.se:4100/v1/chat/completions "HTTP/1.1 200 OK"
2026-05-20 20:31:41,941 - INFO - HTTP Request: POST https://anast.ita.chalmers.se:4100/v1/chat/completions "HTTP/1.1 200 OK"
2026-05-20 20:31:43,891 - INFO - HTTP Request: POST https://anast.ita.chalmers.se:4100/v1/chat/completions "HTTP/1.1 200 OK"
2026-05-20 20:31:57,833 - INFO - HTTP Request: POST https://anast.ita.chalmers.se:4100/v1/chat/completions "HTTP/1.1 200 OK"
2026-05-20 20:32:00,494 - INFO - HTTP Request: POST https://anast.ita.chalmers.se:4100/v1/chat/completions "HTTP/1.1 200 OK"
2026-05-20 20:32:15,101 - INFO - HTTP Request: POST https://anast.ita.chalmers.se:4100/v1/chat/completions "HTTP/1.1 200 OK"
2026-05-20 20:32:18,840 - INFO - HTTP Request: POST https://anast.ita.chalmers.se:4100/v1/chat/completions "HTTP/1.1 200 OK"
2026-05-20 20:32:28,422 - INFO - HTTP Request: POST https://anast.ita.chalmers.se:4100/v1/chat/completions "HTTP/1.1 200 OK"
2026-05-20 20:32:30,014 - INFO - Loading model: microsoft/codebert-base-mlm
/data/users/eliassam/miniforge3/lib/python3.12/site-packages/transformers/tokenization_utils_base.py:1601: FutureWarning: `clean_up_tokenization_spaces` was not set. It will be set to `True` by default. This behavior will be depracted in transformers v4.45, and will be then set to `False` by default. For more details check this issue: https://github.com/huggingface/transformers/issues/31884
  warnings.warn(
Some weights of the model checkpoint at microsoft/codebert-base-mlm were not used when initializing RobertaForMaskedLM: ['roberta.pooler.dense.bias', 'roberta.pooler.dense.weight']
- This IS expected if you are initializing RobertaForMaskedLM from the checkpoint of a model trained on another task or with another architecture (e.g. initializing a BertForSequenceClassification model from a BertForPreTraining model).
- This IS NOT expected if you are initializing RobertaForMaskedLM from the checkpoint of a model that you expect to be exactly identical (initializing a BertForSequenceClassification model from a BertForSequenceClassification model).
2026-05-20 20:32:32,257 - INFO - Processed __main__.dot: Score=0.5018 (1 paths)
2026-05-20 20:32:33,166 - INFO - Processed test_case_0.dot: Score=0.4216 (2 paths)
2026-05-20 20:32:33,236 - INFO - Processed test_case_1.dot: Score=0.5275 (1 paths)
2026-05-20 20:32:33,607 - INFO - Processed test_case_2.dot: Score=0.2692 (5 paths)
2026-05-20 20:32:34,218 - INFO - Processed test_case_3.dot: Score=0.2446 (6 paths)
2026-05-20 20:32:34,321 - INFO - Processed __main__.dot: Score=0.4713 (1 paths)
2026-05-20 20:32:34,463 - INFO - Processed test_yield_from_transformer_visit_with_none.dot: Score=0.4695 (2 paths)
2026-05-20 20:32:34,877 - INFO - Processed test_yield_from_transformer_initializes_with_none_source.dot: Score=0.3390 (1 paths)
2026-05-20 20:32:35,276 - INFO - Processed test_yield_from_transformer_visit_while_node_with_none_args.dot: Score=0.1978 (5 paths)
2026-05-20 20:32:35,819 - INFO - Processed test_yield_from_transformer_visit_while_node_with_none_args_and_kwargs.dot: Score=0.1954 (6 paths)
<unknown>:24: SyntaxWarning: invalid escape sequence '\['
<unknown>:25: SyntaxWarning: invalid escape sequence '\['
<unknown>:26: SyntaxWarning: invalid escape sequence '\('
<unknown>:27: SyntaxWarning: invalid escape sequence '\('
<unknown>:28: SyntaxWarning: invalid escape sequence '\e'
2026-05-20 20:32:48,320 - INFO - HTTP Request: POST https://anast.ita.chalmers.se:4100/v1/chat/completions "HTTP/1.1 200 OK"
2026-05-20 20:33:00,850 - INFO - HTTP Request: POST https://anast.ita.chalmers.se:4100/v1/chat/completions "HTTP/1.1 200 OK"
2026-05-20 20:33:04,908 - INFO - HTTP Request: POST https://anast.ita.chalmers.se:4100/v1/chat/completions "HTTP/1.1 200 OK"
2026-05-20 20:33:15,388 - INFO - HTTP Request: POST https://anast.ita.chalmers.se:4100/v1/chat/completions "HTTP/1.1 200 OK"
2026-05-20 20:33:17,327 - INFO - HTTP Request: POST https://anast.ita.chalmers.se:4100/v1/chat/completions "HTTP/1.1 200 OK"
2026-05-20 20:33:29,721 - INFO - HTTP Request: POST https://anast.ita.chalmers.se:4100/v1/chat/completions "HTTP/1.1 200 OK"
2026-05-20 20:33:31,466 - INFO - HTTP Request: POST https://anast.ita.chalmers.se:4100/v1/chat/completions "HTTP/1.1 200 OK"
2026-05-20 20:33:45,529 - INFO - HTTP Request: POST https://anast.ita.chalmers.se:4100/v1/chat/completions "HTTP/1.1 200 OK"
2026-05-20 20:33:49,020 - INFO - HTTP Request: POST https://anast.ita.chalmers.se:4100/v1/chat/completions "HTTP/1.1 200 OK"
2026-05-20 20:34:02,284 - INFO - HTTP Request: POST https://anast.ita.chalmers.se:4100/v1/chat/completions "HTTP/1.1 200 OK"
2026-05-20 20:34:03,852 - INFO - HTTP Request: POST https://anast.ita.chalmers.se:4100/v1/chat/completions "HTTP/1.1 200 OK"
2026-05-20 20:34:17,707 - INFO - HTTP Request: POST https://anast.ita.chalmers.se:4100/v1/chat/completions "HTTP/1.1 200 OK"
2026-05-20 20:34:19,989 - INFO - HTTP Request: POST https://anast.ita.chalmers.se:4100/v1/chat/completions "HTTP/1.1 200 OK"
2026-05-20 20:34:30,415 - INFO - HTTP Request: POST https://anast.ita.chalmers.se:4100/v1/chat/completions "HTTP/1.1 200 OK"
2026-05-20 20:34:31,692 - INFO - Loading model: microsoft/codebert-base-mlm
/data/users/eliassam/miniforge3/lib/python3.12/site-packages/transformers/tokenization_utils_base.py:1601: FutureWarning: `clean_up_tokenization_spaces` was not set. It will be set to `True` by default. This behavior will be depracted in transformers v4.45, and will be then set to `False` by default. For more details check this issue: https://github.com/huggingface/transformers/issues/31884
  warnings.warn(
Some weights of the model checkpoint at microsoft/codebert-base-mlm were not used when initializing RobertaForMaskedLM: ['roberta.pooler.dense.bias', 'roberta.pooler.dense.weight']
- This IS expected if you are initializing RobertaForMaskedLM from the checkpoint of a model trained on another task or with another architecture (e.g. initializing a BertForSequenceClassification model from a BertForPreTraining model).
- This IS NOT expected if you are initializing RobertaForMaskedLM from the checkpoint of a model that you expect to be exactly identical (initializing a BertForSequenceClassification model from a BertForSequenceClassification model).
2026-05-20 20:34:33,808 - INFO - Processed __main__.dot: Score=0.6412 (1 paths)
2026-05-20 20:34:33,881 - INFO - Processed test_case_0.dot: Score=0.4385 (1 paths)
2026-05-20 20:34:33,940 - INFO - Processed test_case_1.dot: Score=0.5823 (1 paths)
2026-05-20 20:34:34,018 - INFO - Processed test_case_2.dot: Score=0.3549 (1 paths)
2026-05-20 20:34:34,381 - INFO - Processed test_case_3.dot: Score=0.2686 (5 paths)
2026-05-20 20:34:34,450 - INFO - Processed test_case_4.dot: Score=0.5192 (1 paths)
2026-05-20 20:34:34,590 - INFO - Processed test_case_5.dot: Score=0.4185 (2 paths)
2026-05-20 20:34:34,693 - INFO - Processed __main__.dot: Score=0.6537 (1 paths)
2026-05-20 20:34:34,774 - INFO - Processed test_purge_timer_and_debug_output.dot: Score=0.4103 (1 paths)
2026-05-20 20:34:34,850 - INFO - Processed test_variables_generator_can_be_instantiated.dot: Score=0.4165 (1 paths)
2026-05-20 20:34:34,933 - INFO - Processed test_eager_accepts_variables_generator_as_callable.dot: Score=0.5041 (1 paths)
2026-05-20 20:34:35,358 - INFO - Processed test_eager_and_debug_warn_get_source_with_integer_input.dot: Score=0.1992 (5 paths)
2026-05-20 20:34:35,441 - INFO - Processed test_warn_returns_none_for_proxy_handler_message.dot: Score=0.3649 (1 paths)
2026-05-20 20:34:35,605 - INFO - Processed test_eager_callable_invoked_with_none_module_and_self_as_start.dot: Score=0.3459 (2 paths)
<unknown>:24: SyntaxWarning: invalid escape sequence '\['
<unknown>:25: SyntaxWarning: invalid escape sequence '\['
<unknown>:26: SyntaxWarning: invalid escape sequence '\('
<unknown>:27: SyntaxWarning: invalid escape sequence '\('
<unknown>:28: SyntaxWarning: invalid escape sequence '\e'
2026-05-20 20:34:51,470 - INFO - HTTP Request: POST https://anast.ita.chalmers.se:4100/v1/chat/completions "HTTP/1.1 200 OK"
2026-05-20 20:35:08,136 - INFO - HTTP Request: POST https://anast.ita.chalmers.se:4100/v1/chat/completions "HTTP/1.1 200 OK"
2026-05-20 20:35:10,373 - INFO - HTTP Request: POST https://anast.ita.chalmers.se:4100/v1/chat/completions "HTTP/1.1 200 OK"
2026-05-20 20:35:21,008 - INFO - HTTP Request: POST https://anast.ita.chalmers.se:4100/v1/chat/completions "HTTP/1.1 200 OK"
2026-05-20 20:35:22,784 - INFO - HTTP Request: POST https://anast.ita.chalmers.se:4100/v1/chat/completions "HTTP/1.1 200 OK"
2026-05-20 20:35:36,187 - INFO - HTTP Request: POST https://anast.ita.chalmers.se:4100/v1/chat/completions "HTTP/1.1 200 OK"
2026-05-20 20:35:38,316 - INFO - HTTP Request: POST https://anast.ita.chalmers.se:4100/v1/chat/completions "HTTP/1.1 200 OK"
2026-05-20 20:35:52,779 - INFO - HTTP Request: POST https://anast.ita.chalmers.se:4100/v1/chat/completions "HTTP/1.1 200 OK"
2026-05-20 20:35:56,235 - INFO - HTTP Request: POST https://anast.ita.chalmers.se:4100/v1/chat/completions "HTTP/1.1 200 OK"
2026-05-20 20:36:11,608 - INFO - HTTP Request: POST https://anast.ita.chalmers.se:4100/v1/chat/completions "HTTP/1.1 200 OK"
2026-05-20 20:36:13,992 - INFO - HTTP Request: POST https://anast.ita.chalmers.se:4100/v1/chat/completions "HTTP/1.1 200 OK"
2026-05-20 20:36:28,698 - INFO - HTTP Request: POST https://anast.ita.chalmers.se:4100/v1/chat/completions "HTTP/1.1 200 OK"
2026-05-20 20:36:31,137 - INFO - HTTP Request: POST https://anast.ita.chalmers.se:4100/v1/chat/completions "HTTP/1.1 200 OK"
2026-05-20 20:36:40,704 - INFO - HTTP Request: POST https://anast.ita.chalmers.se:4100/v1/chat/completions "HTTP/1.1 200 OK"
2026-05-20 20:36:41,959 - INFO - Loading model: microsoft/codebert-base-mlm
/data/users/eliassam/miniforge3/lib/python3.12/site-packages/transformers/tokenization_utils_base.py:1601: FutureWarning: `clean_up_tokenization_spaces` was not set. It will be set to `True` by default. This behavior will be depracted in transformers v4.45, and will be then set to `False` by default. For more details check this issue: https://github.com/huggingface/transformers/issues/31884
  warnings.warn(
Some weights of the model checkpoint at microsoft/codebert-base-mlm were not used when initializing RobertaForMaskedLM: ['roberta.pooler.dense.bias', 'roberta.pooler.dense.weight']
- This IS expected if you are initializing RobertaForMaskedLM from the checkpoint of a model trained on another task or with another architecture (e.g. initializing a BertForSequenceClassification model from a BertForPreTraining model).
- This IS NOT expected if you are initializing RobertaForMaskedLM from the checkpoint of a model that you expect to be exactly identical (initializing a BertForSequenceClassification model from a BertForSequenceClassification model).
2026-05-20 20:36:44,339 - INFO - Processed __main__.dot: Score=0.6412 (1 paths)
2026-05-20 20:36:46,056 - INFO - Processed test_case_0.dot: Score=0.4385 (1 paths)
2026-05-20 20:36:46,125 - INFO - Processed test_case_1.dot: Score=0.5823 (1 paths)
2026-05-20 20:36:46,814 - INFO - Processed test_case_2.dot: Score=0.3549 (1 paths)
2026-05-20 20:36:51,226 - INFO - Processed test_case_3.dot: Score=0.2686 (5 paths)
2026-05-20 20:36:51,296 - INFO - Processed test_case_4.dot: Score=0.5192 (1 paths)
2026-05-20 20:36:51,438 - INFO - Processed test_case_5.dot: Score=0.4185 (2 paths)
2026-05-20 20:36:51,540 - INFO - Processed __main__.dot: Score=0.6537 (1 paths)
2026-05-20 20:36:51,622 - INFO - Processed test_purge_returns_value_logged_by_debug.dot: Score=0.3151 (1 paths)
2026-05-20 20:36:51,696 - INFO - Processed test_variables_generator_can_be_instantiated.dot: Score=0.4165 (1 paths)
2026-05-20 20:36:51,777 - INFO - Processed test_eager_accepts_variables_generator.dot: Score=0.5007 (1 paths)
2026-05-20 20:36:53,809 - INFO - Processed test_eager_and_debug_warn_get_source_sequence.dot: Score=0.2058 (5 paths)
2026-05-20 20:36:53,882 - INFO - Processed test_warn_with_proxy_handler_returns_none.dot: Score=0.5777 (1 paths)
2026-05-20 20:36:54,041 - INFO - Processed test_eager_callable_invoked_with_none_module_and_self_as_start.dot: Score=0.2979 (2 paths)
<unknown>:24: SyntaxWarning: invalid escape sequence '\['
<unknown>:25: SyntaxWarning: invalid escape sequence '\['
<unknown>:26: SyntaxWarning: invalid escape sequence '\('
<unknown>:27: SyntaxWarning: invalid escape sequence '\('
<unknown>:28: SyntaxWarning: invalid escape sequence '\e'
2026-05-20 20:37:06,362 - INFO - HTTP Request: POST https://anast.ita.chalmers.se:4100/v1/chat/completions "HTTP/1.1 200 OK"
2026-05-20 20:37:23,057 - INFO - HTTP Request: POST https://anast.ita.chalmers.se:4100/v1/chat/completions "HTTP/1.1 200 OK"
2026-05-20 20:37:25,086 - INFO - HTTP Request: POST https://anast.ita.chalmers.se:4100/v1/chat/completions "HTTP/1.1 200 OK"
2026-05-20 20:37:35,428 - INFO - HTTP Request: POST https://anast.ita.chalmers.se:4100/v1/chat/completions "HTTP/1.1 200 OK"
2026-05-20 20:37:37,241 - INFO - HTTP Request: POST https://anast.ita.chalmers.se:4100/v1/chat/completions "HTTP/1.1 200 OK"
2026-05-20 20:37:51,450 - INFO - HTTP Request: POST https://anast.ita.chalmers.se:4100/v1/chat/completions "HTTP/1.1 200 OK"
2026-05-20 20:37:53,152 - INFO - HTTP Request: POST https://anast.ita.chalmers.se:4100/v1/chat/completions "HTTP/1.1 200 OK"
2026-05-20 20:38:08,534 - INFO - HTTP Request: POST https://anast.ita.chalmers.se:4100/v1/chat/completions "HTTP/1.1 200 OK"
2026-05-20 20:38:12,169 - INFO - HTTP Request: POST https://anast.ita.chalmers.se:4100/v1/chat/completions "HTTP/1.1 200 OK"
2026-05-20 20:38:24,924 - INFO - HTTP Request: POST https://anast.ita.chalmers.se:4100/v1/chat/completions "HTTP/1.1 200 OK"
2026-05-20 20:38:26,668 - INFO - HTTP Request: POST https://anast.ita.chalmers.se:4100/v1/chat/completions "HTTP/1.1 200 OK"
2026-05-20 20:38:40,376 - INFO - HTTP Request: POST https://anast.ita.chalmers.se:4100/v1/chat/completions "HTTP/1.1 200 OK"
2026-05-20 20:38:43,169 - INFO - HTTP Request: POST https://anast.ita.chalmers.se:4100/v1/chat/completions "HTTP/1.1 200 OK"
2026-05-20 20:38:56,856 - INFO - HTTP Request: POST https://anast.ita.chalmers.se:4100/v1/chat/completions "HTTP/1.1 200 OK"
2026-05-20 20:38:58,132 - INFO - Loading model: microsoft/codebert-base-mlm
/data/users/eliassam/miniforge3/lib/python3.12/site-packages/transformers/tokenization_utils_base.py:1601: FutureWarning: `clean_up_tokenization_spaces` was not set. It will be set to `True` by default. This behavior will be depracted in transformers v4.45, and will be then set to `False` by default. For more details check this issue: https://github.com/huggingface/transformers/issues/31884
  warnings.warn(
Some weights of the model checkpoint at microsoft/codebert-base-mlm were not used when initializing RobertaForMaskedLM: ['roberta.pooler.dense.bias', 'roberta.pooler.dense.weight']
- This IS expected if you are initializing RobertaForMaskedLM from the checkpoint of a model trained on another task or with another architecture (e.g. initializing a BertForSequenceClassification model from a BertForPreTraining model).
- This IS NOT expected if you are initializing RobertaForMaskedLM from the checkpoint of a model that you expect to be exactly identical (initializing a BertForSequenceClassification model from a BertForSequenceClassification model).
2026-05-20 20:39:00,446 - INFO - Processed __main__.dot: Score=0.6412 (1 paths)
2026-05-20 20:39:02,111 - INFO - Processed test_case_0.dot: Score=0.4385 (1 paths)
2026-05-20 20:39:02,181 - INFO - Processed test_case_1.dot: Score=0.5823 (1 paths)
2026-05-20 20:39:02,264 - INFO - Processed test_case_2.dot: Score=0.3549 (1 paths)
2026-05-20 20:39:02,651 - INFO - Processed test_case_3.dot: Score=0.2686 (5 paths)
2026-05-20 20:39:02,721 - INFO - Processed test_case_4.dot: Score=0.5192 (1 paths)
2026-05-20 20:39:02,862 - INFO - Processed test_case_5.dot: Score=0.4185 (2 paths)
2026-05-20 20:39:02,966 - INFO - Processed __main__.dot: Score=0.6537 (1 paths)
2026-05-20 20:39:03,047 - INFO - Processed test_purge_timer_registry_and_debug_result.dot: Score=0.4297 (1 paths)
2026-05-20 20:39:03,122 - INFO - Processed test_variables_generator_can_be_instantiated.dot: Score=0.4165 (1 paths)
2026-05-20 20:39:03,206 - INFO - Processed test_eager_accepts_variables_generator_as_callable.dot: Score=0.5041 (1 paths)
2026-05-20 20:39:03,620 - INFO - Processed test_eager_and_debug_warn_get_source_with_integer_input.dot: Score=0.2106 (5 paths)
2026-05-20 20:39:03,702 - INFO - Processed test_warn_with_proxy_handler_returns_none.dot: Score=0.6196 (1 paths)
2026-05-20 20:39:03,869 - INFO - Processed test_eager_callable_invoked_with_none_module_and_self_as_start.dot: Score=0.3418 (2 paths)
<unknown>:24: SyntaxWarning: invalid escape sequence '\['
<unknown>:25: SyntaxWarning: invalid escape sequence '\['
<unknown>:26: SyntaxWarning: invalid escape sequence '\('
<unknown>:27: SyntaxWarning: invalid escape sequence '\('
<unknown>:28: SyntaxWarning: invalid escape sequence '\e'
2026-05-20 20:39:18,235 - INFO - HTTP Request: POST https://anast.ita.chalmers.se:4100/v1/chat/completions "HTTP/1.1 200 OK"
2026-05-20 20:39:32,254 - INFO - HTTP Request: POST https://anast.ita.chalmers.se:4100/v1/chat/completions "HTTP/1.1 200 OK"
2026-05-20 20:39:36,692 - INFO - HTTP Request: POST https://anast.ita.chalmers.se:4100/v1/chat/completions "HTTP/1.1 200 OK"
2026-05-20 20:39:51,018 - INFO - HTTP Request: POST https://anast.ita.chalmers.se:4100/v1/chat/completions "HTTP/1.1 200 OK"
2026-05-20 20:39:54,865 - INFO - HTTP Request: POST https://anast.ita.chalmers.se:4100/v1/chat/completions "HTTP/1.1 200 OK"
2026-05-20 20:40:07,129 - INFO - HTTP Request: POST https://anast.ita.chalmers.se:4100/v1/chat/completions "HTTP/1.1 200 OK"
2026-05-20 20:40:10,091 - INFO - HTTP Request: POST https://anast.ita.chalmers.se:4100/v1/chat/completions "HTTP/1.1 200 OK"
2026-05-20 20:40:20,867 - INFO - HTTP Request: POST https://anast.ita.chalmers.se:4100/v1/chat/completions "HTTP/1.1 200 OK"
2026-05-20 20:40:23,157 - INFO - HTTP Request: POST https://anast.ita.chalmers.se:4100/v1/chat/completions "HTTP/1.1 200 OK"
2026-05-20 20:40:36,188 - INFO - HTTP Request: POST https://anast.ita.chalmers.se:4100/v1/chat/completions "HTTP/1.1 200 OK"
2026-05-20 20:40:38,868 - INFO - HTTP Request: POST https://anast.ita.chalmers.se:4100/v1/chat/completions "HTTP/1.1 200 OK"
2026-05-20 20:40:51,456 - INFO - HTTP Request: POST https://anast.ita.chalmers.se:4100/v1/chat/completions "HTTP/1.1 200 OK"
2026-05-20 20:40:54,352 - INFO - HTTP Request: POST https://anast.ita.chalmers.se:4100/v1/chat/completions "HTTP/1.1 200 OK"
2026-05-20 20:41:06,775 - INFO - HTTP Request: POST https://anast.ita.chalmers.se:4100/v1/chat/completions "HTTP/1.1 200 OK"
2026-05-20 20:41:09,495 - INFO - HTTP Request: POST https://anast.ita.chalmers.se:4100/v1/chat/completions "HTTP/1.1 200 OK"
2026-05-20 20:41:23,920 - INFO - HTTP Request: POST https://anast.ita.chalmers.se:4100/v1/chat/completions "HTTP/1.1 200 OK"
2026-05-20 20:41:27,957 - INFO - HTTP Request: POST https://anast.ita.chalmers.se:4100/v1/chat/completions "HTTP/1.1 200 OK"
2026-05-20 20:41:42,134 - INFO - HTTP Request: POST https://anast.ita.chalmers.se:4100/v1/chat/completions "HTTP/1.1 200 OK"
2026-05-20 20:41:45,687 - INFO - HTTP Request: POST https://anast.ita.chalmers.se:4100/v1/chat/completions "HTTP/1.1 200 OK"
2026-05-20 20:41:59,760 - INFO - HTTP Request: POST https://anast.ita.chalmers.se:4100/v1/chat/completions "HTTP/1.1 200 OK"
2026-05-20 20:42:02,942 - INFO - HTTP Request: POST https://anast.ita.chalmers.se:4100/v1/chat/completions "HTTP/1.1 200 OK"
2026-05-20 20:42:14,733 - INFO - HTTP Request: POST https://anast.ita.chalmers.se:4100/v1/chat/completions "HTTP/1.1 200 OK"
2026-05-20 20:42:17,326 - INFO - HTTP Request: POST https://anast.ita.chalmers.se:4100/v1/chat/completions "HTTP/1.1 200 OK"
2026-05-20 20:42:29,211 - INFO - HTTP Request: POST https://anast.ita.chalmers.se:4100/v1/chat/completions "HTTP/1.1 200 OK"
2026-05-20 20:42:31,927 - INFO - HTTP Request: POST https://anast.ita.chalmers.se:4100/v1/chat/completions "HTTP/1.1 200 OK"
2026-05-20 20:42:43,815 - INFO - HTTP Request: POST https://anast.ita.chalmers.se:4100/v1/chat/completions "HTTP/1.1 200 OK"
2026-05-20 20:42:46,129 - INFO - HTTP Request: POST https://anast.ita.chalmers.se:4100/v1/chat/completions "HTTP/1.1 200 OK"
2026-05-20 20:42:57,703 - INFO - HTTP Request: POST https://anast.ita.chalmers.se:4100/v1/chat/completions "HTTP/1.1 200 OK"
2026-05-20 20:43:00,138 - INFO - HTTP Request: POST https://anast.ita.chalmers.se:4100/v1/chat/completions "HTTP/1.1 200 OK"
2026-05-20 20:43:13,717 - INFO - HTTP Request: POST https://anast.ita.chalmers.se:4100/v1/chat/completions "HTTP/1.1 200 OK"
2026-05-20 20:43:16,884 - INFO - HTTP Request: POST https://anast.ita.chalmers.se:4100/v1/chat/completions "HTTP/1.1 200 OK"
2026-05-20 20:43:27,092 - INFO - HTTP Request: POST https://anast.ita.chalmers.se:4100/v1/chat/completions "HTTP/1.1 200 OK"
2026-05-20 20:43:28,575 - INFO - HTTP Request: POST https://anast.ita.chalmers.se:4100/v1/chat/completions "HTTP/1.1 200 OK"
2026-05-20 20:43:41,360 - INFO - HTTP Request: POST https://anast.ita.chalmers.se:4100/v1/chat/completions "HTTP/1.1 200 OK"
2026-05-20 20:43:45,085 - INFO - HTTP Request: POST https://anast.ita.chalmers.se:4100/v1/chat/completions "HTTP/1.1 200 OK"
2026-05-20 20:43:58,024 - INFO - HTTP Request: POST https://anast.ita.chalmers.se:4100/v1/chat/completions "HTTP/1.1 200 OK"
2026-05-20 20:44:00,571 - INFO - HTTP Request: POST https://anast.ita.chalmers.se:4100/v1/chat/completions "HTTP/1.1 200 OK"
2026-05-20 20:44:13,553 - INFO - HTTP Request: POST https://anast.ita.chalmers.se:4100/v1/chat/completions "HTTP/1.1 200 OK"
2026-05-20 20:44:16,554 - INFO - HTTP Request: POST https://anast.ita.chalmers.se:4100/v1/chat/completions "HTTP/1.1 200 OK"
2026-05-20 20:44:29,044 - INFO - HTTP Request: POST https://anast.ita.chalmers.se:4100/v1/chat/completions "HTTP/1.1 200 OK"
2026-05-20 20:44:32,002 - INFO - HTTP Request: POST https://anast.ita.chalmers.se:4100/v1/chat/completions "HTTP/1.1 200 OK"
2026-05-20 20:44:49,543 - INFO - HTTP Request: POST https://anast.ita.chalmers.se:4100/v1/chat/completions "HTTP/1.1 200 OK"
2026-05-20 20:44:54,129 - INFO - HTTP Request: POST https://anast.ita.chalmers.se:4100/v1/chat/completions "HTTP/1.1 200 OK"
2026-05-20 20:45:10,201 - INFO - HTTP Request: POST https://anast.ita.chalmers.se:4100/v1/chat/completions "HTTP/1.1 200 OK"
2026-05-20 20:45:15,079 - INFO - HTTP Request: POST https://anast.ita.chalmers.se:4100/v1/chat/completions "HTTP/1.1 200 OK"
2026-05-20 20:45:29,510 - INFO - HTTP Request: POST https://anast.ita.chalmers.se:4100/v1/chat/completions "HTTP/1.1 200 OK"
2026-05-20 20:45:33,492 - INFO - HTTP Request: POST https://anast.ita.chalmers.se:4100/v1/chat/completions "HTTP/1.1 200 OK"
2026-05-20 20:45:59,990 - INFO - HTTP Request: POST https://anast.ita.chalmers.se:4100/v1/chat/completions "HTTP/1.1 200 OK"
2026-05-20 20:46:32,018 - INFO - Loading model: microsoft/codebert-base-mlm
/data/users/eliassam/miniforge3/lib/python3.12/site-packages/transformers/tokenization_utils_base.py:1601: FutureWarning: `clean_up_tokenization_spaces` was not set. It will be set to `True` by default. This behavior will be depracted in transformers v4.45, and will be then set to `False` by default. For more details check this issue: https://github.com/huggingface/transformers/issues/31884
  warnings.warn(
Some weights of the model checkpoint at microsoft/codebert-base-mlm were not used when initializing RobertaForMaskedLM: ['roberta.pooler.dense.bias', 'roberta.pooler.dense.weight']
- This IS expected if you are initializing RobertaForMaskedLM from the checkpoint of a model trained on another task or with another architecture (e.g. initializing a BertForSequenceClassification model from a BertForPreTraining model).
- This IS NOT expected if you are initializing RobertaForMaskedLM from the checkpoint of a model that you expect to be exactly identical (initializing a BertForSequenceClassification model from a BertForSequenceClassification model).
2026-05-20 20:46:33,745 - INFO - Processed __main__.dot: Score=0.8214 (1 paths)
2026-05-20 20:46:34,532 - INFO - Processed test_case_0.dot: Score=0.2621 (10 paths)
2026-05-20 20:46:35,986 - INFO - Processed test_case_1.dot: Score=0.3545 (9 paths)
2026-05-20 20:46:36,171 - INFO - Processed test_case_2.dot: Score=0.5200 (3 paths)
2026-05-20 20:46:36,293 - INFO - Processed test_case_3.dot: Score=0.4166 (2 paths)
2026-05-20 20:46:36,432 - INFO - Processed test_case_4.dot: Score=0.3706 (2 paths)
2026-05-20 20:46:36,562 - INFO - Processed test_case_5.dot: Score=0.6266 (2 paths)
2026-05-20 20:46:36,695 - INFO - Processed test_case_6.dot: Score=0.6387 (2 paths)
2026-05-20 20:46:36,974 - INFO - Processed test_case_7.dot: Score=0.2639 (4 paths)
2026-05-20 20:46:37,178 - INFO - Processed test_case_8.dot: Score=0.2760 (3 paths)
2026-05-20 20:46:37,650 - INFO - Processed test_case_9.dot: Score=0.3517 (7 paths)
2026-05-20 20:46:37,721 - INFO - Processed test_case_10.dot: Score=0.7147 (1 paths)
2026-05-20 20:46:37,855 - INFO - Processed test_case_11.dot: Score=0.5872 (2 paths)
2026-05-20 20:46:39,330 - INFO - Processed test_case_12.dot: Score=0.5387 (2 paths)
2026-05-20 20:46:39,400 - INFO - Processed test_case_13.dot: Score=0.6897 (1 paths)
2026-05-20 20:46:39,781 - INFO - Processed test_case_14.dot: Score=0.5443 (3 paths)
2026-05-20 20:46:39,832 - INFO - Processed test_case_15.dot: Score=0.6536 (1 paths)
2026-05-20 20:46:40,079 - INFO - Processed test_case_16.dot: Score=0.6411 (2 paths)
2026-05-20 20:46:40,210 - INFO - Processed test_case_17.dot: Score=0.6048 (2 paths)
2026-05-20 20:46:40,459 - INFO - Processed test_case_18.dot: Score=0.3376 (4 paths)
2026-05-20 20:46:40,651 - INFO - Processed test_case_19.dot: Score=0.4667 (3 paths)
2026-05-20 20:46:41,927 - INFO - Processed test_case_20.dot: Score=0.3443 (14 paths)
2026-05-20 20:46:43,027 - INFO - Processed test_case_21.dot: Score=0.3126 (10 paths)
2026-05-20 20:46:43,304 - INFO - Processed test_case_22.dot: Score=0.5441 (4 paths)
2026-05-20 20:46:43,327 - ERROR - Failed to parse or build PDG: '(' was never closed (<unknown>, line 346)
2026-05-20 20:46:43,327 - WARNING - No functions found in ./output/temp1/sonnet/pymonet.immutable_list/base/run1/test_pymonet_immutable_list_functions_refactored.py to generate PDGs for.
<unknown>:24: SyntaxWarning: invalid escape sequence '\['
<unknown>:25: SyntaxWarning: invalid escape sequence '\['
<unknown>:26: SyntaxWarning: invalid escape sequence '\('
<unknown>:27: SyntaxWarning: invalid escape sequence '\('
<unknown>:28: SyntaxWarning: invalid escape sequence '\e'
2026-05-20 20:46:55,676 - INFO - HTTP Request: POST https://anast.ita.chalmers.se:4100/v1/chat/completions "HTTP/1.1 200 OK"
2026-05-20 20:47:10,894 - INFO - HTTP Request: POST https://anast.ita.chalmers.se:4100/v1/chat/completions "HTTP/1.1 200 OK"
2026-05-20 20:47:14,517 - INFO - HTTP Request: POST https://anast.ita.chalmers.se:4100/v1/chat/completions "HTTP/1.1 200 OK"
2026-05-20 20:47:28,802 - INFO - HTTP Request: POST https://anast.ita.chalmers.se:4100/v1/chat/completions "HTTP/1.1 200 OK"
2026-05-20 20:47:32,590 - INFO - HTTP Request: POST https://anast.ita.chalmers.se:4100/v1/chat/completions "HTTP/1.1 200 OK"
2026-05-20 20:47:44,486 - INFO - HTTP Request: POST https://anast.ita.chalmers.se:4100/v1/chat/completions "HTTP/1.1 200 OK"
2026-05-20 20:47:47,250 - INFO - HTTP Request: POST https://anast.ita.chalmers.se:4100/v1/chat/completions "HTTP/1.1 200 OK"
2026-05-20 20:47:58,119 - INFO - HTTP Request: POST https://anast.ita.chalmers.se:4100/v1/chat/completions "HTTP/1.1 200 OK"
2026-05-20 20:48:01,394 - INFO - HTTP Request: POST https://anast.ita.chalmers.se:4100/v1/chat/completions "HTTP/1.1 200 OK"
2026-05-20 20:48:14,646 - INFO - HTTP Request: POST https://anast.ita.chalmers.se:4100/v1/chat/completions "HTTP/1.1 200 OK"
2026-05-20 20:48:17,853 - INFO - HTTP Request: POST https://anast.ita.chalmers.se:4100/v1/chat/completions "HTTP/1.1 200 OK"
2026-05-20 20:48:30,062 - INFO - HTTP Request: POST https://anast.ita.chalmers.se:4100/v1/chat/completions "HTTP/1.1 200 OK"
2026-05-20 20:48:32,578 - INFO - HTTP Request: POST https://anast.ita.chalmers.se:4100/v1/chat/completions "HTTP/1.1 200 OK"
2026-05-20 20:48:47,643 - INFO - HTTP Request: POST https://anast.ita.chalmers.se:4100/v1/chat/completions "HTTP/1.1 200 OK"
2026-05-20 20:48:50,368 - INFO - HTTP Request: POST https://anast.ita.chalmers.se:4100/v1/chat/completions "HTTP/1.1 200 OK"
2026-05-20 20:49:04,044 - INFO - HTTP Request: POST https://anast.ita.chalmers.se:4100/v1/chat/completions "HTTP/1.1 200 OK"
2026-05-20 20:49:07,494 - INFO - HTTP Request: POST https://anast.ita.chalmers.se:4100/v1/chat/completions "HTTP/1.1 200 OK"
2026-05-20 20:49:21,981 - INFO - HTTP Request: POST https://anast.ita.chalmers.se:4100/v1/chat/completions "HTTP/1.1 200 OK"
2026-05-20 20:49:25,564 - INFO - HTTP Request: POST https://anast.ita.chalmers.se:4100/v1/chat/completions "HTTP/1.1 200 OK"
2026-05-20 20:49:38,074 - INFO - HTTP Request: POST https://anast.ita.chalmers.se:4100/v1/chat/completions "HTTP/1.1 200 OK"
2026-05-20 20:49:41,291 - INFO - HTTP Request: POST https://anast.ita.chalmers.se:4100/v1/chat/completions "HTTP/1.1 200 OK"
2026-05-20 20:49:52,403 - INFO - HTTP Request: POST https://anast.ita.chalmers.se:4100/v1/chat/completions "HTTP/1.1 200 OK"
2026-05-20 20:49:54,187 - INFO - HTTP Request: POST https://anast.ita.chalmers.se:4100/v1/chat/completions "HTTP/1.1 200 OK"
2026-05-20 20:50:06,713 - INFO - HTTP Request: POST https://anast.ita.chalmers.se:4100/v1/chat/completions "HTTP/1.1 200 OK"
2026-05-20 20:50:10,658 - INFO - HTTP Request: POST https://anast.ita.chalmers.se:4100/v1/chat/completions "HTTP/1.1 200 OK"
2026-05-20 20:50:23,239 - INFO - HTTP Request: POST https://anast.ita.chalmers.se:4100/v1/chat/completions "HTTP/1.1 200 OK"
2026-05-20 20:50:25,783 - INFO - HTTP Request: POST https://anast.ita.chalmers.se:4100/v1/chat/completions "HTTP/1.1 200 OK"
2026-05-20 20:50:37,553 - INFO - HTTP Request: POST https://anast.ita.chalmers.se:4100/v1/chat/completions "HTTP/1.1 200 OK"
2026-05-20 20:50:40,339 - INFO - HTTP Request: POST https://anast.ita.chalmers.se:4100/v1/chat/completions "HTTP/1.1 200 OK"
2026-05-20 20:50:52,732 - INFO - HTTP Request: POST https://anast.ita.chalmers.se:4100/v1/chat/completions "HTTP/1.1 200 OK"
2026-05-20 20:50:55,592 - INFO - HTTP Request: POST https://anast.ita.chalmers.se:4100/v1/chat/completions "HTTP/1.1 200 OK"
2026-05-20 20:51:05,929 - INFO - HTTP Request: POST https://anast.ita.chalmers.se:4100/v1/chat/completions "HTTP/1.1 200 OK"
2026-05-20 20:51:08,094 - INFO - HTTP Request: POST https://anast.ita.chalmers.se:4100/v1/chat/completions "HTTP/1.1 200 OK"
2026-05-20 20:51:20,879 - INFO - HTTP Request: POST https://anast.ita.chalmers.se:4100/v1/chat/completions "HTTP/1.1 200 OK"
2026-05-20 20:51:23,888 - INFO - HTTP Request: POST https://anast.ita.chalmers.se:4100/v1/chat/completions "HTTP/1.1 200 OK"
2026-05-20 20:51:36,631 - INFO - HTTP Request: POST https://anast.ita.chalmers.se:4100/v1/chat/completions "HTTP/1.1 200 OK"
2026-05-20 20:51:39,371 - INFO - HTTP Request: POST https://anast.ita.chalmers.se:4100/v1/chat/completions "HTTP/1.1 200 OK"
2026-05-20 20:51:51,993 - INFO - HTTP Request: POST https://anast.ita.chalmers.se:4100/v1/chat/completions "HTTP/1.1 200 OK"
2026-05-20 20:51:56,542 - INFO - HTTP Request: POST https://anast.ita.chalmers.se:4100/v1/chat/completions "HTTP/1.1 200 OK"
2026-05-20 20:52:09,203 - INFO - HTTP Request: POST https://anast.ita.chalmers.se:4100/v1/chat/completions "HTTP/1.1 200 OK"
2026-05-20 20:52:11,959 - INFO - HTTP Request: POST https://anast.ita.chalmers.se:4100/v1/chat/completions "HTTP/1.1 200 OK"
2026-05-20 20:52:28,405 - INFO - HTTP Request: POST https://anast.ita.chalmers.se:4100/v1/chat/completions "HTTP/1.1 200 OK"
2026-05-20 20:52:33,230 - INFO - HTTP Request: POST https://anast.ita.chalmers.se:4100/v1/chat/completions "HTTP/1.1 200 OK"
2026-05-20 20:52:49,546 - INFO - HTTP Request: POST https://anast.ita.chalmers.se:4100/v1/chat/completions "HTTP/1.1 200 OK"
2026-05-20 20:52:54,252 - INFO - HTTP Request: POST https://anast.ita.chalmers.se:4100/v1/chat/completions "HTTP/1.1 200 OK"
2026-05-20 20:53:08,887 - INFO - HTTP Request: POST https://anast.ita.chalmers.se:4100/v1/chat/completions "HTTP/1.1 200 OK"
2026-05-20 20:53:12,402 - INFO - HTTP Request: POST https://anast.ita.chalmers.se:4100/v1/chat/completions "HTTP/1.1 200 OK"
2026-05-20 20:53:38,631 - INFO - HTTP Request: POST https://anast.ita.chalmers.se:4100/v1/chat/completions "HTTP/1.1 200 OK"
2026-05-20 20:54:14,851 - INFO - Loading model: microsoft/codebert-base-mlm
/data/users/eliassam/miniforge3/lib/python3.12/site-packages/transformers/tokenization_utils_base.py:1601: FutureWarning: `clean_up_tokenization_spaces` was not set. It will be set to `True` by default. This behavior will be depracted in transformers v4.45, and will be then set to `False` by default. For more details check this issue: https://github.com/huggingface/transformers/issues/31884
  warnings.warn(
Some weights of the model checkpoint at microsoft/codebert-base-mlm were not used when initializing RobertaForMaskedLM: ['roberta.pooler.dense.bias', 'roberta.pooler.dense.weight']
- This IS expected if you are initializing RobertaForMaskedLM from the checkpoint of a model trained on another task or with another architecture (e.g. initializing a BertForSequenceClassification model from a BertForPreTraining model).
- This IS NOT expected if you are initializing RobertaForMaskedLM from the checkpoint of a model that you expect to be exactly identical (initializing a BertForSequenceClassification model from a BertForSequenceClassification model).
2026-05-20 20:54:17,002 - INFO - Processed __main__.dot: Score=0.8214 (1 paths)
2026-05-20 20:54:17,710 - INFO - Processed test_case_0.dot: Score=0.2621 (10 paths)
2026-05-20 20:54:18,423 - INFO - Processed test_case_1.dot: Score=0.3545 (9 paths)
2026-05-20 20:54:18,614 - INFO - Processed test_case_2.dot: Score=0.5200 (3 paths)
2026-05-20 20:54:18,740 - INFO - Processed test_case_3.dot: Score=0.4166 (2 paths)
2026-05-20 20:54:18,888 - INFO - Processed test_case_4.dot: Score=0.3706 (2 paths)
2026-05-20 20:54:19,024 - INFO - Processed test_case_5.dot: Score=0.6266 (2 paths)
2026-05-20 20:54:19,160 - INFO - Processed test_case_6.dot: Score=0.6387 (2 paths)
2026-05-20 20:54:19,446 - INFO - Processed test_case_7.dot: Score=0.2639 (4 paths)
2026-05-20 20:54:19,657 - INFO - Processed test_case_8.dot: Score=0.2760 (3 paths)
2026-05-20 20:54:20,143 - INFO - Processed test_case_9.dot: Score=0.3517 (7 paths)
2026-05-20 20:54:20,214 - INFO - Processed test_case_10.dot: Score=0.7147 (1 paths)
2026-05-20 20:54:20,353 - INFO - Processed test_case_11.dot: Score=0.5872 (2 paths)
2026-05-20 20:54:20,489 - INFO - Processed test_case_12.dot: Score=0.5387 (2 paths)
2026-05-20 20:54:20,562 - INFO - Processed test_case_13.dot: Score=0.6897 (1 paths)
2026-05-20 20:54:20,772 - INFO - Processed test_case_14.dot: Score=0.5443 (3 paths)
2026-05-20 20:54:20,823 - INFO - Processed test_case_15.dot: Score=0.6536 (1 paths)
2026-05-20 20:54:20,958 - INFO - Processed test_case_16.dot: Score=0.6411 (2 paths)
2026-05-20 20:54:21,094 - INFO - Processed test_case_17.dot: Score=0.6048 (2 paths)
2026-05-20 20:54:21,355 - INFO - Processed test_case_18.dot: Score=0.3376 (4 paths)
2026-05-20 20:54:21,558 - INFO - Processed test_case_19.dot: Score=0.4667 (3 paths)
2026-05-20 20:54:23,146 - INFO - Processed test_case_20.dot: Score=0.3443 (14 paths)
2026-05-20 20:54:23,948 - INFO - Processed test_case_21.dot: Score=0.3126 (10 paths)
2026-05-20 20:54:24,224 - INFO - Processed test_case_22.dot: Score=0.5441 (4 paths)
2026-05-20 20:54:24,362 - INFO - Processed __main__.dot: Score=0.6985 (1 paths)
2026-05-20 20:54:25,257 - INFO - Processed test_immutable_list_basic_operations_on_empty_list.dot: Score=0.3128 (10 paths)
2026-05-20 20:54:26,071 - INFO - Processed test_immutable_list_basic_operations_on_empty_list_eq_concat_find.dot: Score=0.2332 (9 paths)
2026-05-20 20:54:26,288 - INFO - Processed test_immutable_list_append_and_find_with_truthy_value.dot: Score=0.2994 (3 paths)
2026-05-20 20:54:26,422 - INFO - Processed test_add_with_none_on_empty_immutable_list.dot: Score=0.4628 (2 paths)
2026-05-20 20:54:26,589 - INFO - Processed test_immutable_list_find_with_empty_list_as_is_empty_flag.dot: Score=0.3118 (2 paths)
2026-05-20 20:54:26,738 - INFO - Processed test_immutable_list_with_false_value_len_and_find.dot: Score=0.2885 (2 paths)
2026-05-20 20:54:26,896 - INFO - Processed test_immutable_list_find_with_converted_list.dot: Score=0.5066 (2 paths)
2026-05-20 20:54:27,230 - INFO - Processed test_find_on_empty_list_and_append_self_then_convert_to_list.dot: Score=0.2297 (4 paths)
2026-05-20 20:54:27,484 - INFO - Processed test_immutable_list_map_with_non_empty_flag_and_repeated_to_list.dot: Score=0.2665 (3 paths)
2026-05-20 20:54:28,920 - INFO - Processed test_immutable_list_unshift_and_map_with_none_values.dot: Score=0.3626 (7 paths)
2026-05-20 20:54:29,002 - INFO - Processed test_filter_immutable_list_with_itself_when_empty.dot: Score=0.4876 (1 paths)
2026-05-20 20:54:29,156 - INFO - Processed test_add_empty_lists_and_filter_by_length.dot: Score=0.2650 (2 paths)
2026-05-20 20:54:29,309 - INFO - Processed test_find_on_empty_immutable_list_returns_empty_result.dot: Score=0.4777 (2 paths)
2026-05-20 20:54:29,396 - INFO - Processed test_immutable_list_find_with_false_value_and_non_empty_flag.dot: Score=0.3375 (1 paths)
2026-05-20 20:54:29,640 - INFO - Processed test_reduce_on_empty_list_and_find_on_non_empty_list.dot: Score=0.3280 (3 paths)
2026-05-20 20:54:29,701 - INFO - Processed test_immutable_list_default_constructor.dot: Score=0.4842 (1 paths)
2026-05-20 20:54:29,858 - INFO - Processed test_immutable_list_str_and_find_with_false_init.dot: Score=0.4935 (2 paths)
2026-05-20 20:54:30,018 - INFO - Processed test_immutable_list_unshift_and_find_with_false_initial_value.dot: Score=0.2986 (2 paths)
2026-05-20 20:54:30,325 - INFO - Processed test_immutable_list_unshift_append_and_find_with_false.dot: Score=0.4467 (4 paths)
2026-05-20 20:54:30,481 - INFO - Processed test_immutable_list_append_increases_length_and_find_on_non_empty_list.dot: Score=0.2874 (2 paths)
<unknown>:24: SyntaxWarning: invalid escape sequence '\['
<unknown>:25: SyntaxWarning: invalid escape sequence '\['
<unknown>:26: SyntaxWarning: invalid escape sequence '\('
<unknown>:27: SyntaxWarning: invalid escape sequence '\('
<unknown>:28: SyntaxWarning: invalid escape sequence '\e'
2026-05-20 20:54:42,384 - INFO - HTTP Request: POST https://anast.ita.chalmers.se:4100/v1/chat/completions "HTTP/1.1 200 OK"
2026-05-20 20:54:57,184 - INFO - HTTP Request: POST https://anast.ita.chalmers.se:4100/v1/chat/completions "HTTP/1.1 200 OK"
2026-05-20 20:55:00,674 - INFO - HTTP Request: POST https://anast.ita.chalmers.se:4100/v1/chat/completions "HTTP/1.1 200 OK"
2026-05-20 20:55:15,381 - INFO - HTTP Request: POST https://anast.ita.chalmers.se:4100/v1/chat/completions "HTTP/1.1 200 OK"
2026-05-20 20:55:19,627 - INFO - HTTP Request: POST https://anast.ita.chalmers.se:4100/v1/chat/completions "HTTP/1.1 200 OK"
2026-05-20 20:55:32,152 - INFO - HTTP Request: POST https://anast.ita.chalmers.se:4100/v1/chat/completions "HTTP/1.1 200 OK"
2026-05-20 20:55:35,260 - INFO - HTTP Request: POST https://anast.ita.chalmers.se:4100/v1/chat/completions "HTTP/1.1 200 OK"
2026-05-20 20:55:46,257 - INFO - HTTP Request: POST https://anast.ita.chalmers.se:4100/v1/chat/completions "HTTP/1.1 200 OK"
2026-05-20 20:55:48,646 - INFO - HTTP Request: POST https://anast.ita.chalmers.se:4100/v1/chat/completions "HTTP/1.1 200 OK"
2026-05-20 20:56:01,863 - INFO - HTTP Request: POST https://anast.ita.chalmers.se:4100/v1/chat/completions "HTTP/1.1 200 OK"
2026-05-20 20:56:05,023 - INFO - HTTP Request: POST https://anast.ita.chalmers.se:4100/v1/chat/completions "HTTP/1.1 200 OK"
2026-05-20 20:56:18,611 - INFO - HTTP Request: POST https://anast.ita.chalmers.se:4100/v1/chat/completions "HTTP/1.1 200 OK"
2026-05-20 20:56:21,186 - INFO - HTTP Request: POST https://anast.ita.chalmers.se:4100/v1/chat/completions "HTTP/1.1 200 OK"
2026-05-20 20:56:32,987 - INFO - HTTP Request: POST https://anast.ita.chalmers.se:4100/v1/chat/completions "HTTP/1.1 200 OK"
2026-05-20 20:56:35,689 - INFO - HTTP Request: POST https://anast.ita.chalmers.se:4100/v1/chat/completions "HTTP/1.1 200 OK"
2026-05-20 20:56:49,233 - INFO - HTTP Request: POST https://anast.ita.chalmers.se:4100/v1/chat/completions "HTTP/1.1 200 OK"
2026-05-20 20:56:52,987 - INFO - HTTP Request: POST https://anast.ita.chalmers.se:4100/v1/chat/completions "HTTP/1.1 200 OK"
2026-05-20 20:57:07,297 - INFO - HTTP Request: POST https://anast.ita.chalmers.se:4100/v1/chat/completions "HTTP/1.1 200 OK"
2026-05-20 20:57:10,777 - INFO - HTTP Request: POST https://anast.ita.chalmers.se:4100/v1/chat/completions "HTTP/1.1 200 OK"
2026-05-20 20:57:24,453 - INFO - HTTP Request: POST https://anast.ita.chalmers.se:4100/v1/chat/completions "HTTP/1.1 200 OK"
2026-05-20 20:57:27,940 - INFO - HTTP Request: POST https://anast.ita.chalmers.se:4100/v1/chat/completions "HTTP/1.1 200 OK"
2026-05-20 20:57:39,583 - INFO - HTTP Request: POST https://anast.ita.chalmers.se:4100/v1/chat/completions "HTTP/1.1 200 OK"
2026-05-20 20:57:41,665 - INFO - HTTP Request: POST https://anast.ita.chalmers.se:4100/v1/chat/completions "HTTP/1.1 200 OK"
2026-05-20 20:57:53,506 - INFO - HTTP Request: POST https://anast.ita.chalmers.se:4100/v1/chat/completions "HTTP/1.1 200 OK"
2026-05-20 20:57:56,157 - INFO - HTTP Request: POST https://anast.ita.chalmers.se:4100/v1/chat/completions "HTTP/1.1 200 OK"
2026-05-20 20:58:13,118 - INFO - HTTP Request: POST https://anast.ita.chalmers.se:4100/v1/chat/completions "HTTP/1.1 200 OK"
2026-05-20 20:58:15,951 - INFO - HTTP Request: POST https://anast.ita.chalmers.se:4100/v1/chat/completions "HTTP/1.1 200 OK"
2026-05-20 20:58:27,319 - INFO - HTTP Request: POST https://anast.ita.chalmers.se:4100/v1/chat/completions "HTTP/1.1 200 OK"
2026-05-20 20:58:30,572 - INFO - HTTP Request: POST https://anast.ita.chalmers.se:4100/v1/chat/completions "HTTP/1.1 200 OK"
2026-05-20 20:58:43,958 - INFO - HTTP Request: POST https://anast.ita.chalmers.se:4100/v1/chat/completions "HTTP/1.1 200 OK"
2026-05-20 20:58:47,247 - INFO - HTTP Request: POST https://anast.ita.chalmers.se:4100/v1/chat/completions "HTTP/1.1 200 OK"
2026-05-20 20:58:57,704 - INFO - HTTP Request: POST https://anast.ita.chalmers.se:4100/v1/chat/completions "HTTP/1.1 200 OK"
2026-05-20 20:58:59,375 - INFO - HTTP Request: POST https://anast.ita.chalmers.se:4100/v1/chat/completions "HTTP/1.1 200 OK"
2026-05-20 20:59:13,445 - INFO - HTTP Request: POST https://anast.ita.chalmers.se:4100/v1/chat/completions "HTTP/1.1 200 OK"
2026-05-20 20:59:15,755 - INFO - HTTP Request: POST https://anast.ita.chalmers.se:4100/v1/chat/completions "HTTP/1.1 200 OK"
2026-05-20 20:59:27,766 - INFO - HTTP Request: POST https://anast.ita.chalmers.se:4100/v1/chat/completions "HTTP/1.1 200 OK"
2026-05-20 20:59:30,802 - INFO - HTTP Request: POST https://anast.ita.chalmers.se:4100/v1/chat/completions "HTTP/1.1 200 OK"
2026-05-20 20:59:44,960 - INFO - HTTP Request: POST https://anast.ita.chalmers.se:4100/v1/chat/completions "HTTP/1.1 200 OK"
2026-05-20 20:59:47,831 - INFO - HTTP Request: POST https://anast.ita.chalmers.se:4100/v1/chat/completions "HTTP/1.1 200 OK"
2026-05-20 21:00:00,566 - INFO - HTTP Request: POST https://anast.ita.chalmers.se:4100/v1/chat/completions "HTTP/1.1 200 OK"
2026-05-20 21:00:03,478 - INFO - HTTP Request: POST https://anast.ita.chalmers.se:4100/v1/chat/completions "HTTP/1.1 200 OK"
2026-05-20 21:00:19,095 - INFO - HTTP Request: POST https://anast.ita.chalmers.se:4100/v1/chat/completions "HTTP/1.1 200 OK"
2026-05-20 21:00:23,325 - INFO - HTTP Request: POST https://anast.ita.chalmers.se:4100/v1/chat/completions "HTTP/1.1 200 OK"
2026-05-20 21:00:39,545 - INFO - HTTP Request: POST https://anast.ita.chalmers.se:4100/v1/chat/completions "HTTP/1.1 200 OK"
2026-05-20 21:00:44,115 - INFO - HTTP Request: POST https://anast.ita.chalmers.se:4100/v1/chat/completions "HTTP/1.1 200 OK"
2026-05-20 21:00:58,030 - INFO - HTTP Request: POST https://anast.ita.chalmers.se:4100/v1/chat/completions "HTTP/1.1 200 OK"
2026-05-20 21:01:01,772 - INFO - HTTP Request: POST https://anast.ita.chalmers.se:4100/v1/chat/completions "HTTP/1.1 200 OK"
2026-05-20 21:01:28,616 - INFO - HTTP Request: POST https://anast.ita.chalmers.se:4100/v1/chat/completions "HTTP/1.1 200 OK"
2026-05-20 21:01:59,697 - INFO - Loading model: microsoft/codebert-base-mlm
/data/users/eliassam/miniforge3/lib/python3.12/site-packages/transformers/tokenization_utils_base.py:1601: FutureWarning: `clean_up_tokenization_spaces` was not set. It will be set to `True` by default. This behavior will be depracted in transformers v4.45, and will be then set to `False` by default. For more details check this issue: https://github.com/huggingface/transformers/issues/31884
  warnings.warn(
Some weights of the model checkpoint at microsoft/codebert-base-mlm were not used when initializing RobertaForMaskedLM: ['roberta.pooler.dense.bias', 'roberta.pooler.dense.weight']
- This IS expected if you are initializing RobertaForMaskedLM from the checkpoint of a model trained on another task or with another architecture (e.g. initializing a BertForSequenceClassification model from a BertForPreTraining model).
- This IS NOT expected if you are initializing RobertaForMaskedLM from the checkpoint of a model that you expect to be exactly identical (initializing a BertForSequenceClassification model from a BertForSequenceClassification model).
2026-05-20 21:02:01,767 - INFO - Processed __main__.dot: Score=0.8214 (1 paths)
2026-05-20 21:02:02,479 - INFO - Processed test_case_0.dot: Score=0.2621 (10 paths)
2026-05-20 21:02:03,219 - INFO - Processed test_case_1.dot: Score=0.3545 (9 paths)
2026-05-20 21:02:03,420 - INFO - Processed test_case_2.dot: Score=0.5200 (3 paths)
2026-05-20 21:02:03,554 - INFO - Processed test_case_3.dot: Score=0.4166 (2 paths)
2026-05-20 21:02:03,705 - INFO - Processed test_case_4.dot: Score=0.3706 (2 paths)
2026-05-20 21:02:03,849 - INFO - Processed test_case_5.dot: Score=0.6266 (2 paths)
2026-05-20 21:02:03,993 - INFO - Processed test_case_6.dot: Score=0.6387 (2 paths)
2026-05-20 21:02:04,291 - INFO - Processed test_case_7.dot: Score=0.2639 (4 paths)
2026-05-20 21:02:04,510 - INFO - Processed test_case_8.dot: Score=0.2760 (3 paths)
2026-05-20 21:02:04,992 - INFO - Processed test_case_9.dot: Score=0.3517 (7 paths)
2026-05-20 21:02:05,061 - INFO - Processed test_case_10.dot: Score=0.7147 (1 paths)
2026-05-20 21:02:05,198 - INFO - Processed test_case_11.dot: Score=0.5872 (2 paths)
2026-05-20 21:02:05,332 - INFO - Processed test_case_12.dot: Score=0.5387 (2 paths)
2026-05-20 21:02:05,402 - INFO - Processed test_case_13.dot: Score=0.6897 (1 paths)
2026-05-20 21:02:05,612 - INFO - Processed test_case_14.dot: Score=0.5443 (3 paths)
2026-05-20 21:02:05,662 - INFO - Processed test_case_15.dot: Score=0.6536 (1 paths)
2026-05-20 21:02:05,796 - INFO - Processed test_case_16.dot: Score=0.6411 (2 paths)
2026-05-20 21:02:05,931 - INFO - Processed test_case_17.dot: Score=0.6048 (2 paths)
2026-05-20 21:02:06,189 - INFO - Processed test_case_18.dot: Score=0.3376 (4 paths)
2026-05-20 21:02:06,389 - INFO - Processed test_case_19.dot: Score=0.4667 (3 paths)
2026-05-20 21:02:07,875 - INFO - Processed test_case_20.dot: Score=0.3443 (14 paths)
2026-05-20 21:02:08,809 - INFO - Processed test_case_21.dot: Score=0.3126 (10 paths)
2026-05-20 21:02:09,085 - INFO - Processed test_case_22.dot: Score=0.5441 (4 paths)
2026-05-20 21:02:09,213 - INFO - Processed __main__.dot: Score=0.6985 (1 paths)
2026-05-20 21:02:10,147 - INFO - Processed test_immutable_list_basic_operations_on_empty_list.dot: Score=0.2711 (10 paths)
2026-05-20 21:02:11,375 - INFO - Processed test_immutable_list_operations_with_empty_list_and_boolean.dot: Score=0.2213 (9 paths)
2026-05-20 21:02:11,587 - INFO - Processed test_immutable_list_append_and_find_with_bool_value.dot: Score=0.3877 (3 paths)
2026-05-20 21:02:11,729 - INFO - Processed test_add_with_none_on_empty_immutable_list.dot: Score=0.4628 (2 paths)
2026-05-20 21:02:11,897 - INFO - Processed test_immutable_list_find_on_self_with_empty_list_as_is_empty.dot: Score=0.3002 (2 paths)
2026-05-20 21:02:12,046 - INFO - Processed test_immutable_list_len_and_find_with_false.dot: Score=0.2832 (2 paths)
2026-05-20 21:02:12,202 - INFO - Processed test_immutable_list_find_with_converted_list.dot: Score=0.5126 (2 paths)
2026-05-20 21:02:12,376 - INFO - Processed test_find_on_empty_list_and_append_self_then_convert_to_list.dot: Score=0.2292 (2 paths)
2026-05-20 21:02:12,634 - INFO - Processed test_immutable_list_map_with_non_empty_flag_and_repeated_to_list.dot: Score=0.2531 (3 paths)
2026-05-20 21:02:13,178 - INFO - Processed test_immutable_list_unshift_and_map_with_none_values.dot: Score=0.2651 (7 paths)
2026-05-20 21:02:13,261 - INFO - Processed test_filter_immutable_list_with_itself_when_empty.dot: Score=0.3674 (1 paths)
2026-05-20 21:02:13,414 - INFO - Processed test_immutable_list_filter_on_empty_concatenation.dot: Score=0.3111 (2 paths)
2026-05-20 21:02:13,566 - INFO - Processed test_find_on_empty_immutable_list_returns_empty_result.dot: Score=0.4817 (2 paths)
2026-05-20 21:02:13,648 - INFO - Processed test_immutable_list_find_with_false_initialization.dot: Score=0.3568 (1 paths)
2026-05-20 21:02:13,887 - INFO - Processed test_immutable_list_reduce_and_find_with_false.dot: Score=0.3152 (3 paths)
2026-05-20 21:02:13,950 - INFO - Processed test_immutable_list_default_construction.dot: Score=0.4494 (1 paths)
2026-05-20 21:02:14,106 - INFO - Processed test_immutable_list_str_and_find_with_false_init.dot: Score=0.2718 (2 paths)
2026-05-20 21:02:14,264 - INFO - Processed test_immutable_list_unshift_and_find_with_empty_list.dot: Score=0.2856 (2 paths)
2026-05-20 21:02:14,554 - INFO - Processed test_immutable_list_unshift_append_and_find.dot: Score=0.3372 (4 paths)
2026-05-20 21:02:14,780 - INFO - Processed test_immutable_list_append_increases_length_and_find_on_self.dot: Score=0.4567 (3 paths)
2026-05-20 21:02:15,211 - INFO - Processed test_immutable_list_operations_with_nested_append_reduce_and_find.dot: Score=0.2200 (5 paths)
<unknown>:24: SyntaxWarning: invalid escape sequence '\['
<unknown>:25: SyntaxWarning: invalid escape sequence '\['
<unknown>:26: SyntaxWarning: invalid escape sequence '\('
<unknown>:27: SyntaxWarning: invalid escape sequence '\('
<unknown>:28: SyntaxWarning: invalid escape sequence '\e'
2026-05-20 21:02:27,576 - INFO - HTTP Request: POST https://anast.ita.chalmers.se:4100/v1/chat/completions "HTTP/1.1 200 OK"
2026-05-20 21:02:40,294 - INFO - HTTP Request: POST https://anast.ita.chalmers.se:4100/v1/chat/completions "HTTP/1.1 200 OK"
2026-05-20 21:02:43,526 - INFO - HTTP Request: POST https://anast.ita.chalmers.se:4100/v1/chat/completions "HTTP/1.1 200 OK"
2026-05-20 21:02:54,429 - INFO - HTTP Request: POST https://anast.ita.chalmers.se:4100/v1/chat/completions "HTTP/1.1 200 OK"
2026-05-20 21:02:56,608 - INFO - HTTP Request: POST https://anast.ita.chalmers.se:4100/v1/chat/completions "HTTP/1.1 200 OK"
2026-05-20 21:03:13,328 - INFO - HTTP Request: POST https://anast.ita.chalmers.se:4100/v1/chat/completions "HTTP/1.1 200 OK"
2026-05-20 21:03:18,626 - INFO - HTTP Request: POST https://anast.ita.chalmers.se:4100/v1/chat/completions "HTTP/1.1 200 OK"
2026-05-20 21:03:31,247 - INFO - HTTP Request: POST https://anast.ita.chalmers.se:4100/v1/chat/completions "HTTP/1.1 200 OK"
2026-05-20 21:03:33,820 - INFO - HTTP Request: POST https://anast.ita.chalmers.se:4100/v1/chat/completions "HTTP/1.1 200 OK"
2026-05-20 21:03:49,039 - INFO - HTTP Request: POST https://anast.ita.chalmers.se:4100/v1/chat/completions "HTTP/1.1 200 OK"
2026-05-20 21:03:52,827 - INFO - HTTP Request: POST https://anast.ita.chalmers.se:4100/v1/chat/completions "HTTP/1.1 200 OK"
2026-05-20 21:04:03,922 - INFO - HTTP Request: POST https://anast.ita.chalmers.se:4100/v1/chat/completions "HTTP/1.1 200 OK"
2026-05-20 21:04:06,355 - INFO - HTTP Request: POST https://anast.ita.chalmers.se:4100/v1/chat/completions "HTTP/1.1 200 OK"
2026-05-20 21:04:18,932 - INFO - HTTP Request: POST https://anast.ita.chalmers.se:4100/v1/chat/completions "HTTP/1.1 200 OK"
2026-05-20 21:04:21,937 - INFO - HTTP Request: POST https://anast.ita.chalmers.se:4100/v1/chat/completions "HTTP/1.1 200 OK"
2026-05-20 21:04:38,307 - INFO - HTTP Request: POST https://anast.ita.chalmers.se:4100/v1/chat/completions "HTTP/1.1 200 OK"
2026-05-20 21:04:42,633 - INFO - HTTP Request: POST https://anast.ita.chalmers.se:4100/v1/chat/completions "HTTP/1.1 200 OK"
2026-05-20 21:04:54,289 - INFO - HTTP Request: POST https://anast.ita.chalmers.se:4100/v1/chat/completions "HTTP/1.1 200 OK"
2026-05-20 21:04:56,645 - INFO - HTTP Request: POST https://anast.ita.chalmers.se:4100/v1/chat/completions "HTTP/1.1 200 OK"
2026-05-20 21:05:11,852 - INFO - HTTP Request: POST https://anast.ita.chalmers.se:4100/v1/chat/completions "HTTP/1.1 200 OK"
2026-05-20 21:05:15,405 - INFO - HTTP Request: POST https://anast.ita.chalmers.se:4100/v1/chat/completions "HTTP/1.1 200 OK"
2026-05-20 21:05:28,729 - INFO - HTTP Request: POST https://anast.ita.chalmers.se:4100/v1/chat/completions "HTTP/1.1 200 OK"
2026-05-20 21:05:32,522 - INFO - HTTP Request: POST https://anast.ita.chalmers.se:4100/v1/chat/completions "HTTP/1.1 200 OK"
2026-05-20 21:05:47,739 - INFO - HTTP Request: POST https://anast.ita.chalmers.se:4100/v1/chat/completions "HTTP/1.1 200 OK"
2026-05-20 21:05:51,640 - INFO - HTTP Request: POST https://anast.ita.chalmers.se:4100/v1/chat/completions "HTTP/1.1 200 OK"
2026-05-20 21:06:07,223 - INFO - HTTP Request: POST https://anast.ita.chalmers.se:4100/v1/chat/completions "HTTP/1.1 200 OK"
2026-05-20 21:06:11,425 - INFO - HTTP Request: POST https://anast.ita.chalmers.se:4100/v1/chat/completions "HTTP/1.1 200 OK"
2026-05-20 21:06:24,755 - INFO - HTTP Request: POST https://anast.ita.chalmers.se:4100/v1/chat/completions "HTTP/1.1 200 OK"
2026-05-20 21:06:27,959 - INFO - HTTP Request: POST https://anast.ita.chalmers.se:4100/v1/chat/completions "HTTP/1.1 200 OK"
2026-05-20 21:06:43,672 - INFO - HTTP Request: POST https://anast.ita.chalmers.se:4100/v1/chat/completions "HTTP/1.1 200 OK"
2026-05-20 21:06:47,798 - INFO - HTTP Request: POST https://anast.ita.chalmers.se:4100/v1/chat/completions "HTTP/1.1 200 OK"
2026-05-20 21:07:01,886 - INFO - HTTP Request: POST https://anast.ita.chalmers.se:4100/v1/chat/completions "HTTP/1.1 200 OK"
2026-05-20 21:07:04,210 - INFO - HTTP Request: POST https://anast.ita.chalmers.se:4100/v1/chat/completions "HTTP/1.1 200 OK"
2026-05-20 21:07:20,512 - INFO - HTTP Request: POST https://anast.ita.chalmers.se:4100/v1/chat/completions "HTTP/1.1 200 OK"
2026-05-20 21:07:25,151 - INFO - HTTP Request: POST https://anast.ita.chalmers.se:4100/v1/chat/completions "HTTP/1.1 200 OK"
2026-05-20 21:07:43,289 - INFO - HTTP Request: POST https://anast.ita.chalmers.se:4100/v1/chat/completions "HTTP/1.1 200 OK"
2026-05-20 21:07:49,377 - INFO - HTTP Request: POST https://anast.ita.chalmers.se:4100/v1/chat/completions "HTTP/1.1 200 OK"
2026-05-20 21:08:02,631 - INFO - HTTP Request: POST https://anast.ita.chalmers.se:4100/v1/chat/completions "HTTP/1.1 200 OK"
2026-05-20 21:08:05,969 - INFO - HTTP Request: POST https://anast.ita.chalmers.se:4100/v1/chat/completions "HTTP/1.1 200 OK"
2026-05-20 21:08:18,180 - INFO - HTTP Request: POST https://anast.ita.chalmers.se:4100/v1/chat/completions "HTTP/1.1 200 OK"
2026-05-20 21:08:20,888 - INFO - HTTP Request: POST https://anast.ita.chalmers.se:4100/v1/chat/completions "HTTP/1.1 200 OK"
2026-05-20 21:08:49,135 - INFO - HTTP Request: POST https://anast.ita.chalmers.se:4100/v1/chat/completions "HTTP/1.1 200 OK"
2026-05-20 21:09:33,138 - INFO - Loading model: microsoft/codebert-base-mlm
/data/users/eliassam/miniforge3/lib/python3.12/site-packages/transformers/tokenization_utils_base.py:1601: FutureWarning: `clean_up_tokenization_spaces` was not set. It will be set to `True` by default. This behavior will be depracted in transformers v4.45, and will be then set to `False` by default. For more details check this issue: https://github.com/huggingface/transformers/issues/31884
  warnings.warn(
Some weights of the model checkpoint at microsoft/codebert-base-mlm were not used when initializing RobertaForMaskedLM: ['roberta.pooler.dense.bias', 'roberta.pooler.dense.weight']
- This IS expected if you are initializing RobertaForMaskedLM from the checkpoint of a model trained on another task or with another architecture (e.g. initializing a BertForSequenceClassification model from a BertForPreTraining model).
- This IS NOT expected if you are initializing RobertaForMaskedLM from the checkpoint of a model that you expect to be exactly identical (initializing a BertForSequenceClassification model from a BertForSequenceClassification model).
2026-05-20 21:09:35,521 - INFO - Processed __main__.dot: Score=0.8692 (1 paths)
2026-05-20 21:09:35,752 - INFO - Processed test_case_0.dot: Score=0.3918 (1 paths)
2026-05-20 21:09:35,827 - INFO - Processed test_case_1.dot: Score=0.4033 (1 paths)
2026-05-20 21:09:42,791 - INFO - Processed test_case_2.dot: Score=0.1618 (50 paths)
2026-05-20 21:09:42,914 - INFO - Processed test_case_3.dot: Score=0.3069 (2 paths)
2026-05-20 21:09:43,218 - INFO - Processed test_case_4.dot: Score=0.2873 (5 paths)
2026-05-20 21:09:43,368 - INFO - Processed test_case_5.dot: Score=0.4323 (3 paths)
2026-05-20 21:09:43,549 - INFO - Processed test_case_6.dot: Score=0.2701 (3 paths)
2026-05-20 21:09:46,819 - INFO - Processed test_case_7.dot: Score=0.1339 (38 paths)
2026-05-20 21:09:46,971 - INFO - Processed test_case_8.dot: Score=0.4911 (3 paths)
2026-05-20 21:09:47,723 - INFO - Processed test_case_9.dot: Score=0.2056 (12 paths)
2026-05-20 21:09:48,132 - INFO - Processed test_case_10.dot: Score=0.2094 (6 paths)
2026-05-20 21:09:49,826 - INFO - Processed test_case_11.dot: Score=0.1839 (24 paths)
2026-05-20 21:09:53,126 - INFO - Processed test_case_12.dot: Score=0.1645 (34 paths)
2026-05-20 21:09:54,057 - INFO - Processed test_case_13.dot: Score=0.1918 (10 paths)
2026-05-20 21:09:55,310 - INFO - Processed test_case_14.dot: Score=0.1790 (18 paths)
2026-05-20 21:09:55,428 - INFO - Processed test_case_15.dot: Score=0.2980 (2 paths)
2026-05-20 21:09:58,447 - INFO - Processed test_case_16.dot: Score=0.1663 (40 paths)
2026-05-20 21:10:04,677 - INFO - Processed test_case_17.dot: Score=0.1025 (50 paths)
2026-05-20 21:10:05,477 - INFO - Processed test_case_18.dot: Score=0.2135 (13 paths)
2026-05-20 21:10:05,597 - INFO - Processed test_case_19.dot: Score=0.2928 (2 paths)
2026-05-20 21:10:05,681 - INFO - Processed __main__.dot: Score=0.8639 (1 paths)
<unknown>:24: SyntaxWarning: invalid escape sequence '\['
<unknown>:25: SyntaxWarning: invalid escape sequence '\['
<unknown>:26: SyntaxWarning: invalid escape sequence '\('
<unknown>:27: SyntaxWarning: invalid escape sequence '\('
<unknown>:28: SyntaxWarning: invalid escape sequence '\e'
2026-05-20 21:10:18,272 - INFO - HTTP Request: POST https://anast.ita.chalmers.se:4100/v1/chat/completions "HTTP/1.1 200 OK"
2026-05-20 21:10:31,452 - INFO - HTTP Request: POST https://anast.ita.chalmers.se:4100/v1/chat/completions "HTTP/1.1 200 OK"
2026-05-20 21:10:33,819 - INFO - HTTP Request: POST https://anast.ita.chalmers.se:4100/v1/chat/completions "HTTP/1.1 200 OK"
2026-05-20 21:10:45,308 - INFO - HTTP Request: POST https://anast.ita.chalmers.se:4100/v1/chat/completions "HTTP/1.1 200 OK"
2026-05-20 21:10:47,162 - INFO - HTTP Request: POST https://anast.ita.chalmers.se:4100/v1/chat/completions "HTTP/1.1 200 OK"
2026-05-20 21:11:04,811 - INFO - HTTP Request: POST https://anast.ita.chalmers.se:4100/v1/chat/completions "HTTP/1.1 200 OK"
2026-05-20 21:11:09,837 - INFO - HTTP Request: POST https://anast.ita.chalmers.se:4100/v1/chat/completions "HTTP/1.1 200 OK"
2026-05-20 21:11:22,328 - INFO - HTTP Request: POST https://anast.ita.chalmers.se:4100/v1/chat/completions "HTTP/1.1 200 OK"
2026-05-20 21:11:24,913 - INFO - HTTP Request: POST https://anast.ita.chalmers.se:4100/v1/chat/completions "HTTP/1.1 200 OK"
2026-05-20 21:11:38,111 - INFO - HTTP Request: POST https://anast.ita.chalmers.se:4100/v1/chat/completions "HTTP/1.1 200 OK"
2026-05-20 21:11:41,832 - INFO - HTTP Request: POST https://anast.ita.chalmers.se:4100/v1/chat/completions "HTTP/1.1 200 OK"
2026-05-20 21:11:52,953 - INFO - HTTP Request: POST https://anast.ita.chalmers.se:4100/v1/chat/completions "HTTP/1.1 200 OK"
2026-05-20 21:11:54,980 - INFO - HTTP Request: POST https://anast.ita.chalmers.se:4100/v1/chat/completions "HTTP/1.1 200 OK"
2026-05-20 21:12:09,565 - INFO - HTTP Request: POST https://anast.ita.chalmers.se:4100/v1/chat/completions "HTTP/1.1 200 OK"
2026-05-20 21:12:12,650 - INFO - HTTP Request: POST https://anast.ita.chalmers.se:4100/v1/chat/completions "HTTP/1.1 200 OK"
2026-05-20 21:12:28,759 - INFO - HTTP Request: POST https://anast.ita.chalmers.se:4100/v1/chat/completions "HTTP/1.1 200 OK"
2026-05-20 21:12:33,538 - INFO - HTTP Request: POST https://anast.ita.chalmers.se:4100/v1/chat/completions "HTTP/1.1 200 OK"
2026-05-20 21:12:45,358 - INFO - HTTP Request: POST https://anast.ita.chalmers.se:4100/v1/chat/completions "HTTP/1.1 200 OK"
2026-05-20 21:12:47,784 - INFO - HTTP Request: POST https://anast.ita.chalmers.se:4100/v1/chat/completions "HTTP/1.1 200 OK"
2026-05-20 21:13:02,390 - INFO - HTTP Request: POST https://anast.ita.chalmers.se:4100/v1/chat/completions "HTTP/1.1 200 OK"
2026-05-20 21:13:06,060 - INFO - HTTP Request: POST https://anast.ita.chalmers.se:4100/v1/chat/completions "HTTP/1.1 200 OK"
2026-05-20 21:13:20,002 - INFO - HTTP Request: POST https://anast.ita.chalmers.se:4100/v1/chat/completions "HTTP/1.1 200 OK"
2026-05-20 21:13:23,661 - INFO - HTTP Request: POST https://anast.ita.chalmers.se:4100/v1/chat/completions "HTTP/1.1 200 OK"
2026-05-20 21:13:39,656 - INFO - HTTP Request: POST https://anast.ita.chalmers.se:4100/v1/chat/completions "HTTP/1.1 200 OK"
2026-05-20 21:13:43,762 - INFO - HTTP Request: POST https://anast.ita.chalmers.se:4100/v1/chat/completions "HTTP/1.1 200 OK"
2026-05-20 21:13:58,863 - INFO - HTTP Request: POST https://anast.ita.chalmers.se:4100/v1/chat/completions "HTTP/1.1 200 OK"
2026-05-20 21:14:03,201 - INFO - HTTP Request: POST https://anast.ita.chalmers.se:4100/v1/chat/completions "HTTP/1.1 200 OK"
2026-05-20 21:14:16,560 - INFO - HTTP Request: POST https://anast.ita.chalmers.se:4100/v1/chat/completions "HTTP/1.1 200 OK"
2026-05-20 21:14:20,073 - INFO - HTTP Request: POST https://anast.ita.chalmers.se:4100/v1/chat/completions "HTTP/1.1 200 OK"
2026-05-20 21:14:35,214 - INFO - HTTP Request: POST https://anast.ita.chalmers.se:4100/v1/chat/completions "HTTP/1.1 200 OK"
2026-05-20 21:14:39,666 - INFO - HTTP Request: POST https://anast.ita.chalmers.se:4100/v1/chat/completions "HTTP/1.1 200 OK"
2026-05-20 21:14:50,855 - INFO - HTTP Request: POST https://anast.ita.chalmers.se:4100/v1/chat/completions "HTTP/1.1 200 OK"
2026-05-20 21:14:53,556 - INFO - HTTP Request: POST https://anast.ita.chalmers.se:4100/v1/chat/completions "HTTP/1.1 200 OK"
2026-05-20 21:15:10,026 - INFO - HTTP Request: POST https://anast.ita.chalmers.se:4100/v1/chat/completions "HTTP/1.1 200 OK"
2026-05-20 21:15:15,250 - INFO - HTTP Request: POST https://anast.ita.chalmers.se:4100/v1/chat/completions "HTTP/1.1 200 OK"
2026-05-20 21:15:34,012 - INFO - HTTP Request: POST https://anast.ita.chalmers.se:4100/v1/chat/completions "HTTP/1.1 200 OK"
2026-05-20 21:15:39,918 - INFO - HTTP Request: POST https://anast.ita.chalmers.se:4100/v1/chat/completions "HTTP/1.1 200 OK"
2026-05-20 21:15:53,806 - INFO - HTTP Request: POST https://anast.ita.chalmers.se:4100/v1/chat/completions "HTTP/1.1 200 OK"
2026-05-20 21:15:57,564 - INFO - HTTP Request: POST https://anast.ita.chalmers.se:4100/v1/chat/completions "HTTP/1.1 200 OK"
2026-05-20 21:16:12,328 - INFO - HTTP Request: POST https://anast.ita.chalmers.se:4100/v1/chat/completions "HTTP/1.1 200 OK"
2026-05-20 21:16:15,720 - INFO - HTTP Request: POST https://anast.ita.chalmers.se:4100/v1/chat/completions "HTTP/1.1 200 OK"
2026-05-20 21:16:42,358 - INFO - HTTP Request: POST https://anast.ita.chalmers.se:4100/v1/chat/completions "HTTP/1.1 200 OK"
2026-05-20 21:17:25,352 - INFO - Loading model: microsoft/codebert-base-mlm
/data/users/eliassam/miniforge3/lib/python3.12/site-packages/transformers/tokenization_utils_base.py:1601: FutureWarning: `clean_up_tokenization_spaces` was not set. It will be set to `True` by default. This behavior will be depracted in transformers v4.45, and will be then set to `False` by default. For more details check this issue: https://github.com/huggingface/transformers/issues/31884
  warnings.warn(
Some weights of the model checkpoint at microsoft/codebert-base-mlm were not used when initializing RobertaForMaskedLM: ['roberta.pooler.dense.bias', 'roberta.pooler.dense.weight']
- This IS expected if you are initializing RobertaForMaskedLM from the checkpoint of a model trained on another task or with another architecture (e.g. initializing a BertForSequenceClassification model from a BertForPreTraining model).
- This IS NOT expected if you are initializing RobertaForMaskedLM from the checkpoint of a model that you expect to be exactly identical (initializing a BertForSequenceClassification model from a BertForSequenceClassification model).
2026-05-20 21:17:27,695 - INFO - Processed __main__.dot: Score=0.8692 (1 paths)
2026-05-20 21:17:29,497 - INFO - Processed test_case_0.dot: Score=0.3918 (1 paths)
2026-05-20 21:17:30,298 - INFO - Processed test_case_1.dot: Score=0.4033 (1 paths)
2026-05-20 21:17:40,527 - INFO - Processed test_case_2.dot: Score=0.1618 (50 paths)
2026-05-20 21:17:40,653 - INFO - Processed test_case_3.dot: Score=0.3069 (2 paths)
2026-05-20 21:17:40,962 - INFO - Processed test_case_4.dot: Score=0.2873 (5 paths)
2026-05-20 21:17:41,109 - INFO - Processed test_case_5.dot: Score=0.4323 (3 paths)
2026-05-20 21:17:41,288 - INFO - Processed test_case_6.dot: Score=0.2701 (3 paths)
2026-05-20 21:17:44,586 - INFO - Processed test_case_7.dot: Score=0.1339 (38 paths)
2026-05-20 21:17:44,733 - INFO - Processed test_case_8.dot: Score=0.4911 (3 paths)
2026-05-20 21:17:45,482 - INFO - Processed test_case_9.dot: Score=0.2056 (12 paths)
2026-05-20 21:17:45,898 - INFO - Processed test_case_10.dot: Score=0.2094 (6 paths)
2026-05-20 21:17:47,586 - INFO - Processed test_case_11.dot: Score=0.1839 (24 paths)
2026-05-20 21:17:50,082 - INFO - Processed test_case_12.dot: Score=0.1645 (34 paths)
2026-05-20 21:17:51,252 - INFO - Processed test_case_13.dot: Score=0.1918 (10 paths)
2026-05-20 21:17:52,432 - INFO - Processed test_case_14.dot: Score=0.1790 (18 paths)
2026-05-20 21:17:52,550 - INFO - Processed test_case_15.dot: Score=0.2980 (2 paths)
2026-05-20 21:17:55,574 - INFO - Processed test_case_16.dot: Score=0.1663 (40 paths)
2026-05-20 21:18:01,621 - INFO - Processed test_case_17.dot: Score=0.1025 (50 paths)
2026-05-20 21:18:02,398 - INFO - Processed test_case_18.dot: Score=0.2135 (13 paths)
2026-05-20 21:18:02,516 - INFO - Processed test_case_19.dot: Score=0.2928 (2 paths)
2026-05-20 21:18:02,622 - INFO - Processed __main__.dot: Score=0.6625 (1 paths)
2026-05-20 21:18:02,695 - INFO - Processed test_maybe_instantiation_with_bytes.dot: Score=0.2501 (1 paths)
2026-05-20 21:18:02,804 - INFO - Processed test_maybe_initialized_with_none_values.dot: Score=0.3961 (2 paths)
2026-05-20 21:18:08,908 - INFO - Processed test_maybe_chained_operations_with_string_value.dot: Score=0.1113 (50 paths)
2026-05-20 21:18:09,048 - INFO - Processed test_maybe_eq_returns_false_when_comparing_with_set.dot: Score=0.3059 (2 paths)
2026-05-20 21:18:09,399 - INFO - Processed test_maybe_bind_map_then_invalid_method_on_set.dot: Score=0.2084 (5 paths)
2026-05-20 21:18:09,571 - INFO - Processed test_maybe_map_with_none_value_and_false_flag.dot: Score=0.3249 (3 paths)
2026-05-20 21:18:09,777 - INFO - Processed test_maybe_bind_with_empty_dict_on_none_value_maybe.dot: Score=0.3534 (3 paths)
2026-05-20 21:18:13,661 - INFO - Processed test_maybe_filter_and_ap_chaining_with_mixed_types.dot: Score=0.1028 (38 paths)
2026-05-20 21:18:13,834 - INFO - Processed test_maybe_ap_with_none_value_and_false_flag.dot: Score=0.4628 (3 paths)
2026-05-20 21:18:14,774 - INFO - Processed test_maybe_filter_and_lazy_map_chaining.dot: Score=0.1773 (12 paths)
2026-05-20 21:18:15,077 - INFO - Processed test_filter_empty_maybe_with_lazy_converted_result.dot: Score=0.3166 (4 paths)
2026-05-20 21:18:17,594 - INFO - Processed test_maybe_get_or_else_and_filter_with_generic.dot: Score=0.2107 (29 paths)
2026-05-20 21:18:20,554 - INFO - Processed test_maybe_to_validation_and_bind_with_various_types.dot: Score=0.1465 (34 paths)
2026-05-20 21:18:21,287 - INFO - Processed test_maybe_map_with_none_value_and_maybe_to_either_with_int.dot: Score=0.2449 (10 paths)
2026-05-20 21:18:22,842 - INFO - Processed test_maybe_chained_conversions_with_none_and_nested_maybe.dot: Score=0.1624 (18 paths)
<unknown>:24: SyntaxWarning: invalid escape sequence '\['
<unknown>:25: SyntaxWarning: invalid escape sequence '\['
<unknown>:26: SyntaxWarning: invalid escape sequence '\('
<unknown>:27: SyntaxWarning: invalid escape sequence '\('
<unknown>:28: SyntaxWarning: invalid escape sequence '\e'
2026-05-20 21:18:34,729 - INFO - HTTP Request: POST https://anast.ita.chalmers.se:4100/v1/chat/completions "HTTP/1.1 200 OK"
2026-05-20 21:18:59,736 - INFO - HTTP Request: POST https://anast.ita.chalmers.se:4100/v1/chat/completions "HTTP/1.1 200 OK"
2026-05-20 21:19:02,225 - INFO - HTTP Request: POST https://anast.ita.chalmers.se:4100/v1/chat/completions "HTTP/1.1 200 OK"
2026-05-20 21:19:13,228 - INFO - HTTP Request: POST https://anast.ita.chalmers.se:4100/v1/chat/completions "HTTP/1.1 200 OK"
2026-05-20 21:19:14,857 - INFO - HTTP Request: POST https://anast.ita.chalmers.se:4100/v1/chat/completions "HTTP/1.1 200 OK"
2026-05-20 21:19:31,683 - INFO - HTTP Request: POST https://anast.ita.chalmers.se:4100/v1/chat/completions "HTTP/1.1 200 OK"
2026-05-20 21:19:36,885 - INFO - HTTP Request: POST https://anast.ita.chalmers.se:4100/v1/chat/completions "HTTP/1.1 200 OK"
2026-05-20 21:19:49,180 - INFO - HTTP Request: POST https://anast.ita.chalmers.se:4100/v1/chat/completions "HTTP/1.1 200 OK"
2026-05-20 21:19:51,724 - INFO - HTTP Request: POST https://anast.ita.chalmers.se:4100/v1/chat/completions "HTTP/1.1 200 OK"
2026-05-20 21:20:05,092 - INFO - HTTP Request: POST https://anast.ita.chalmers.se:4100/v1/chat/completions "HTTP/1.1 200 OK"
2026-05-20 21:20:08,768 - INFO - HTTP Request: POST https://anast.ita.chalmers.se:4100/v1/chat/completions "HTTP/1.1 200 OK"
2026-05-20 21:20:20,237 - INFO - HTTP Request: POST https://anast.ita.chalmers.se:4100/v1/chat/completions "HTTP/1.1 200 OK"
2026-05-20 21:20:22,493 - INFO - HTTP Request: POST https://anast.ita.chalmers.se:4100/v1/chat/completions "HTTP/1.1 200 OK"
2026-05-20 21:20:35,229 - INFO - HTTP Request: POST https://anast.ita.chalmers.se:4100/v1/chat/completions "HTTP/1.1 200 OK"
2026-05-20 21:20:38,002 - INFO - HTTP Request: POST https://anast.ita.chalmers.se:4100/v1/chat/completions "HTTP/1.1 200 OK"
2026-05-20 21:20:54,584 - INFO - HTTP Request: POST https://anast.ita.chalmers.se:4100/v1/chat/completions "HTTP/1.1 200 OK"
2026-05-20 21:20:59,145 - INFO - HTTP Request: POST https://anast.ita.chalmers.se:4100/v1/chat/completions "HTTP/1.1 200 OK"
2026-05-20 21:21:11,016 - INFO - HTTP Request: POST https://anast.ita.chalmers.se:4100/v1/chat/completions "HTTP/1.1 200 OK"
2026-05-20 21:21:13,618 - INFO - HTTP Request: POST https://anast.ita.chalmers.se:4100/v1/chat/completions "HTTP/1.1 200 OK"
2026-05-20 21:21:28,473 - INFO - HTTP Request: POST https://anast.ita.chalmers.se:4100/v1/chat/completions "HTTP/1.1 200 OK"
2026-05-20 21:21:32,005 - INFO - HTTP Request: POST https://anast.ita.chalmers.se:4100/v1/chat/completions "HTTP/1.1 200 OK"
2026-05-20 21:21:45,569 - INFO - HTTP Request: POST https://anast.ita.chalmers.se:4100/v1/chat/completions "HTTP/1.1 200 OK"
2026-05-20 21:21:49,391 - INFO - HTTP Request: POST https://anast.ita.chalmers.se:4100/v1/chat/completions "HTTP/1.1 200 OK"
2026-05-20 21:22:04,702 - INFO - HTTP Request: POST https://anast.ita.chalmers.se:4100/v1/chat/completions "HTTP/1.1 200 OK"
2026-05-20 21:22:08,993 - INFO - HTTP Request: POST https://anast.ita.chalmers.se:4100/v1/chat/completions "HTTP/1.1 200 OK"
2026-05-20 21:22:23,810 - INFO - HTTP Request: POST https://anast.ita.chalmers.se:4100/v1/chat/completions "HTTP/1.1 200 OK"
2026-05-20 21:22:27,629 - INFO - HTTP Request: POST https://anast.ita.chalmers.se:4100/v1/chat/completions "HTTP/1.1 200 OK"
2026-05-20 21:22:41,514 - INFO - HTTP Request: POST https://anast.ita.chalmers.se:4100/v1/chat/completions "HTTP/1.1 200 OK"
2026-05-20 21:22:44,658 - INFO - HTTP Request: POST https://anast.ita.chalmers.se:4100/v1/chat/completions "HTTP/1.1 200 OK"
2026-05-20 21:23:01,248 - INFO - HTTP Request: POST https://anast.ita.chalmers.se:4100/v1/chat/completions "HTTP/1.1 200 OK"
2026-05-20 21:23:05,671 - INFO - HTTP Request: POST https://anast.ita.chalmers.se:4100/v1/chat/completions "HTTP/1.1 200 OK"
2026-05-20 21:23:16,818 - INFO - HTTP Request: POST https://anast.ita.chalmers.se:4100/v1/chat/completions "HTTP/1.1 200 OK"
2026-05-20 21:23:19,158 - INFO - HTTP Request: POST https://anast.ita.chalmers.se:4100/v1/chat/completions "HTTP/1.1 200 OK"
2026-05-20 21:23:36,301 - INFO - HTTP Request: POST https://anast.ita.chalmers.se:4100/v1/chat/completions "HTTP/1.1 200 OK"
2026-05-20 21:23:40,829 - INFO - HTTP Request: POST https://anast.ita.chalmers.se:4100/v1/chat/completions "HTTP/1.1 200 OK"
2026-05-20 21:24:01,442 - INFO - HTTP Request: POST https://anast.ita.chalmers.se:4100/v1/chat/completions "HTTP/1.1 200 OK"
2026-05-20 21:24:07,701 - INFO - HTTP Request: POST https://anast.ita.chalmers.se:4100/v1/chat/completions "HTTP/1.1 200 OK"
2026-05-20 21:24:22,501 - INFO - HTTP Request: POST https://anast.ita.chalmers.se:4100/v1/chat/completions "HTTP/1.1 200 OK"
2026-05-20 21:24:26,271 - INFO - HTTP Request: POST https://anast.ita.chalmers.se:4100/v1/chat/completions "HTTP/1.1 200 OK"
2026-05-20 21:24:38,893 - INFO - HTTP Request: POST https://anast.ita.chalmers.se:4100/v1/chat/completions "HTTP/1.1 200 OK"
2026-05-20 21:24:42,149 - INFO - HTTP Request: POST https://anast.ita.chalmers.se:4100/v1/chat/completions "HTTP/1.1 200 OK"
2026-05-20 21:25:09,965 - INFO - HTTP Request: POST https://anast.ita.chalmers.se:4100/v1/chat/completions "HTTP/1.1 200 OK"
2026-05-20 21:25:51,362 - INFO - Loading model: microsoft/codebert-base-mlm
/data/users/eliassam/miniforge3/lib/python3.12/site-packages/transformers/tokenization_utils_base.py:1601: FutureWarning: `clean_up_tokenization_spaces` was not set. It will be set to `True` by default. This behavior will be depracted in transformers v4.45, and will be then set to `False` by default. For more details check this issue: https://github.com/huggingface/transformers/issues/31884
  warnings.warn(
Some weights of the model checkpoint at microsoft/codebert-base-mlm were not used when initializing RobertaForMaskedLM: ['roberta.pooler.dense.bias', 'roberta.pooler.dense.weight']
- This IS expected if you are initializing RobertaForMaskedLM from the checkpoint of a model trained on another task or with another architecture (e.g. initializing a BertForSequenceClassification model from a BertForPreTraining model).
- This IS NOT expected if you are initializing RobertaForMaskedLM from the checkpoint of a model that you expect to be exactly identical (initializing a BertForSequenceClassification model from a BertForSequenceClassification model).
2026-05-20 21:25:53,597 - INFO - Processed __main__.dot: Score=0.8692 (1 paths)
2026-05-20 21:25:53,832 - INFO - Processed test_case_0.dot: Score=0.3918 (1 paths)
2026-05-20 21:25:55,432 - INFO - Processed test_case_1.dot: Score=0.4033 (1 paths)
2026-05-20 21:26:04,616 - INFO - Processed test_case_2.dot: Score=0.1618 (50 paths)
2026-05-20 21:26:04,738 - INFO - Processed test_case_3.dot: Score=0.3069 (2 paths)
2026-05-20 21:26:05,033 - INFO - Processed test_case_4.dot: Score=0.2873 (5 paths)
2026-05-20 21:26:05,176 - INFO - Processed test_case_5.dot: Score=0.4323 (3 paths)
2026-05-20 21:26:05,355 - INFO - Processed test_case_6.dot: Score=0.2701 (3 paths)
2026-05-20 21:26:08,575 - INFO - Processed test_case_7.dot: Score=0.1339 (38 paths)
2026-05-20 21:26:08,724 - INFO - Processed test_case_8.dot: Score=0.4911 (3 paths)
2026-05-20 21:26:09,469 - INFO - Processed test_case_9.dot: Score=0.2056 (12 paths)
2026-05-20 21:26:09,872 - INFO - Processed test_case_10.dot: Score=0.2094 (6 paths)
2026-05-20 21:26:11,538 - INFO - Processed test_case_11.dot: Score=0.1839 (24 paths)
2026-05-20 21:26:13,983 - INFO - Processed test_case_12.dot: Score=0.1645 (34 paths)
2026-05-20 21:26:14,593 - INFO - Processed test_case_13.dot: Score=0.1918 (10 paths)
2026-05-20 21:26:15,746 - INFO - Processed test_case_14.dot: Score=0.1790 (18 paths)
2026-05-20 21:26:15,859 - INFO - Processed test_case_15.dot: Score=0.2980 (2 paths)
2026-05-20 21:26:18,834 - INFO - Processed test_case_16.dot: Score=0.1663 (40 paths)
2026-05-20 21:26:24,770 - INFO - Processed test_case_17.dot: Score=0.1025 (50 paths)
2026-05-20 21:26:25,540 - INFO - Processed test_case_18.dot: Score=0.2135 (13 paths)
2026-05-20 21:26:25,667 - INFO - Processed test_case_19.dot: Score=0.2928 (2 paths)
2026-05-20 21:26:25,755 - INFO - Processed __main__.dot: Score=0.8639 (1 paths)
<unknown>:24: SyntaxWarning: invalid escape sequence '\['
<unknown>:25: SyntaxWarning: invalid escape sequence '\['
<unknown>:26: SyntaxWarning: invalid escape sequence '\('
<unknown>:27: SyntaxWarning: invalid escape sequence '\('
<unknown>:28: SyntaxWarning: invalid escape sequence '\e'
2026-05-20 21:26:38,004 - INFO - HTTP Request: POST https://anast.ita.chalmers.se:4100/v1/chat/completions "HTTP/1.1 200 OK"
2026-05-20 21:26:52,625 - INFO - HTTP Request: POST https://anast.ita.chalmers.se:4100/v1/chat/completions "HTTP/1.1 200 OK"
2026-05-20 21:26:55,575 - INFO - HTTP Request: POST https://anast.ita.chalmers.se:4100/v1/chat/completions "HTTP/1.1 200 OK"
2026-05-20 21:27:07,880 - INFO - HTTP Request: POST https://anast.ita.chalmers.se:4100/v1/chat/completions "HTTP/1.1 200 OK"
2026-05-20 21:27:11,393 - INFO - HTTP Request: POST https://anast.ita.chalmers.se:4100/v1/chat/completions "HTTP/1.1 200 OK"
2026-05-20 21:27:23,485 - INFO - HTTP Request: POST https://anast.ita.chalmers.se:4100/v1/chat/completions "HTTP/1.1 200 OK"
2026-05-20 21:27:25,828 - INFO - HTTP Request: POST https://anast.ita.chalmers.se:4100/v1/chat/completions "HTTP/1.1 200 OK"
2026-05-20 21:27:38,167 - INFO - HTTP Request: POST https://anast.ita.chalmers.se:4100/v1/chat/completions "HTTP/1.1 200 OK"
2026-05-20 21:27:41,854 - INFO - HTTP Request: POST https://anast.ita.chalmers.se:4100/v1/chat/completions "HTTP/1.1 200 OK"
2026-05-20 21:27:54,895 - INFO - HTTP Request: POST https://anast.ita.chalmers.se:4100/v1/chat/completions "HTTP/1.1 200 OK"
2026-05-20 21:27:58,264 - INFO - HTTP Request: POST https://anast.ita.chalmers.se:4100/v1/chat/completions "HTTP/1.1 200 OK"
2026-05-20 21:28:11,524 - INFO - HTTP Request: POST https://anast.ita.chalmers.se:4100/v1/chat/completions "HTTP/1.1 200 OK"
2026-05-20 21:28:14,110 - INFO - HTTP Request: POST https://anast.ita.chalmers.se:4100/v1/chat/completions "HTTP/1.1 200 OK"
2026-05-20 21:28:25,780 - INFO - HTTP Request: POST https://anast.ita.chalmers.se:4100/v1/chat/completions "HTTP/1.1 200 OK"
2026-05-20 21:28:27,973 - INFO - HTTP Request: POST https://anast.ita.chalmers.se:4100/v1/chat/completions "HTTP/1.1 200 OK"
2026-05-20 21:28:39,062 - INFO - HTTP Request: POST https://anast.ita.chalmers.se:4100/v1/chat/completions "HTTP/1.1 200 OK"
2026-05-20 21:28:40,885 - INFO - HTTP Request: POST https://anast.ita.chalmers.se:4100/v1/chat/completions "HTTP/1.1 200 OK"
2026-05-20 21:28:53,090 - INFO - HTTP Request: POST https://anast.ita.chalmers.se:4100/v1/chat/completions "HTTP/1.1 200 OK"
2026-05-20 21:28:55,877 - INFO - HTTP Request: POST https://anast.ita.chalmers.se:4100/v1/chat/completions "HTTP/1.1 200 OK"
2026-05-20 21:29:08,889 - INFO - HTTP Request: POST https://anast.ita.chalmers.se:4100/v1/chat/completions "HTTP/1.1 200 OK"
2026-05-20 21:29:11,733 - INFO - HTTP Request: POST https://anast.ita.chalmers.se:4100/v1/chat/completions "HTTP/1.1 200 OK"
2026-05-20 21:29:25,055 - INFO - HTTP Request: POST https://anast.ita.chalmers.se:4100/v1/chat/completions "HTTP/1.1 200 OK"
2026-05-20 21:29:27,636 - INFO - HTTP Request: POST https://anast.ita.chalmers.se:4100/v1/chat/completions "HTTP/1.1 200 OK"
2026-05-20 21:30:10,715 - INFO - HTTP Request: POST https://anast.ita.chalmers.se:4100/v1/chat/completions "HTTP/1.1 200 OK"
2026-05-20 21:30:13,274 - INFO - HTTP Request: POST https://anast.ita.chalmers.se:4100/v1/chat/completions "HTTP/1.1 200 OK"
2026-05-20 21:30:25,490 - INFO - HTTP Request: POST https://anast.ita.chalmers.se:4100/v1/chat/completions "HTTP/1.1 200 OK"
2026-05-20 21:30:27,530 - INFO - HTTP Request: POST https://anast.ita.chalmers.se:4100/v1/chat/completions "HTTP/1.1 200 OK"
2026-05-20 21:30:39,872 - INFO - HTTP Request: POST https://anast.ita.chalmers.se:4100/v1/chat/completions "HTTP/1.1 200 OK"
2026-05-20 21:30:42,926 - INFO - HTTP Request: POST https://anast.ita.chalmers.se:4100/v1/chat/completions "HTTP/1.1 200 OK"
2026-05-20 21:30:55,642 - INFO - HTTP Request: POST https://anast.ita.chalmers.se:4100/v1/chat/completions "HTTP/1.1 200 OK"
2026-05-20 21:30:58,666 - INFO - HTTP Request: POST https://anast.ita.chalmers.se:4100/v1/chat/completions "HTTP/1.1 200 OK"
2026-05-20 21:31:10,608 - INFO - HTTP Request: POST https://anast.ita.chalmers.se:4100/v1/chat/completions "HTTP/1.1 200 OK"
2026-05-20 21:31:13,857 - INFO - HTTP Request: POST https://anast.ita.chalmers.se:4100/v1/chat/completions "HTTP/1.1 200 OK"
2026-05-20 21:31:35,613 - INFO - HTTP Request: POST https://anast.ita.chalmers.se:4100/v1/chat/completions "HTTP/1.1 200 OK"
2026-05-20 21:31:42,919 - INFO - HTTP Request: POST https://anast.ita.chalmers.se:4100/v1/chat/completions "HTTP/1.1 200 OK"
2026-05-20 21:31:58,622 - INFO - HTTP Request: POST https://anast.ita.chalmers.se:4100/v1/chat/completions "HTTP/1.1 200 OK"
2026-05-20 21:32:02,803 - INFO - HTTP Request: POST https://anast.ita.chalmers.se:4100/v1/chat/completions "HTTP/1.1 200 OK"
2026-05-20 21:32:17,171 - INFO - HTTP Request: POST https://anast.ita.chalmers.se:4100/v1/chat/completions "HTTP/1.1 200 OK"
2026-05-20 21:32:20,902 - INFO - HTTP Request: POST https://anast.ita.chalmers.se:4100/v1/chat/completions "HTTP/1.1 200 OK"
2026-05-20 21:32:47,858 - INFO - HTTP Request: POST https://anast.ita.chalmers.se:4100/v1/chat/completions "HTTP/1.1 200 OK"
2026-05-20 21:33:20,715 - INFO - Loading model: microsoft/codebert-base-mlm
/data/users/eliassam/miniforge3/lib/python3.12/site-packages/transformers/tokenization_utils_base.py:1601: FutureWarning: `clean_up_tokenization_spaces` was not set. It will be set to `True` by default. This behavior will be depracted in transformers v4.45, and will be then set to `False` by default. For more details check this issue: https://github.com/huggingface/transformers/issues/31884
  warnings.warn(
Some weights of the model checkpoint at microsoft/codebert-base-mlm were not used when initializing RobertaForMaskedLM: ['roberta.pooler.dense.bias', 'roberta.pooler.dense.weight']
- This IS expected if you are initializing RobertaForMaskedLM from the checkpoint of a model trained on another task or with another architecture (e.g. initializing a BertForSequenceClassification model from a BertForPreTraining model).
- This IS NOT expected if you are initializing RobertaForMaskedLM from the checkpoint of a model that you expect to be exactly identical (initializing a BertForSequenceClassification model from a BertForSequenceClassification model).
2026-05-20 21:33:23,012 - INFO - Processed __main__.dot: Score=0.6366 (1 paths)
2026-05-20 21:33:28,506 - INFO - Processed test_case_0.dot: Score=0.1988 (3 paths)
2026-05-20 21:33:33,839 - INFO - Processed test_case_1.dot: Score=0.2951 (3 paths)
2026-05-20 21:33:35,647 - INFO - Processed test_case_2.dot: Score=0.3315 (1 paths)
2026-05-20 21:33:39,244 - INFO - Processed test_case_3.dot: Score=0.3254 (2 paths)
2026-05-20 21:33:44,818 - INFO - Processed test_case_4.dot: Score=0.2015 (3 paths)
2026-05-20 21:33:46,626 - INFO - Processed test_case_5.dot: Score=0.3145 (1 paths)
2026-05-20 21:33:48,238 - INFO - Processed test_case_6.dot: Score=0.4208 (1 paths)
2026-05-20 21:33:50,027 - INFO - Processed test_case_7.dot: Score=0.4330 (1 paths)
2026-05-20 21:33:51,867 - INFO - Processed test_case_8.dot: Score=0.3603 (1 paths)
2026-05-20 21:34:00,096 - INFO - Processed test_case_9.dot: Score=0.3010 (5 paths)
2026-05-20 21:34:03,694 - INFO - Processed test_case_10.dot: Score=0.2613 (2 paths)
2026-05-20 21:34:09,022 - INFO - Processed test_case_11.dot: Score=0.3964 (3 paths)
2026-05-20 21:34:10,821 - INFO - Processed test_case_12.dot: Score=0.3346 (1 paths)
2026-05-20 21:34:14,425 - INFO - Processed test_case_13.dot: Score=0.3121 (2 paths)
2026-05-20 21:34:21,563 - INFO - Processed test_case_14.dot: Score=0.2706 (4 paths)
2026-05-20 21:34:25,140 - INFO - Processed test_case_15.dot: Score=0.3106 (2 paths)
2026-05-20 21:35:23,515 - INFO - Processed test_case_16.dot: Score=0.1145 (50 paths)
2026-05-20 21:35:24,864 - INFO - Processed test_case_17.dot: Score=0.2567 (8 paths)
2026-05-20 21:35:25,733 - INFO - Processed test_case_18.dot: Score=0.2356 (8 paths)
2026-05-20 21:35:25,862 - INFO - Processed __main__.dot: Score=0.6411 (1 paths)
2026-05-20 21:35:26,113 - INFO - Processed test_validation_with_identical_success_and_fail_messages_converts_to_maybe.dot: Score=0.2157 (3 paths)
2026-05-20 21:35:28,778 - INFO - Processed test_validation_eq_with_none_returns_result_with_is_success.dot: Score=0.3151 (3 paths)
2026-05-20 21:35:28,858 - INFO - Processed test_validation_str_representation_is_fail_with_empty_dicts.dot: Score=0.3524 (1 paths)
2026-05-20 21:35:28,989 - INFO - Processed test_validation_with_empty_sets_converts_to_either_and_maybe.dot: Score=0.3692 (2 paths)
2026-05-20 21:35:29,215 - INFO - Processed test_validation_equality_and_maybe_conversion.dot: Score=0.2122 (3 paths)
2026-05-20 21:35:29,293 - INFO - Processed test_validation_with_empty_sets_chained_to_maybe.dot: Score=0.4214 (1 paths)
2026-05-20 21:35:29,358 - INFO - Processed test_validation_init_with_none_arguments.dot: Score=0.4040 (1 paths)
2026-05-20 21:35:29,430 - INFO - Processed test_validation_to_maybe_with_none_inputs.dot: Score=0.3486 (1 paths)
2026-05-20 21:35:29,505 - INFO - Processed test_validation_is_fail_with_object_as_subject_and_value.dot: Score=0.3198 (1 paths)
2026-05-20 21:35:29,787 - INFO - Processed test_validation_map_with_none_on_tuple_wrapped_dict.dot: Score=0.2289 (4 paths)
2026-05-20 21:35:29,929 - INFO - Processed test_validation_bind_with_none_value.dot: Score=0.2839 (2 paths)
2026-05-20 21:35:30,101 - INFO - Processed test_validation_ap_with_all_true_values.dot: Score=0.4057 (3 paths)
2026-05-20 21:35:30,180 - INFO - Processed test_validation_with_both_flags_true_converts_to_successful_box.dot: Score=0.4619 (1 paths)
2026-05-20 21:35:30,315 - INFO - Processed test_validation_to_lazy_bind_none_and_back_to_lazy.dot: Score=0.3453 (2 paths)
2026-05-20 21:35:30,574 - INFO - Processed test_validation_lazy_and_try_conversion_with_ap.dot: Score=0.2579 (4 paths)
2026-05-20 21:35:30,706 - INFO - Processed test_validation_with_zero_value_in_list_is_success.dot: Score=0.3230 (2 paths)
2026-05-20 21:35:38,644 - INFO - Processed test_validation_chained_operations_with_mixed_types.dot: Score=0.1382 (50 paths)
2026-05-20 21:35:39,310 - INFO - Processed test_validation_equality_and_maybe_with_none_key_and_bytes_value.dot: Score=0.1479 (8 paths)
2026-05-20 21:35:39,381 - INFO - Processed test_validation_eq_result_to_box_with_mismatched_types.dot: Score=0.2257 (1 paths)
<unknown>:24: SyntaxWarning: invalid escape sequence '\['
<unknown>:25: SyntaxWarning: invalid escape sequence '\['
<unknown>:26: SyntaxWarning: invalid escape sequence '\('
<unknown>:27: SyntaxWarning: invalid escape sequence '\('
<unknown>:28: SyntaxWarning: invalid escape sequence '\e'
2026-05-20 21:35:51,641 - INFO - HTTP Request: POST https://anast.ita.chalmers.se:4100/v1/chat/completions "HTTP/1.1 200 OK"
2026-05-20 21:36:05,946 - INFO - HTTP Request: POST https://anast.ita.chalmers.se:4100/v1/chat/completions "HTTP/1.1 200 OK"
2026-05-20 21:36:08,810 - INFO - HTTP Request: POST https://anast.ita.chalmers.se:4100/v1/chat/completions "HTTP/1.1 200 OK"
2026-05-20 21:36:21,704 - INFO - HTTP Request: POST https://anast.ita.chalmers.se:4100/v1/chat/completions "HTTP/1.1 200 OK"
2026-05-20 21:36:24,547 - INFO - HTTP Request: POST https://anast.ita.chalmers.se:4100/v1/chat/completions "HTTP/1.1 200 OK"
2026-05-20 21:36:36,714 - INFO - HTTP Request: POST https://anast.ita.chalmers.se:4100/v1/chat/completions "HTTP/1.1 200 OK"
2026-05-20 21:36:39,379 - INFO - HTTP Request: POST https://anast.ita.chalmers.se:4100/v1/chat/completions "HTTP/1.1 200 OK"
2026-05-20 21:36:52,619 - INFO - HTTP Request: POST https://anast.ita.chalmers.se:4100/v1/chat/completions "HTTP/1.1 200 OK"
2026-05-20 21:36:55,387 - INFO - HTTP Request: POST https://anast.ita.chalmers.se:4100/v1/chat/completions "HTTP/1.1 200 OK"
2026-05-20 21:37:08,618 - INFO - HTTP Request: POST https://anast.ita.chalmers.se:4100/v1/chat/completions "HTTP/1.1 200 OK"
2026-05-20 21:37:11,378 - INFO - HTTP Request: POST https://anast.ita.chalmers.se:4100/v1/chat/completions "HTTP/1.1 200 OK"
2026-05-20 21:37:23,438 - INFO - HTTP Request: POST https://anast.ita.chalmers.se:4100/v1/chat/completions "HTTP/1.1 200 OK"
2026-05-20 21:37:25,629 - INFO - HTTP Request: POST https://anast.ita.chalmers.se:4100/v1/chat/completions "HTTP/1.1 200 OK"
2026-05-20 21:37:36,139 - INFO - HTTP Request: POST https://anast.ita.chalmers.se:4100/v1/chat/completions "HTTP/1.1 200 OK"
2026-05-20 21:37:37,985 - INFO - HTTP Request: POST https://anast.ita.chalmers.se:4100/v1/chat/completions "HTTP/1.1 200 OK"
2026-05-20 21:37:49,506 - INFO - HTTP Request: POST https://anast.ita.chalmers.se:4100/v1/chat/completions "HTTP/1.1 200 OK"
2026-05-20 21:37:52,546 - INFO - HTTP Request: POST https://anast.ita.chalmers.se:4100/v1/chat/completions "HTTP/1.1 200 OK"
2026-05-20 21:38:04,024 - INFO - HTTP Request: POST https://anast.ita.chalmers.se:4100/v1/chat/completions "HTTP/1.1 200 OK"
2026-05-20 21:38:06,556 - INFO - HTTP Request: POST https://anast.ita.chalmers.se:4100/v1/chat/completions "HTTP/1.1 200 OK"
2026-05-20 21:38:19,376 - INFO - HTTP Request: POST https://anast.ita.chalmers.se:4100/v1/chat/completions "HTTP/1.1 200 OK"
2026-05-20 21:38:23,002 - INFO - HTTP Request: POST https://anast.ita.chalmers.se:4100/v1/chat/completions "HTTP/1.1 200 OK"
2026-05-20 21:38:35,006 - INFO - HTTP Request: POST https://anast.ita.chalmers.se:4100/v1/chat/completions "HTTP/1.1 200 OK"
2026-05-20 21:38:37,453 - INFO - HTTP Request: POST https://anast.ita.chalmers.se:4100/v1/chat/completions "HTTP/1.1 200 OK"
2026-05-20 21:38:50,714 - INFO - HTTP Request: POST https://anast.ita.chalmers.se:4100/v1/chat/completions "HTTP/1.1 200 OK"
2026-05-20 21:38:53,346 - INFO - HTTP Request: POST https://anast.ita.chalmers.se:4100/v1/chat/completions "HTTP/1.1 200 OK"
2026-05-20 21:39:05,549 - INFO - HTTP Request: POST https://anast.ita.chalmers.se:4100/v1/chat/completions "HTTP/1.1 200 OK"
2026-05-20 21:39:07,699 - INFO - HTTP Request: POST https://anast.ita.chalmers.se:4100/v1/chat/completions "HTTP/1.1 200 OK"
2026-05-20 21:39:20,004 - INFO - HTTP Request: POST https://anast.ita.chalmers.se:4100/v1/chat/completions "HTTP/1.1 200 OK"
2026-05-20 21:39:22,783 - INFO - HTTP Request: POST https://anast.ita.chalmers.se:4100/v1/chat/completions "HTTP/1.1 200 OK"
2026-05-20 21:39:35,658 - INFO - HTTP Request: POST https://anast.ita.chalmers.se:4100/v1/chat/completions "HTTP/1.1 200 OK"
2026-05-20 21:39:39,226 - INFO - HTTP Request: POST https://anast.ita.chalmers.se:4100/v1/chat/completions "HTTP/1.1 200 OK"
2026-05-20 21:39:51,113 - INFO - HTTP Request: POST https://anast.ita.chalmers.se:4100/v1/chat/completions "HTTP/1.1 200 OK"
2026-05-20 21:39:53,449 - INFO - HTTP Request: POST https://anast.ita.chalmers.se:4100/v1/chat/completions "HTTP/1.1 200 OK"
2026-05-20 21:40:14,063 - INFO - HTTP Request: POST https://anast.ita.chalmers.se:4100/v1/chat/completions "HTTP/1.1 200 OK"
2026-05-20 21:40:20,901 - INFO - HTTP Request: POST https://anast.ita.chalmers.se:4100/v1/chat/completions "HTTP/1.1 200 OK"
2026-05-20 21:40:36,721 - INFO - HTTP Request: POST https://anast.ita.chalmers.se:4100/v1/chat/completions "HTTP/1.1 200 OK"
2026-05-20 21:40:40,839 - INFO - HTTP Request: POST https://anast.ita.chalmers.se:4100/v1/chat/completions "HTTP/1.1 200 OK"
2026-05-20 21:40:55,001 - INFO - HTTP Request: POST https://anast.ita.chalmers.se:4100/v1/chat/completions "HTTP/1.1 200 OK"
2026-05-20 21:40:58,584 - INFO - HTTP Request: POST https://anast.ita.chalmers.se:4100/v1/chat/completions "HTTP/1.1 200 OK"
2026-05-20 21:41:25,397 - INFO - HTTP Request: POST https://anast.ita.chalmers.se:4100/v1/chat/completions "HTTP/1.1 200 OK"
2026-05-20 21:41:58,569 - INFO - Loading model: microsoft/codebert-base-mlm
/data/users/eliassam/miniforge3/lib/python3.12/site-packages/transformers/tokenization_utils_base.py:1601: FutureWarning: `clean_up_tokenization_spaces` was not set. It will be set to `True` by default. This behavior will be depracted in transformers v4.45, and will be then set to `False` by default. For more details check this issue: https://github.com/huggingface/transformers/issues/31884
  warnings.warn(
Some weights of the model checkpoint at microsoft/codebert-base-mlm were not used when initializing RobertaForMaskedLM: ['roberta.pooler.dense.bias', 'roberta.pooler.dense.weight']
- This IS expected if you are initializing RobertaForMaskedLM from the checkpoint of a model trained on another task or with another architecture (e.g. initializing a BertForSequenceClassification model from a BertForPreTraining model).
- This IS NOT expected if you are initializing RobertaForMaskedLM from the checkpoint of a model that you expect to be exactly identical (initializing a BertForSequenceClassification model from a BertForSequenceClassification model).
2026-05-20 21:42:00,886 - INFO - Processed __main__.dot: Score=0.6366 (1 paths)
2026-05-20 21:42:06,345 - INFO - Processed test_case_0.dot: Score=0.1988 (3 paths)
2026-05-20 21:42:07,338 - INFO - Processed test_case_1.dot: Score=0.2951 (3 paths)
2026-05-20 21:42:07,406 - INFO - Processed test_case_2.dot: Score=0.3315 (1 paths)
2026-05-20 21:42:07,524 - INFO - Processed test_case_3.dot: Score=0.3254 (2 paths)
2026-05-20 21:42:07,727 - INFO - Processed test_case_4.dot: Score=0.2015 (3 paths)
2026-05-20 21:42:07,795 - INFO - Processed test_case_5.dot: Score=0.3145 (1 paths)
2026-05-20 21:42:07,846 - INFO - Processed test_case_6.dot: Score=0.4208 (1 paths)
2026-05-20 21:42:07,911 - INFO - Processed test_case_7.dot: Score=0.4330 (1 paths)
2026-05-20 21:42:07,983 - INFO - Processed test_case_8.dot: Score=0.3603 (1 paths)
2026-05-20 21:42:08,328 - INFO - Processed test_case_9.dot: Score=0.3010 (5 paths)
2026-05-20 21:42:08,479 - INFO - Processed test_case_10.dot: Score=0.2613 (2 paths)
2026-05-20 21:42:08,663 - INFO - Processed test_case_11.dot: Score=0.3964 (3 paths)
2026-05-20 21:42:08,738 - INFO - Processed test_case_12.dot: Score=0.3346 (1 paths)
2026-05-20 21:42:08,877 - INFO - Processed test_case_13.dot: Score=0.3121 (2 paths)
2026-05-20 21:42:09,136 - INFO - Processed test_case_14.dot: Score=0.2706 (4 paths)
2026-05-20 21:42:09,268 - INFO - Processed test_case_15.dot: Score=0.3106 (2 paths)
2026-05-20 21:42:22,177 - INFO - Processed test_case_16.dot: Score=0.1145 (50 paths)
2026-05-20 21:42:22,900 - INFO - Processed test_case_17.dot: Score=0.2567 (8 paths)
2026-05-20 21:42:24,425 - INFO - Processed test_case_18.dot: Score=0.2356 (8 paths)
2026-05-20 21:42:24,449 - ERROR - Failed to parse or build PDG: unterminated string literal (detected at line 345) (<unknown>, line 345)
2026-05-20 21:42:24,450 - WARNING - No functions found in ./output/temp1/sonnet/pymonet.validation/base/run2/test_pymonet_validation_functions_refactored.py to generate PDGs for.
<unknown>:24: SyntaxWarning: invalid escape sequence '\['
<unknown>:25: SyntaxWarning: invalid escape sequence '\['
<unknown>:26: SyntaxWarning: invalid escape sequence '\('
<unknown>:27: SyntaxWarning: invalid escape sequence '\('
<unknown>:28: SyntaxWarning: invalid escape sequence '\e'
2026-05-20 21:42:38,244 - INFO - HTTP Request: POST https://anast.ita.chalmers.se:4100/v1/chat/completions "HTTP/1.1 200 OK"
2026-05-20 21:42:53,401 - INFO - HTTP Request: POST https://anast.ita.chalmers.se:4100/v1/chat/completions "HTTP/1.1 200 OK"
2026-05-20 21:43:01,664 - INFO - HTTP Request: POST https://anast.ita.chalmers.se:4100/v1/chat/completions "HTTP/1.1 200 OK"
2026-05-20 21:43:14,236 - INFO - HTTP Request: POST https://anast.ita.chalmers.se:4100/v1/chat/completions "HTTP/1.1 200 OK"
2026-05-20 21:43:17,402 - INFO - HTTP Request: POST https://anast.ita.chalmers.se:4100/v1/chat/completions "HTTP/1.1 200 OK"
2026-05-20 21:43:29,700 - INFO - HTTP Request: POST https://anast.ita.chalmers.se:4100/v1/chat/completions "HTTP/1.1 200 OK"
2026-05-20 21:43:32,327 - INFO - HTTP Request: POST https://anast.ita.chalmers.se:4100/v1/chat/completions "HTTP/1.1 200 OK"
2026-05-20 21:43:44,603 - INFO - HTTP Request: POST https://anast.ita.chalmers.se:4100/v1/chat/completions "HTTP/1.1 200 OK"
2026-05-20 21:43:47,711 - INFO - HTTP Request: POST https://anast.ita.chalmers.se:4100/v1/chat/completions "HTTP/1.1 200 OK"
2026-05-20 21:44:00,802 - INFO - HTTP Request: POST https://anast.ita.chalmers.se:4100/v1/chat/completions "HTTP/1.1 200 OK"
2026-05-20 21:44:04,240 - INFO - HTTP Request: POST https://anast.ita.chalmers.se:4100/v1/chat/completions "HTTP/1.1 200 OK"
2026-05-20 21:44:16,038 - INFO - HTTP Request: POST https://anast.ita.chalmers.se:4100/v1/chat/completions "HTTP/1.1 200 OK"
2026-05-20 21:44:19,004 - INFO - HTTP Request: POST https://anast.ita.chalmers.se:4100/v1/chat/completions "HTTP/1.1 200 OK"
2026-05-20 21:44:29,405 - INFO - HTTP Request: POST https://anast.ita.chalmers.se:4100/v1/chat/completions "HTTP/1.1 200 OK"
2026-05-20 21:44:31,470 - INFO - HTTP Request: POST https://anast.ita.chalmers.se:4100/v1/chat/completions "HTTP/1.1 200 OK"
2026-05-20 21:44:42,836 - INFO - HTTP Request: POST https://anast.ita.chalmers.se:4100/v1/chat/completions "HTTP/1.1 200 OK"
2026-05-20 21:44:44,761 - INFO - HTTP Request: POST https://anast.ita.chalmers.se:4100/v1/chat/completions "HTTP/1.1 200 OK"
2026-05-20 21:44:56,961 - INFO - HTTP Request: POST https://anast.ita.chalmers.se:4100/v1/chat/completions "HTTP/1.1 200 OK"
2026-05-20 21:44:59,196 - INFO - HTTP Request: POST https://anast.ita.chalmers.se:4100/v1/chat/completions "HTTP/1.1 200 OK"
2026-05-20 21:45:11,886 - INFO - HTTP Request: POST https://anast.ita.chalmers.se:4100/v1/chat/completions "HTTP/1.1 200 OK"
2026-05-20 21:45:14,870 - INFO - HTTP Request: POST https://anast.ita.chalmers.se:4100/v1/chat/completions "HTTP/1.1 200 OK"
2026-05-20 21:45:26,867 - INFO - HTTP Request: POST https://anast.ita.chalmers.se:4100/v1/chat/completions "HTTP/1.1 200 OK"
2026-05-20 21:45:29,094 - INFO - HTTP Request: POST https://anast.ita.chalmers.se:4100/v1/chat/completions "HTTP/1.1 200 OK"
2026-05-20 21:45:41,724 - INFO - HTTP Request: POST https://anast.ita.chalmers.se:4100/v1/chat/completions "HTTP/1.1 200 OK"
2026-05-20 21:45:44,365 - INFO - HTTP Request: POST https://anast.ita.chalmers.se:4100/v1/chat/completions "HTTP/1.1 200 OK"
2026-05-20 21:45:56,275 - INFO - HTTP Request: POST https://anast.ita.chalmers.se:4100/v1/chat/completions "HTTP/1.1 200 OK"
2026-05-20 21:45:58,837 - INFO - HTTP Request: POST https://anast.ita.chalmers.se:4100/v1/chat/completions "HTTP/1.1 200 OK"
2026-05-20 21:46:11,637 - INFO - HTTP Request: POST https://anast.ita.chalmers.se:4100/v1/chat/completions "HTTP/1.1 200 OK"
2026-05-20 21:46:14,174 - INFO - HTTP Request: POST https://anast.ita.chalmers.se:4100/v1/chat/completions "HTTP/1.1 200 OK"
2026-05-20 21:46:27,040 - INFO - HTTP Request: POST https://anast.ita.chalmers.se:4100/v1/chat/completions "HTTP/1.1 200 OK"
2026-05-20 21:46:29,756 - INFO - HTTP Request: POST https://anast.ita.chalmers.se:4100/v1/chat/completions "HTTP/1.1 200 OK"
2026-05-20 21:46:42,006 - INFO - HTTP Request: POST https://anast.ita.chalmers.se:4100/v1/chat/completions "HTTP/1.1 200 OK"
2026-05-20 21:46:44,717 - INFO - HTTP Request: POST https://anast.ita.chalmers.se:4100/v1/chat/completions "HTTP/1.1 200 OK"
2026-05-20 21:47:06,706 - INFO - HTTP Request: POST https://anast.ita.chalmers.se:4100/v1/chat/completions "HTTP/1.1 200 OK"
2026-05-20 21:47:13,854 - INFO - HTTP Request: POST https://anast.ita.chalmers.se:4100/v1/chat/completions "HTTP/1.1 200 OK"
2026-05-20 21:47:29,476 - INFO - HTTP Request: POST https://anast.ita.chalmers.se:4100/v1/chat/completions "HTTP/1.1 200 OK"
2026-05-20 21:47:34,037 - INFO - HTTP Request: POST https://anast.ita.chalmers.se:4100/v1/chat/completions "HTTP/1.1 200 OK"
2026-05-20 21:47:47,659 - INFO - HTTP Request: POST https://anast.ita.chalmers.se:4100/v1/chat/completions "HTTP/1.1 200 OK"
2026-05-20 21:47:51,483 - INFO - HTTP Request: POST https://anast.ita.chalmers.se:4100/v1/chat/completions "HTTP/1.1 200 OK"
2026-05-20 21:48:18,249 - INFO - HTTP Request: POST https://anast.ita.chalmers.se:4100/v1/chat/completions "HTTP/1.1 200 OK"
2026-05-20 21:48:48,038 - INFO - Loading model: microsoft/codebert-base-mlm
/data/users/eliassam/miniforge3/lib/python3.12/site-packages/transformers/tokenization_utils_base.py:1601: FutureWarning: `clean_up_tokenization_spaces` was not set. It will be set to `True` by default. This behavior will be depracted in transformers v4.45, and will be then set to `False` by default. For more details check this issue: https://github.com/huggingface/transformers/issues/31884
  warnings.warn(
Some weights of the model checkpoint at microsoft/codebert-base-mlm were not used when initializing RobertaForMaskedLM: ['roberta.pooler.dense.bias', 'roberta.pooler.dense.weight']
- This IS expected if you are initializing RobertaForMaskedLM from the checkpoint of a model trained on another task or with another architecture (e.g. initializing a BertForSequenceClassification model from a BertForPreTraining model).
- This IS NOT expected if you are initializing RobertaForMaskedLM from the checkpoint of a model that you expect to be exactly identical (initializing a BertForSequenceClassification model from a BertForSequenceClassification model).
2026-05-20 21:48:50,907 - INFO - Processed __main__.dot: Score=0.6366 (1 paths)
2026-05-20 21:48:54,697 - INFO - Processed test_case_0.dot: Score=0.1988 (3 paths)
2026-05-20 21:48:59,672 - INFO - Processed test_case_1.dot: Score=0.2951 (3 paths)
2026-05-20 21:49:01,482 - INFO - Processed test_case_2.dot: Score=0.3315 (1 paths)
2026-05-20 21:49:02,706 - INFO - Processed test_case_3.dot: Score=0.3254 (2 paths)
2026-05-20 21:49:02,911 - INFO - Processed test_case_4.dot: Score=0.2015 (3 paths)
2026-05-20 21:49:02,979 - INFO - Processed test_case_5.dot: Score=0.3145 (1 paths)
2026-05-20 21:49:03,029 - INFO - Processed test_case_6.dot: Score=0.4208 (1 paths)
2026-05-20 21:49:03,094 - INFO - Processed test_case_7.dot: Score=0.4330 (1 paths)
2026-05-20 21:49:03,157 - INFO - Processed test_case_8.dot: Score=0.3603 (1 paths)
2026-05-20 21:49:03,479 - INFO - Processed test_case_9.dot: Score=0.3010 (5 paths)
2026-05-20 21:49:03,605 - INFO - Processed test_case_10.dot: Score=0.2613 (2 paths)
2026-05-20 21:49:03,758 - INFO - Processed test_case_11.dot: Score=0.3964 (3 paths)
2026-05-20 21:49:03,824 - INFO - Processed test_case_12.dot: Score=0.3346 (1 paths)
2026-05-20 21:49:03,942 - INFO - Processed test_case_13.dot: Score=0.3121 (2 paths)
2026-05-20 21:49:04,154 - INFO - Processed test_case_14.dot: Score=0.2706 (4 paths)
2026-05-20 21:49:04,268 - INFO - Processed test_case_15.dot: Score=0.3106 (2 paths)
2026-05-20 21:49:11,084 - INFO - Processed test_case_16.dot: Score=0.1145 (50 paths)
2026-05-20 21:49:11,667 - INFO - Processed test_case_17.dot: Score=0.2567 (8 paths)
2026-05-20 21:49:12,209 - INFO - Processed test_case_18.dot: Score=0.2356 (8 paths)
2026-05-20 21:49:12,348 - INFO - Processed __main__.dot: Score=0.6411 (1 paths)
2026-05-20 21:49:12,587 - INFO - Processed test_validation_creation_with_docstring_text_checks_success_fail_and_maybe_conversion.dot: Score=0.3851 (3 paths)
2026-05-20 21:49:12,775 - INFO - Processed test_validation_eq_with_none_returns_result_with_is_success.dot: Score=0.2751 (3 paths)
2026-05-20 21:49:12,853 - INFO - Processed test_validation_str_representation_is_fail_with_empty_dicts.dot: Score=0.3045 (1 paths)
2026-05-20 21:49:12,990 - INFO - Processed test_validation_with_empty_sets_converts_to_either_and_maybe.dot: Score=0.4098 (2 paths)
2026-05-20 21:49:13,220 - INFO - Processed test_validation_failure_supports_equality_either_and_maybe_conversion.dot: Score=0.2834 (3 paths)
2026-05-20 21:49:13,298 - INFO - Processed test_validation_with_empty_sets_chained_to_maybe.dot: Score=0.4217 (1 paths)
2026-05-20 21:49:13,363 - INFO - Processed test_validation_init_with_none_arguments.dot: Score=0.3566 (1 paths)
2026-05-20 21:49:13,433 - INFO - Processed test_validation_to_maybe_with_none_inputs.dot: Score=0.3486 (1 paths)
2026-05-20 21:49:13,503 - INFO - Processed test_validation_is_fail_with_plain_object.dot: Score=0.3122 (1 paths)
2026-05-20 21:49:13,761 - INFO - Processed test_validation_map_with_none_on_nested_structure.dot: Score=0.2838 (4 paths)
2026-05-20 21:49:13,895 - INFO - Processed test_validation_bind_with_none_value.dot: Score=0.3740 (2 paths)
2026-05-20 21:49:14,064 - INFO - Processed test_validation_ap_with_all_true_values.dot: Score=0.3608 (3 paths)
2026-05-20 21:49:14,143 - INFO - Processed test_validation_with_both_flags_true_converts_to_successful_box.dot: Score=0.4619 (1 paths)
2026-05-20 21:49:14,229 - INFO - Processed test_validation_to_lazy_bind_none_then_to_lazy.dot: Score=0.3986 (1 paths)
2026-05-20 21:49:14,489 - INFO - Processed test_validation_lazy_and_try_conversions_with_ap.dot: Score=0.3094 (4 paths)
2026-05-20 21:49:14,618 - INFO - Processed test_validation_with_zero_value_in_list_is_success.dot: Score=0.2615 (2 paths)
2026-05-20 21:49:22,313 - INFO - Processed test_validation_chained_operations_with_mixed_types.dot: Score=0.1343 (50 paths)
2026-05-20 21:49:22,960 - INFO - Processed test_validation_equality_and_maybe_conversion_with_none_key.dot: Score=0.2226 (8 paths)
2026-05-20 21:49:23,592 - INFO - Processed test_validation_eq_with_mismatched_none_and_bytes_calls_to_box.dot: Score=0.1762 (8 paths)
<unknown>:24: SyntaxWarning: invalid escape sequence '\['
<unknown>:25: SyntaxWarning: invalid escape sequence '\['
<unknown>:26: SyntaxWarning: invalid escape sequence '\('
<unknown>:27: SyntaxWarning: invalid escape sequence '\('
<unknown>:28: SyntaxWarning: invalid escape sequence '\e'
2026-05-20 21:49:36,175 - INFO - HTTP Request: POST https://anast.ita.chalmers.se:4100/v1/chat/completions "HTTP/1.1 200 OK"
2026-05-20 21:49:46,922 - INFO - HTTP Request: POST https://anast.ita.chalmers.se:4100/v1/chat/completions "HTTP/1.1 200 OK"
2026-05-20 21:49:49,013 - INFO - HTTP Request: POST https://anast.ita.chalmers.se:4100/v1/chat/completions "HTTP/1.1 200 OK"
2026-05-20 21:50:00,618 - INFO - HTTP Request: POST https://anast.ita.chalmers.se:4100/v1/chat/completions "HTTP/1.1 200 OK"
2026-05-20 21:50:03,791 - INFO - HTTP Request: POST https://anast.ita.chalmers.se:4100/v1/chat/completions "HTTP/1.1 200 OK"
2026-05-20 21:50:09,157 - INFO - HTTP Request: POST https://anast.ita.chalmers.se:4100/v1/chat/completions "HTTP/1.1 200 OK"
2026-05-20 21:50:10,936 - INFO - Loading model: microsoft/codebert-base-mlm
/data/users/eliassam/miniforge3/lib/python3.12/site-packages/transformers/tokenization_utils_base.py:1601: FutureWarning: `clean_up_tokenization_spaces` was not set. It will be set to `True` by default. This behavior will be depracted in transformers v4.45, and will be then set to `False` by default. For more details check this issue: https://github.com/huggingface/transformers/issues/31884
  warnings.warn(
Some weights of the model checkpoint at microsoft/codebert-base-mlm were not used when initializing RobertaForMaskedLM: ['roberta.pooler.dense.bias', 'roberta.pooler.dense.weight']
- This IS expected if you are initializing RobertaForMaskedLM from the checkpoint of a model trained on another task or with another architecture (e.g. initializing a BertForSequenceClassification model from a BertForPreTraining model).
- This IS NOT expected if you are initializing RobertaForMaskedLM from the checkpoint of a model that you expect to be exactly identical (initializing a BertForSequenceClassification model from a BertForSequenceClassification model).
2026-05-20 21:50:13,057 - INFO - Processed __main__.dot: Score=0.8122 (1 paths)
2026-05-20 21:50:13,114 - INFO - Processed test_case_0.dot: Score=0.9248 (1 paths)
2026-05-20 21:50:13,196 - INFO - Processed test_case_1.dot: Score=0.5091 (1 paths)
2026-05-20 21:50:13,284 - INFO - Processed __main__.dot: Score=0.7347 (1 paths)
2026-05-20 21:50:13,450 - INFO - Processed test_read_journal_entries_initializes_without_error.dot: Score=0.5382 (1 paths)
2026-05-20 21:50:13,544 - INFO - Processed test_journal_entry_validate_with_all_none_fields.dot: Score=0.3305 (1 paths)
<unknown>:24: SyntaxWarning: invalid escape sequence '\['
<unknown>:25: SyntaxWarning: invalid escape sequence '\['
<unknown>:26: SyntaxWarning: invalid escape sequence '\('
<unknown>:27: SyntaxWarning: invalid escape sequence '\('
<unknown>:28: SyntaxWarning: invalid escape sequence '\e'
2026-05-20 21:50:26,992 - INFO - HTTP Request: POST https://anast.ita.chalmers.se:4100/v1/chat/completions "HTTP/1.1 200 OK"
2026-05-20 21:50:37,968 - INFO - HTTP Request: POST https://anast.ita.chalmers.se:4100/v1/chat/completions "HTTP/1.1 200 OK"
2026-05-20 21:50:39,922 - INFO - HTTP Request: POST https://anast.ita.chalmers.se:4100/v1/chat/completions "HTTP/1.1 200 OK"
2026-05-20 21:50:51,656 - INFO - HTTP Request: POST https://anast.ita.chalmers.se:4100/v1/chat/completions "HTTP/1.1 200 OK"
2026-05-20 21:50:54,160 - INFO - HTTP Request: POST https://anast.ita.chalmers.se:4100/v1/chat/completions "HTTP/1.1 200 OK"
2026-05-20 21:50:59,026 - INFO - HTTP Request: POST https://anast.ita.chalmers.se:4100/v1/chat/completions "HTTP/1.1 200 OK"
2026-05-20 21:51:00,379 - INFO - Loading model: microsoft/codebert-base-mlm
/data/users/eliassam/miniforge3/lib/python3.12/site-packages/transformers/tokenization_utils_base.py:1601: FutureWarning: `clean_up_tokenization_spaces` was not set. It will be set to `True` by default. This behavior will be depracted in transformers v4.45, and will be then set to `False` by default. For more details check this issue: https://github.com/huggingface/transformers/issues/31884
  warnings.warn(
Some weights of the model checkpoint at microsoft/codebert-base-mlm were not used when initializing RobertaForMaskedLM: ['roberta.pooler.dense.bias', 'roberta.pooler.dense.weight']
- This IS expected if you are initializing RobertaForMaskedLM from the checkpoint of a model trained on another task or with another architecture (e.g. initializing a BertForSequenceClassification model from a BertForPreTraining model).
- This IS NOT expected if you are initializing RobertaForMaskedLM from the checkpoint of a model that you expect to be exactly identical (initializing a BertForSequenceClassification model from a BertForSequenceClassification model).
2026-05-20 21:51:01,905 - INFO - Processed __main__.dot: Score=0.8122 (1 paths)
2026-05-20 21:51:01,963 - INFO - Processed test_case_0.dot: Score=0.9248 (1 paths)
2026-05-20 21:51:02,045 - INFO - Processed test_case_1.dot: Score=0.5091 (1 paths)
2026-05-20 21:51:02,134 - INFO - Processed __main__.dot: Score=0.7347 (1 paths)
2026-05-20 21:51:02,209 - INFO - Processed test_read_journal_entries_initializes_without_error.dot: Score=0.5382 (1 paths)
2026-05-20 21:51:02,304 - INFO - Processed test_journal_entry_validate_returns_none_when_all_fields_are_none.dot: Score=0.3391 (1 paths)
<unknown>:24: SyntaxWarning: invalid escape sequence '\['
<unknown>:25: SyntaxWarning: invalid escape sequence '\['
<unknown>:26: SyntaxWarning: invalid escape sequence '\('
<unknown>:27: SyntaxWarning: invalid escape sequence '\('
<unknown>:28: SyntaxWarning: invalid escape sequence '\e'
2026-05-20 21:51:15,686 - INFO - HTTP Request: POST https://anast.ita.chalmers.se:4100/v1/chat/completions "HTTP/1.1 200 OK"
2026-05-20 21:51:27,681 - INFO - HTTP Request: POST https://anast.ita.chalmers.se:4100/v1/chat/completions "HTTP/1.1 200 OK"
2026-05-20 21:51:29,415 - INFO - HTTP Request: POST https://anast.ita.chalmers.se:4100/v1/chat/completions "HTTP/1.1 200 OK"
2026-05-20 21:51:41,127 - INFO - HTTP Request: POST https://anast.ita.chalmers.se:4100/v1/chat/completions "HTTP/1.1 200 OK"
2026-05-20 21:51:43,441 - INFO - HTTP Request: POST https://anast.ita.chalmers.se:4100/v1/chat/completions "HTTP/1.1 200 OK"
2026-05-20 21:51:47,557 - INFO - HTTP Request: POST https://anast.ita.chalmers.se:4100/v1/chat/completions "HTTP/1.1 200 OK"
2026-05-20 21:51:49,127 - INFO - Loading model: microsoft/codebert-base-mlm
/data/users/eliassam/miniforge3/lib/python3.12/site-packages/transformers/tokenization_utils_base.py:1601: FutureWarning: `clean_up_tokenization_spaces` was not set. It will be set to `True` by default. This behavior will be depracted in transformers v4.45, and will be then set to `False` by default. For more details check this issue: https://github.com/huggingface/transformers/issues/31884
  warnings.warn(
Some weights of the model checkpoint at microsoft/codebert-base-mlm were not used when initializing RobertaForMaskedLM: ['roberta.pooler.dense.bias', 'roberta.pooler.dense.weight']
- This IS expected if you are initializing RobertaForMaskedLM from the checkpoint of a model trained on another task or with another architecture (e.g. initializing a BertForSequenceClassification model from a BertForPreTraining model).
- This IS NOT expected if you are initializing RobertaForMaskedLM from the checkpoint of a model that you expect to be exactly identical (initializing a BertForSequenceClassification model from a BertForSequenceClassification model).
2026-05-20 21:51:51,607 - INFO - Processed __main__.dot: Score=0.8122 (1 paths)
2026-05-20 21:51:52,659 - INFO - Processed test_case_0.dot: Score=0.9248 (1 paths)
2026-05-20 21:51:52,847 - INFO - Processed test_case_1.dot: Score=0.5091 (1 paths)
2026-05-20 21:51:52,934 - INFO - Processed __main__.dot: Score=0.7347 (1 paths)
2026-05-20 21:51:53,007 - INFO - Processed test_read_journal_entries_initializes_without_error.dot: Score=0.5382 (1 paths)
2026-05-20 21:51:53,103 - INFO - Processed test_journal_entry_validate_returns_none_when_all_fields_are_none.dot: Score=0.3391 (1 paths)
<unknown>:24: SyntaxWarning: invalid escape sequence '\['
<unknown>:25: SyntaxWarning: invalid escape sequence '\['
<unknown>:26: SyntaxWarning: invalid escape sequence '\('
<unknown>:27: SyntaxWarning: invalid escape sequence '\('
<unknown>:28: SyntaxWarning: invalid escape sequence '\e'
2026-05-20 21:52:05,334 - INFO - HTTP Request: POST https://anast.ita.chalmers.se:4100/v1/chat/completions "HTTP/1.1 200 OK"
2026-05-20 21:52:19,667 - INFO - HTTP Request: POST https://anast.ita.chalmers.se:4100/v1/chat/completions "HTTP/1.1 200 OK"
2026-05-20 21:52:22,593 - INFO - HTTP Request: POST https://anast.ita.chalmers.se:4100/v1/chat/completions "HTTP/1.1 200 OK"
2026-05-20 21:52:35,402 - INFO - HTTP Request: POST https://anast.ita.chalmers.se:4100/v1/chat/completions "HTTP/1.1 200 OK"
2026-05-20 21:52:37,688 - INFO - HTTP Request: POST https://anast.ita.chalmers.se:4100/v1/chat/completions "HTTP/1.1 200 OK"
2026-05-20 21:52:52,815 - INFO - HTTP Request: POST https://anast.ita.chalmers.se:4100/v1/chat/completions "HTTP/1.1 200 OK"
2026-05-20 21:52:55,318 - INFO - HTTP Request: POST https://anast.ita.chalmers.se:4100/v1/chat/completions "HTTP/1.1 200 OK"
2026-05-20 21:53:07,759 - INFO - HTTP Request: POST https://anast.ita.chalmers.se:4100/v1/chat/completions "HTTP/1.1 200 OK"
2026-05-20 21:53:10,054 - INFO - HTTP Request: POST https://anast.ita.chalmers.se:4100/v1/chat/completions "HTTP/1.1 200 OK"
2026-05-20 21:53:20,140 - INFO - HTTP Request: POST https://anast.ita.chalmers.se:4100/v1/chat/completions "HTTP/1.1 200 OK"
2026-05-20 21:53:22,038 - INFO - HTTP Request: POST https://anast.ita.chalmers.se:4100/v1/chat/completions "HTTP/1.1 200 OK"
2026-05-20 21:53:33,707 - INFO - HTTP Request: POST https://anast.ita.chalmers.se:4100/v1/chat/completions "HTTP/1.1 200 OK"
2026-05-20 21:53:38,432 - INFO - HTTP Request: POST https://anast.ita.chalmers.se:4100/v1/chat/completions "HTTP/1.1 200 OK"
2026-05-20 21:53:49,314 - INFO - HTTP Request: POST https://anast.ita.chalmers.se:4100/v1/chat/completions "HTTP/1.1 200 OK"
2026-05-20 21:53:52,485 - INFO - HTTP Request: POST https://anast.ita.chalmers.se:4100/v1/chat/completions "HTTP/1.1 200 OK"
2026-05-20 21:54:04,424 - INFO - HTTP Request: POST https://anast.ita.chalmers.se:4100/v1/chat/completions "HTTP/1.1 200 OK"
2026-05-20 21:54:06,715 - INFO - HTTP Request: POST https://anast.ita.chalmers.se:4100/v1/chat/completions "HTTP/1.1 200 OK"
2026-05-20 21:54:18,775 - INFO - HTTP Request: POST https://anast.ita.chalmers.se:4100/v1/chat/completions "HTTP/1.1 200 OK"
2026-05-20 21:54:22,698 - INFO - HTTP Request: POST https://anast.ita.chalmers.se:4100/v1/chat/completions "HTTP/1.1 200 OK"
2026-05-20 21:54:35,294 - INFO - HTTP Request: POST https://anast.ita.chalmers.se:4100/v1/chat/completions "HTTP/1.1 200 OK"
2026-05-20 21:54:39,426 - INFO - HTTP Request: POST https://anast.ita.chalmers.se:4100/v1/chat/completions "HTTP/1.1 200 OK"
2026-05-20 21:54:52,007 - INFO - HTTP Request: POST https://anast.ita.chalmers.se:4100/v1/chat/completions "HTTP/1.1 200 OK"
2026-05-20 21:54:56,606 - INFO - HTTP Request: POST https://anast.ita.chalmers.se:4100/v1/chat/completions "HTTP/1.1 200 OK"
2026-05-20 21:55:10,124 - INFO - HTTP Request: POST https://anast.ita.chalmers.se:4100/v1/chat/completions "HTTP/1.1 200 OK"
2026-05-20 21:55:13,090 - INFO - HTTP Request: POST https://anast.ita.chalmers.se:4100/v1/chat/completions "HTTP/1.1 200 OK"
2026-05-20 21:55:25,814 - INFO - HTTP Request: POST https://anast.ita.chalmers.se:4100/v1/chat/completions "HTTP/1.1 200 OK"
2026-05-20 21:55:28,427 - INFO - HTTP Request: POST https://anast.ita.chalmers.se:4100/v1/chat/completions "HTTP/1.1 200 OK"
2026-05-20 21:55:41,768 - INFO - HTTP Request: POST https://anast.ita.chalmers.se:4100/v1/chat/completions "HTTP/1.1 200 OK"
2026-05-20 21:55:44,641 - INFO - HTTP Request: POST https://anast.ita.chalmers.se:4100/v1/chat/completions "HTTP/1.1 200 OK"
2026-05-20 21:55:57,591 - INFO - HTTP Request: POST https://anast.ita.chalmers.se:4100/v1/chat/completions "HTTP/1.1 200 OK"
2026-05-20 21:55:59,948 - INFO - HTTP Request: POST https://anast.ita.chalmers.se:4100/v1/chat/completions "HTTP/1.1 200 OK"
2026-05-20 21:56:13,571 - INFO - HTTP Request: POST https://anast.ita.chalmers.se:4100/v1/chat/completions "HTTP/1.1 200 OK"
2026-05-20 21:56:16,050 - INFO - HTTP Request: POST https://anast.ita.chalmers.se:4100/v1/chat/completions "HTTP/1.1 200 OK"
2026-05-20 21:56:28,503 - INFO - HTTP Request: POST https://anast.ita.chalmers.se:4100/v1/chat/completions "HTTP/1.1 200 OK"
2026-05-20 21:56:31,469 - INFO - HTTP Request: POST https://anast.ita.chalmers.se:4100/v1/chat/completions "HTTP/1.1 200 OK"
2026-05-20 21:56:42,924 - INFO - HTTP Request: POST https://anast.ita.chalmers.se:4100/v1/chat/completions "HTTP/1.1 200 OK"
2026-05-20 21:56:44,512 - INFO - HTTP Request: POST https://anast.ita.chalmers.se:4100/v1/chat/completions "HTTP/1.1 200 OK"
2026-05-20 21:56:58,428 - INFO - HTTP Request: POST https://anast.ita.chalmers.se:4100/v1/chat/completions "HTTP/1.1 200 OK"
2026-05-20 21:57:01,221 - INFO - HTTP Request: POST https://anast.ita.chalmers.se:4100/v1/chat/completions "HTTP/1.1 200 OK"
2026-05-20 21:57:19,338 - INFO - HTTP Request: POST https://anast.ita.chalmers.se:4100/v1/chat/completions "HTTP/1.1 200 OK"
2026-05-20 21:57:23,650 - INFO - HTTP Request: POST https://anast.ita.chalmers.se:4100/v1/chat/completions "HTTP/1.1 200 OK"
2026-05-20 21:57:40,931 - INFO - HTTP Request: POST https://anast.ita.chalmers.se:4100/v1/chat/completions "HTTP/1.1 200 OK"
2026-05-20 21:57:44,552 - INFO - HTTP Request: POST https://anast.ita.chalmers.se:4100/v1/chat/completions "HTTP/1.1 200 OK"
2026-05-20 21:57:59,032 - INFO - HTTP Request: POST https://anast.ita.chalmers.se:4100/v1/chat/completions "HTTP/1.1 200 OK"
2026-05-20 21:58:05,914 - INFO - HTTP Request: POST https://anast.ita.chalmers.se:4100/v1/chat/completions "HTTP/1.1 200 OK"
2026-05-20 21:58:33,501 - INFO - HTTP Request: POST https://anast.ita.chalmers.se:4100/v1/chat/completions "HTTP/1.1 200 OK"
2026-05-20 21:58:56,930 - INFO - Loading model: microsoft/codebert-base-mlm
/data/users/eliassam/miniforge3/lib/python3.12/site-packages/transformers/tokenization_utils_base.py:1601: FutureWarning: `clean_up_tokenization_spaces` was not set. It will be set to `True` by default. This behavior will be depracted in transformers v4.45, and will be then set to `False` by default. For more details check this issue: https://github.com/huggingface/transformers/issues/31884
  warnings.warn(
Some weights of the model checkpoint at microsoft/codebert-base-mlm were not used when initializing RobertaForMaskedLM: ['roberta.pooler.dense.bias', 'roberta.pooler.dense.weight']
- This IS expected if you are initializing RobertaForMaskedLM from the checkpoint of a model trained on another task or with another architecture (e.g. initializing a BertForSequenceClassification model from a BertForPreTraining model).
- This IS NOT expected if you are initializing RobertaForMaskedLM from the checkpoint of a model that you expect to be exactly identical (initializing a BertForSequenceClassification model from a BertForSequenceClassification model).
2026-05-20 21:58:59,287 - INFO - Processed __main__.dot: Score=0.6150 (1 paths)
2026-05-20 21:59:01,063 - INFO - Processed test_case_0.dot: Score=0.3128 (1 paths)
2026-05-20 21:59:02,843 - INFO - Processed test_case_1.dot: Score=0.4646 (1 paths)
2026-05-20 21:59:06,385 - INFO - Processed test_case_2.dot: Score=0.4144 (3 paths)
2026-05-20 21:59:06,442 - INFO - Processed test_case_3.dot: Score=0.3976 (1 paths)
2026-05-20 21:59:06,484 - INFO - Processed test_case_4.dot: Score=0.6781 (1 paths)
2026-05-20 21:59:06,538 - INFO - Processed test_case_5.dot: Score=0.4099 (1 paths)
2026-05-20 21:59:06,581 - INFO - Processed test_case_6.dot: Score=0.6312 (1 paths)
2026-05-20 21:59:06,645 - INFO - Processed test_case_7.dot: Score=0.4711 (1 paths)
2026-05-20 21:59:06,697 - INFO - Processed test_case_8.dot: Score=0.5279 (1 paths)
2026-05-20 21:59:06,858 - INFO - Processed test_case_9.dot: Score=0.3671 (3 paths)
2026-05-20 21:59:06,979 - INFO - Processed test_case_10.dot: Score=0.3866 (2 paths)
2026-05-20 21:59:07,082 - INFO - Processed test_case_11.dot: Score=0.3483 (2 paths)
2026-05-20 21:59:07,135 - INFO - Processed test_case_12.dot: Score=0.3994 (1 paths)
2026-05-20 21:59:07,191 - INFO - Processed test_case_13.dot: Score=0.3853 (1 paths)
2026-05-20 21:59:07,301 - INFO - Processed test_case_14.dot: Score=0.3140 (2 paths)
2026-05-20 21:59:07,358 - INFO - Processed test_case_15.dot: Score=0.3285 (1 paths)
2026-05-20 21:59:07,417 - INFO - Processed test_case_16.dot: Score=0.4410 (1 paths)
2026-05-20 21:59:07,472 - INFO - Processed test_case_17.dot: Score=0.4847 (1 paths)
2026-05-20 21:59:07,626 - INFO - Processed test_case_18.dot: Score=0.4395 (3 paths)
2026-05-20 21:59:07,980 - INFO - Processed test_case_19.dot: Score=0.2762 (6 paths)
2026-05-20 21:59:08,037 - INFO - Processed test_case_20.dot: Score=0.4823 (1 paths)
2026-05-20 21:59:08,201 - INFO - Processed test_case_21.dot: Score=0.3992 (3 paths)
2026-05-20 21:59:08,331 - INFO - Processed __main__.dot: Score=0.5377 (1 paths)
2026-05-20 21:59:08,403 - INFO - Processed test_illegal_use_of_scope_replacer_repr.dot: Score=0.2668 (1 paths)
2026-05-20 21:59:08,478 - INFO - Processed test_illegal_use_of_scope_replacer_unicode_with_false_args.dot: Score=0.3364 (1 paths)
2026-05-20 21:59:08,660 - INFO - Processed test_lazy_import_with_import_replacer_and_exception_args.dot: Score=0.4109 (3 paths)
2026-05-20 21:59:08,730 - INFO - Processed test_import_replacer_raises_with_complex_number_arguments.dot: Score=0.3341 (1 paths)
2026-05-20 21:59:08,784 - INFO - Processed test_import_processor_instantiation.dot: Score=0.5225 (1 paths)
2026-05-20 21:59:08,853 - INFO - Processed test_lazy_import_raises_with_invalid_module_name.dot: Score=0.3570 (1 paths)
2026-05-20 21:59:08,911 - INFO - Processed test_disallow_proxying_raises_error.dot: Score=0.5796 (1 paths)
2026-05-20 21:59:08,984 - INFO - Processed test_lazy_import_raises_error_for_illegal_characters_in_module_name.dot: Score=0.3227 (1 paths)
2026-05-20 21:59:09,165 - INFO - Processed test_illegal_use_of_scope_replacer_eq_and_unicode_with_false.dot: Score=0.3243 (3 paths)
2026-05-20 21:59:09,303 - INFO - Processed test_illegal_use_of_scope_replacer_eq_returns_result_and_unicode_no_error.dot: Score=0.3394 (2 paths)
2026-05-20 21:59:09,437 - INFO - Processed test_lazy_import_raises_with_invalid_module_name_and_none_attr_map.dot: Score=0.3843 (2 paths)
2026-05-20 21:59:09,508 - INFO - Processed test_lazy_import_raises_with_format_string_as_module_name.dot: Score=0.2874 (1 paths)
2026-05-20 21:59:09,579 - INFO - Processed test_lazy_import_with_docstring_as_module_name.dot: Score=0.3983 (1 paths)
2026-05-20 21:59:09,658 - INFO - Processed test_lazy_import_with_empty_string_and_none_raises_or_handles_gracefully.dot: Score=0.3593 (1 paths)
2026-05-20 21:59:09,729 - INFO - Processed test_lazy_import_with_nonlocal_simulation_docstring.dot: Score=0.4774 (1 paths)
2026-05-20 21:59:09,803 - INFO - Processed test_lazy_import_raises_with_special_chars_module_name.dot: Score=0.3747 (1 paths)
2026-05-20 21:59:09,866 - INFO - Processed test_import_replacer_accepts_all_dash_arguments.dot: Score=0.4448 (1 paths)
2026-05-20 21:59:10,050 - INFO - Processed test_lazy_import_with_import_replacer_and_empty_dicts.dot: Score=0.2665 (3 paths)
2026-05-20 21:59:10,430 - INFO - Processed test_lazy_import_with_scope_replacer_and_none_names.dot: Score=0.2949 (6 paths)
2026-05-20 21:59:10,502 - INFO - Processed test_lazy_import_with_malformed_module_name_string.dot: Score=0.5879 (1 paths)
2026-05-20 21:59:10,692 - INFO - Processed test_import_replacer_setattr_with_invalid_dict_key.dot: Score=0.3275 (3 paths)
<unknown>:24: SyntaxWarning: invalid escape sequence '\['
<unknown>:25: SyntaxWarning: invalid escape sequence '\['
<unknown>:26: SyntaxWarning: invalid escape sequence '\('
<unknown>:27: SyntaxWarning: invalid escape sequence '\('
<unknown>:28: SyntaxWarning: invalid escape sequence '\e'
2026-05-20 21:59:22,562 - INFO - HTTP Request: POST https://anast.ita.chalmers.se:4100/v1/chat/completions "HTTP/1.1 200 OK"
2026-05-20 21:59:39,859 - INFO - HTTP Request: POST https://anast.ita.chalmers.se:4100/v1/chat/completions "HTTP/1.1 200 OK"
2026-05-20 21:59:42,562 - INFO - HTTP Request: POST https://anast.ita.chalmers.se:4100/v1/chat/completions "HTTP/1.1 200 OK"
2026-05-20 21:59:54,795 - INFO - HTTP Request: POST https://anast.ita.chalmers.se:4100/v1/chat/completions "HTTP/1.1 200 OK"
2026-05-20 21:59:57,911 - INFO - HTTP Request: POST https://anast.ita.chalmers.se:4100/v1/chat/completions "HTTP/1.1 200 OK"
2026-05-20 22:00:13,375 - INFO - HTTP Request: POST https://anast.ita.chalmers.se:4100/v1/chat/completions "HTTP/1.1 200 OK"
2026-05-20 22:00:16,296 - INFO - HTTP Request: POST https://anast.ita.chalmers.se:4100/v1/chat/completions "HTTP/1.1 200 OK"
2026-05-20 22:00:29,226 - INFO - HTTP Request: POST https://anast.ita.chalmers.se:4100/v1/chat/completions "HTTP/1.1 200 OK"
2026-05-20 22:00:32,269 - INFO - HTTP Request: POST https://anast.ita.chalmers.se:4100/v1/chat/completions "HTTP/1.1 200 OK"
2026-05-20 22:00:42,841 - INFO - HTTP Request: POST https://anast.ita.chalmers.se:4100/v1/chat/completions "HTTP/1.1 200 OK"
2026-05-20 22:00:44,739 - INFO - HTTP Request: POST https://anast.ita.chalmers.se:4100/v1/chat/completions "HTTP/1.1 200 OK"
2026-05-20 22:00:56,977 - INFO - HTTP Request: POST https://anast.ita.chalmers.se:4100/v1/chat/completions "HTTP/1.1 200 OK"
2026-05-20 22:00:58,963 - INFO - HTTP Request: POST https://anast.ita.chalmers.se:4100/v1/chat/completions "HTTP/1.1 200 OK"
2026-05-20 22:01:10,697 - INFO - HTTP Request: POST https://anast.ita.chalmers.se:4100/v1/chat/completions "HTTP/1.1 200 OK"
2026-05-20 22:01:12,191 - INFO - HTTP Request: POST https://anast.ita.chalmers.se:4100/v1/chat/completions "HTTP/1.1 200 OK"
2026-05-20 22:01:24,670 - INFO - HTTP Request: POST https://anast.ita.chalmers.se:4100/v1/chat/completions "HTTP/1.1 200 OK"
2026-05-20 22:01:26,822 - INFO - HTTP Request: POST https://anast.ita.chalmers.se:4100/v1/chat/completions "HTTP/1.1 200 OK"
2026-05-20 22:01:39,040 - INFO - HTTP Request: POST https://anast.ita.chalmers.se:4100/v1/chat/completions "HTTP/1.1 200 OK"
2026-05-20 22:01:42,365 - INFO - HTTP Request: POST https://anast.ita.chalmers.se:4100/v1/chat/completions "HTTP/1.1 200 OK"
2026-05-20 22:01:55,505 - INFO - HTTP Request: POST https://anast.ita.chalmers.se:4100/v1/chat/completions "HTTP/1.1 200 OK"
2026-05-20 22:01:58,423 - INFO - HTTP Request: POST https://anast.ita.chalmers.se:4100/v1/chat/completions "HTTP/1.1 200 OK"
2026-05-20 22:02:11,699 - INFO - HTTP Request: POST https://anast.ita.chalmers.se:4100/v1/chat/completions "HTTP/1.1 200 OK"
2026-05-20 22:02:14,583 - INFO - HTTP Request: POST https://anast.ita.chalmers.se:4100/v1/chat/completions "HTTP/1.1 200 OK"
2026-05-20 22:02:26,745 - INFO - HTTP Request: POST https://anast.ita.chalmers.se:4100/v1/chat/completions "HTTP/1.1 200 OK"
2026-05-20 22:02:28,727 - INFO - HTTP Request: POST https://anast.ita.chalmers.se:4100/v1/chat/completions "HTTP/1.1 200 OK"
2026-05-20 22:02:41,452 - INFO - HTTP Request: POST https://anast.ita.chalmers.se:4100/v1/chat/completions "HTTP/1.1 200 OK"
2026-05-20 22:02:44,091 - INFO - HTTP Request: POST https://anast.ita.chalmers.se:4100/v1/chat/completions "HTTP/1.1 200 OK"
2026-05-20 22:02:58,500 - INFO - HTTP Request: POST https://anast.ita.chalmers.se:4100/v1/chat/completions "HTTP/1.1 200 OK"
2026-05-20 22:03:01,729 - INFO - HTTP Request: POST https://anast.ita.chalmers.se:4100/v1/chat/completions "HTTP/1.1 200 OK"
2026-05-20 22:03:15,049 - INFO - HTTP Request: POST https://anast.ita.chalmers.se:4100/v1/chat/completions "HTTP/1.1 200 OK"
2026-05-20 22:03:17,709 - INFO - HTTP Request: POST https://anast.ita.chalmers.se:4100/v1/chat/completions "HTTP/1.1 200 OK"
2026-05-20 22:03:30,539 - INFO - HTTP Request: POST https://anast.ita.chalmers.se:4100/v1/chat/completions "HTTP/1.1 200 OK"
2026-05-20 22:03:33,374 - INFO - HTTP Request: POST https://anast.ita.chalmers.se:4100/v1/chat/completions "HTTP/1.1 200 OK"
2026-05-20 22:03:45,642 - INFO - HTTP Request: POST https://anast.ita.chalmers.se:4100/v1/chat/completions "HTTP/1.1 200 OK"
2026-05-20 22:03:52,525 - INFO - HTTP Request: POST https://anast.ita.chalmers.se:4100/v1/chat/completions "HTTP/1.1 200 OK"
2026-05-20 22:04:03,965 - INFO - HTTP Request: POST https://anast.ita.chalmers.se:4100/v1/chat/completions "HTTP/1.1 200 OK"
2026-05-20 22:04:06,115 - INFO - HTTP Request: POST https://anast.ita.chalmers.se:4100/v1/chat/completions "HTTP/1.1 200 OK"
2026-05-20 22:04:19,544 - INFO - HTTP Request: POST https://anast.ita.chalmers.se:4100/v1/chat/completions "HTTP/1.1 200 OK"
2026-05-20 22:04:22,537 - INFO - HTTP Request: POST https://anast.ita.chalmers.se:4100/v1/chat/completions "HTTP/1.1 200 OK"
2026-05-20 22:04:39,304 - INFO - HTTP Request: POST https://anast.ita.chalmers.se:4100/v1/chat/completions "HTTP/1.1 200 OK"
2026-05-20 22:04:43,330 - INFO - HTTP Request: POST https://anast.ita.chalmers.se:4100/v1/chat/completions "HTTP/1.1 200 OK"
2026-05-20 22:04:58,078 - INFO - HTTP Request: POST https://anast.ita.chalmers.se:4100/v1/chat/completions "HTTP/1.1 200 OK"
2026-05-20 22:05:02,678 - INFO - HTTP Request: POST https://anast.ita.chalmers.se:4100/v1/chat/completions "HTTP/1.1 200 OK"
2026-05-20 22:05:17,030 - INFO - HTTP Request: POST https://anast.ita.chalmers.se:4100/v1/chat/completions "HTTP/1.1 200 OK"
2026-05-20 22:05:20,234 - INFO - HTTP Request: POST https://anast.ita.chalmers.se:4100/v1/chat/completions "HTTP/1.1 200 OK"
2026-05-20 22:05:48,170 - INFO - HTTP Request: POST https://anast.ita.chalmers.se:4100/v1/chat/completions "HTTP/1.1 200 OK"
2026-05-20 22:06:11,069 - INFO - Loading model: microsoft/codebert-base-mlm
/data/users/eliassam/miniforge3/lib/python3.12/site-packages/transformers/tokenization_utils_base.py:1601: FutureWarning: `clean_up_tokenization_spaces` was not set. It will be set to `True` by default. This behavior will be depracted in transformers v4.45, and will be then set to `False` by default. For more details check this issue: https://github.com/huggingface/transformers/issues/31884
  warnings.warn(
Some weights of the model checkpoint at microsoft/codebert-base-mlm were not used when initializing RobertaForMaskedLM: ['roberta.pooler.dense.bias', 'roberta.pooler.dense.weight']
- This IS expected if you are initializing RobertaForMaskedLM from the checkpoint of a model trained on another task or with another architecture (e.g. initializing a BertForSequenceClassification model from a BertForPreTraining model).
- This IS NOT expected if you are initializing RobertaForMaskedLM from the checkpoint of a model that you expect to be exactly identical (initializing a BertForSequenceClassification model from a BertForSequenceClassification model).
2026-05-20 22:06:13,464 - INFO - Processed __main__.dot: Score=0.6150 (1 paths)
2026-05-20 22:06:15,344 - INFO - Processed test_case_0.dot: Score=0.3128 (1 paths)
2026-05-20 22:06:17,218 - INFO - Processed test_case_1.dot: Score=0.4646 (1 paths)
2026-05-20 22:06:22,607 - INFO - Processed test_case_2.dot: Score=0.4144 (3 paths)
2026-05-20 22:06:24,392 - INFO - Processed test_case_3.dot: Score=0.3976 (1 paths)
2026-05-20 22:06:24,979 - INFO - Processed test_case_4.dot: Score=0.6781 (1 paths)
2026-05-20 22:06:25,034 - INFO - Processed test_case_5.dot: Score=0.4099 (1 paths)
2026-05-20 22:06:25,077 - INFO - Processed test_case_6.dot: Score=0.6312 (1 paths)
2026-05-20 22:06:25,141 - INFO - Processed test_case_7.dot: Score=0.4711 (1 paths)
2026-05-20 22:06:25,193 - INFO - Processed test_case_8.dot: Score=0.5279 (1 paths)
2026-05-20 22:06:25,355 - INFO - Processed test_case_9.dot: Score=0.3671 (3 paths)
2026-05-20 22:06:25,475 - INFO - Processed test_case_10.dot: Score=0.3866 (2 paths)
2026-05-20 22:06:25,579 - INFO - Processed test_case_11.dot: Score=0.3483 (2 paths)
2026-05-20 22:06:25,633 - INFO - Processed test_case_12.dot: Score=0.3994 (1 paths)
2026-05-20 22:06:25,689 - INFO - Processed test_case_13.dot: Score=0.3853 (1 paths)
2026-05-20 22:06:25,798 - INFO - Processed test_case_14.dot: Score=0.3140 (2 paths)
2026-05-20 22:06:25,854 - INFO - Processed test_case_15.dot: Score=0.3285 (1 paths)
2026-05-20 22:06:25,912 - INFO - Processed test_case_16.dot: Score=0.4410 (1 paths)
2026-05-20 22:06:25,968 - INFO - Processed test_case_17.dot: Score=0.4847 (1 paths)
2026-05-20 22:06:26,121 - INFO - Processed test_case_18.dot: Score=0.4395 (3 paths)
2026-05-20 22:06:26,461 - INFO - Processed test_case_19.dot: Score=0.2762 (6 paths)
2026-05-20 22:06:26,519 - INFO - Processed test_case_20.dot: Score=0.4823 (1 paths)
2026-05-20 22:06:26,683 - INFO - Processed test_case_21.dot: Score=0.3992 (3 paths)
2026-05-20 22:06:26,817 - INFO - Processed __main__.dot: Score=0.5377 (1 paths)
2026-05-20 22:06:26,891 - INFO - Processed test_illegal_use_of_scope_replacer_repr.dot: Score=0.3630 (1 paths)
2026-05-20 22:06:26,963 - INFO - Processed test_illegal_use_of_scope_replacer_unicode_with_false_args.dot: Score=0.3900 (1 paths)
2026-05-20 22:06:27,141 - INFO - Processed test_lazy_import_with_import_replacer_and_exception_args.dot: Score=0.4109 (3 paths)
2026-05-20 22:06:27,211 - INFO - Processed test_import_replacer_raises_with_complex_number_arguments.dot: Score=0.3341 (1 paths)
2026-05-20 22:06:27,267 - INFO - Processed test_import_processor_default_instantiation.dot: Score=0.4880 (1 paths)
2026-05-20 22:06:27,336 - INFO - Processed test_lazy_import_raises_with_invalid_module_name.dot: Score=0.3570 (1 paths)
2026-05-20 22:06:27,392 - INFO - Processed test_disallow_proxying_raises_error.dot: Score=0.6015 (1 paths)
2026-05-20 22:06:27,463 - INFO - Processed test_lazy_import_raises_error_for_malformed_module_name_string.dot: Score=0.3435 (1 paths)
2026-05-20 22:06:27,637 - INFO - Processed test_illegal_use_of_scope_replacer_equality_and_unicode.dot: Score=0.3283 (3 paths)
2026-05-20 22:06:28,179 - INFO - Processed test_illegal_use_of_scope_replacer_eq_and_unicode_no_error.dot: Score=0.3573 (2 paths)
2026-05-20 22:06:28,313 - INFO - Processed test_lazy_import_raises_with_invalid_module_name_and_none_attr_map.dot: Score=0.3478 (2 paths)
2026-05-20 22:06:28,385 - INFO - Processed test_lazy_import_raises_with_format_string_as_module_name.dot: Score=0.2606 (1 paths)
2026-05-20 22:06:28,458 - INFO - Processed test_lazy_import_with_docstring_as_module_name.dot: Score=0.4389 (1 paths)
2026-05-20 22:06:28,600 - INFO - Processed test_lazy_import_with_empty_string_and_none_raises_or_handles_gracefully.dot: Score=0.3026 (2 paths)
2026-05-20 22:06:28,668 - INFO - Processed test_lazy_import_with_nonlocal_simulation_docstring.dot: Score=0.4072 (1 paths)
2026-05-20 22:06:28,743 - INFO - Processed test_lazy_import_raises_with_special_char_module_name.dot: Score=0.3855 (1 paths)
2026-05-20 22:06:28,810 - INFO - Processed test_import_replacer_accepts_all_dash_arguments.dot: Score=0.3987 (1 paths)
2026-05-20 22:06:28,991 - INFO - Processed test_lazy_import_with_import_replacer_and_empty_dicts.dot: Score=0.2895 (3 paths)
2026-05-20 22:06:29,374 - INFO - Processed test_lazy_import_with_scope_replacer_and_none_name.dot: Score=0.2991 (6 paths)
2026-05-20 22:06:29,445 - INFO - Processed test_lazy_import_with_invalid_module_name_string.dot: Score=0.4259 (1 paths)
2026-05-20 22:06:29,631 - INFO - Processed test_import_replacer_setattr_with_invalid_dict_key.dot: Score=0.3414 (3 paths)
<unknown>:24: SyntaxWarning: invalid escape sequence '\['
<unknown>:25: SyntaxWarning: invalid escape sequence '\['
<unknown>:26: SyntaxWarning: invalid escape sequence '\('
<unknown>:27: SyntaxWarning: invalid escape sequence '\('
<unknown>:28: SyntaxWarning: invalid escape sequence '\e'
2026-05-20 22:06:41,621 - INFO - HTTP Request: POST https://anast.ita.chalmers.se:4100/v1/chat/completions "HTTP/1.1 200 OK"
2026-05-20 22:06:55,082 - INFO - HTTP Request: POST https://anast.ita.chalmers.se:4100/v1/chat/completions "HTTP/1.1 200 OK"
2026-05-20 22:06:57,735 - INFO - HTTP Request: POST https://anast.ita.chalmers.se:4100/v1/chat/completions "HTTP/1.1 200 OK"
2026-05-20 22:07:11,140 - INFO - HTTP Request: POST https://anast.ita.chalmers.se:4100/v1/chat/completions "HTTP/1.1 200 OK"
2026-05-20 22:07:13,647 - INFO - HTTP Request: POST https://anast.ita.chalmers.se:4100/v1/chat/completions "HTTP/1.1 200 OK"
2026-05-20 22:07:28,640 - INFO - HTTP Request: POST https://anast.ita.chalmers.se:4100/v1/chat/completions "HTTP/1.1 200 OK"
2026-05-20 22:07:35,310 - INFO - HTTP Request: POST https://anast.ita.chalmers.se:4100/v1/chat/completions "HTTP/1.1 200 OK"
2026-05-20 22:07:46,962 - INFO - HTTP Request: POST https://anast.ita.chalmers.se:4100/v1/chat/completions "HTTP/1.1 200 OK"
2026-05-20 22:07:49,395 - INFO - HTTP Request: POST https://anast.ita.chalmers.se:4100/v1/chat/completions "HTTP/1.1 200 OK"
2026-05-20 22:08:00,230 - INFO - HTTP Request: POST https://anast.ita.chalmers.se:4100/v1/chat/completions "HTTP/1.1 200 OK"
2026-05-20 22:08:02,637 - INFO - HTTP Request: POST https://anast.ita.chalmers.se:4100/v1/chat/completions "HTTP/1.1 200 OK"
2026-05-20 22:08:14,249 - INFO - HTTP Request: POST https://anast.ita.chalmers.se:4100/v1/chat/completions "HTTP/1.1 200 OK"
2026-05-20 22:08:16,714 - INFO - HTTP Request: POST https://anast.ita.chalmers.se:4100/v1/chat/completions "HTTP/1.1 200 OK"
2026-05-20 22:08:27,675 - INFO - HTTP Request: POST https://anast.ita.chalmers.se:4100/v1/chat/completions "HTTP/1.1 200 OK"
2026-05-20 22:08:29,643 - INFO - HTTP Request: POST https://anast.ita.chalmers.se:4100/v1/chat/completions "HTTP/1.1 200 OK"
2026-05-20 22:08:41,743 - INFO - HTTP Request: POST https://anast.ita.chalmers.se:4100/v1/chat/completions "HTTP/1.1 200 OK"
2026-05-20 22:08:43,697 - INFO - HTTP Request: POST https://anast.ita.chalmers.se:4100/v1/chat/completions "HTTP/1.1 200 OK"
2026-05-20 22:08:55,699 - INFO - HTTP Request: POST https://anast.ita.chalmers.se:4100/v1/chat/completions "HTTP/1.1 200 OK"
2026-05-20 22:08:59,699 - INFO - HTTP Request: POST https://anast.ita.chalmers.se:4100/v1/chat/completions "HTTP/1.1 200 OK"
2026-05-20 22:09:13,139 - INFO - HTTP Request: POST https://anast.ita.chalmers.se:4100/v1/chat/completions "HTTP/1.1 200 OK"
2026-05-20 22:09:15,977 - INFO - HTTP Request: POST https://anast.ita.chalmers.se:4100/v1/chat/completions "HTTP/1.1 200 OK"
2026-05-20 22:09:28,890 - INFO - HTTP Request: POST https://anast.ita.chalmers.se:4100/v1/chat/completions "HTTP/1.1 200 OK"
2026-05-20 22:09:32,500 - INFO - HTTP Request: POST https://anast.ita.chalmers.se:4100/v1/chat/completions "HTTP/1.1 200 OK"
2026-05-20 22:09:45,881 - INFO - HTTP Request: POST https://anast.ita.chalmers.se:4100/v1/chat/completions "HTTP/1.1 200 OK"
2026-05-20 22:09:48,457 - INFO - HTTP Request: POST https://anast.ita.chalmers.se:4100/v1/chat/completions "HTTP/1.1 200 OK"
2026-05-20 22:10:00,418 - INFO - HTTP Request: POST https://anast.ita.chalmers.se:4100/v1/chat/completions "HTTP/1.1 200 OK"
2026-05-20 22:10:02,766 - INFO - HTTP Request: POST https://anast.ita.chalmers.se:4100/v1/chat/completions "HTTP/1.1 200 OK"
2026-05-20 22:10:16,684 - INFO - HTTP Request: POST https://anast.ita.chalmers.se:4100/v1/chat/completions "HTTP/1.1 200 OK"
2026-05-20 22:10:19,399 - INFO - HTTP Request: POST https://anast.ita.chalmers.se:4100/v1/chat/completions "HTTP/1.1 200 OK"
2026-05-20 22:10:32,372 - INFO - HTTP Request: POST https://anast.ita.chalmers.se:4100/v1/chat/completions "HTTP/1.1 200 OK"
2026-05-20 22:10:34,789 - INFO - HTTP Request: POST https://anast.ita.chalmers.se:4100/v1/chat/completions "HTTP/1.1 200 OK"
2026-05-20 22:10:47,740 - INFO - HTTP Request: POST https://anast.ita.chalmers.se:4100/v1/chat/completions "HTTP/1.1 200 OK"
2026-05-20 22:10:50,223 - INFO - HTTP Request: POST https://anast.ita.chalmers.se:4100/v1/chat/completions "HTTP/1.1 200 OK"
2026-05-20 22:11:02,487 - INFO - HTTP Request: POST https://anast.ita.chalmers.se:4100/v1/chat/completions "HTTP/1.1 200 OK"
2026-05-20 22:11:05,326 - INFO - HTTP Request: POST https://anast.ita.chalmers.se:4100/v1/chat/completions "HTTP/1.1 200 OK"
2026-05-20 22:11:17,213 - INFO - HTTP Request: POST https://anast.ita.chalmers.se:4100/v1/chat/completions "HTTP/1.1 200 OK"
2026-05-20 22:11:19,839 - INFO - HTTP Request: POST https://anast.ita.chalmers.se:4100/v1/chat/completions "HTTP/1.1 200 OK"
2026-05-20 22:11:32,690 - INFO - HTTP Request: POST https://anast.ita.chalmers.se:4100/v1/chat/completions "HTTP/1.1 200 OK"
2026-05-20 22:11:35,556 - INFO - HTTP Request: POST https://anast.ita.chalmers.se:4100/v1/chat/completions "HTTP/1.1 200 OK"
2026-05-20 22:11:53,746 - INFO - HTTP Request: POST https://anast.ita.chalmers.se:4100/v1/chat/completions "HTTP/1.1 200 OK"
2026-05-20 22:11:58,116 - INFO - HTTP Request: POST https://anast.ita.chalmers.se:4100/v1/chat/completions "HTTP/1.1 200 OK"
2026-05-20 22:12:12,978 - INFO - HTTP Request: POST https://anast.ita.chalmers.se:4100/v1/chat/completions "HTTP/1.1 200 OK"
2026-05-20 22:12:16,547 - INFO - HTTP Request: POST https://anast.ita.chalmers.se:4100/v1/chat/completions "HTTP/1.1 200 OK"
2026-05-20 22:12:30,879 - INFO - HTTP Request: POST https://anast.ita.chalmers.se:4100/v1/chat/completions "HTTP/1.1 200 OK"
2026-05-20 22:12:34,224 - INFO - HTTP Request: POST https://anast.ita.chalmers.se:4100/v1/chat/completions "HTTP/1.1 200 OK"
2026-05-20 22:13:01,859 - INFO - HTTP Request: POST https://anast.ita.chalmers.se:4100/v1/chat/completions "HTTP/1.1 200 OK"
2026-05-20 22:13:31,278 - INFO - Loading model: microsoft/codebert-base-mlm
/data/users/eliassam/miniforge3/lib/python3.12/site-packages/transformers/tokenization_utils_base.py:1601: FutureWarning: `clean_up_tokenization_spaces` was not set. It will be set to `True` by default. This behavior will be depracted in transformers v4.45, and will be then set to `False` by default. For more details check this issue: https://github.com/huggingface/transformers/issues/31884
  warnings.warn(
Some weights of the model checkpoint at microsoft/codebert-base-mlm were not used when initializing RobertaForMaskedLM: ['roberta.pooler.dense.bias', 'roberta.pooler.dense.weight']
- This IS expected if you are initializing RobertaForMaskedLM from the checkpoint of a model trained on another task or with another architecture (e.g. initializing a BertForSequenceClassification model from a BertForPreTraining model).
- This IS NOT expected if you are initializing RobertaForMaskedLM from the checkpoint of a model that you expect to be exactly identical (initializing a BertForSequenceClassification model from a BertForSequenceClassification model).
2026-05-20 22:13:33,514 - INFO - Processed __main__.dot: Score=0.6150 (1 paths)
2026-05-20 22:13:35,357 - INFO - Processed test_case_0.dot: Score=0.3128 (1 paths)
2026-05-20 22:13:37,174 - INFO - Processed test_case_1.dot: Score=0.4646 (1 paths)
2026-05-20 22:13:40,989 - INFO - Processed test_case_2.dot: Score=0.4144 (3 paths)
2026-05-20 22:13:41,044 - INFO - Processed test_case_3.dot: Score=0.3976 (1 paths)
2026-05-20 22:13:41,086 - INFO - Processed test_case_4.dot: Score=0.6781 (1 paths)
2026-05-20 22:13:41,139 - INFO - Processed test_case_5.dot: Score=0.4099 (1 paths)
2026-05-20 22:13:41,180 - INFO - Processed test_case_6.dot: Score=0.6312 (1 paths)
2026-05-20 22:13:41,242 - INFO - Processed test_case_7.dot: Score=0.4711 (1 paths)
2026-05-20 22:13:41,295 - INFO - Processed test_case_8.dot: Score=0.5279 (1 paths)
2026-05-20 22:13:41,461 - INFO - Processed test_case_9.dot: Score=0.3671 (3 paths)
2026-05-20 22:13:41,585 - INFO - Processed test_case_10.dot: Score=0.3866 (2 paths)
2026-05-20 22:13:41,692 - INFO - Processed test_case_11.dot: Score=0.3483 (2 paths)
2026-05-20 22:13:41,745 - INFO - Processed test_case_12.dot: Score=0.3994 (1 paths)
2026-05-20 22:13:41,801 - INFO - Processed test_case_13.dot: Score=0.3853 (1 paths)
2026-05-20 22:13:41,911 - INFO - Processed test_case_14.dot: Score=0.3140 (2 paths)
2026-05-20 22:13:41,965 - INFO - Processed test_case_15.dot: Score=0.3285 (1 paths)
2026-05-20 22:13:42,021 - INFO - Processed test_case_16.dot: Score=0.4410 (1 paths)
2026-05-20 22:13:42,076 - INFO - Processed test_case_17.dot: Score=0.4847 (1 paths)
2026-05-20 22:13:42,230 - INFO - Processed test_case_18.dot: Score=0.4395 (3 paths)
2026-05-20 22:13:42,572 - INFO - Processed test_case_19.dot: Score=0.2762 (6 paths)
2026-05-20 22:13:42,632 - INFO - Processed test_case_20.dot: Score=0.4823 (1 paths)
2026-05-20 22:13:42,794 - INFO - Processed test_case_21.dot: Score=0.3992 (3 paths)
2026-05-20 22:13:42,920 - INFO - Processed __main__.dot: Score=0.5377 (1 paths)
2026-05-20 22:13:42,995 - INFO - Processed test_illegal_use_of_scope_replacer_repr.dot: Score=0.4544 (1 paths)
2026-05-20 22:13:43,073 - INFO - Processed test_illegal_use_of_scope_replacer_unicode_with_false_args.dot: Score=0.4374 (1 paths)
2026-05-20 22:13:43,260 - INFO - Processed test_lazy_import_with_import_replacer_and_exception.dot: Score=0.3809 (3 paths)
2026-05-20 22:13:43,332 - INFO - Processed test_import_replacer_raises_with_complex_number_arguments.dot: Score=0.3146 (1 paths)
2026-05-20 22:13:43,383 - INFO - Processed test_import_processor_instantiation.dot: Score=0.4960 (1 paths)
2026-05-20 22:13:43,455 - INFO - Processed test_lazy_import_raises_with_invalid_module_name.dot: Score=0.3570 (1 paths)
2026-05-20 22:13:43,510 - INFO - Processed test_disallow_proxying_raises_error.dot: Score=0.5796 (1 paths)
2026-05-20 22:13:43,578 - INFO - Processed test_lazy_import_raises_error_for_module_name_with_special_characters.dot: Score=0.3230 (1 paths)
2026-05-20 22:13:43,760 - INFO - Processed test_illegal_use_of_scope_replacer_eq_and_unicode_with_false.dot: Score=0.3421 (3 paths)
2026-05-20 22:13:43,891 - INFO - Processed test_illegal_use_of_scope_replacer_equality_and_unicode.dot: Score=0.3394 (2 paths)
2026-05-20 22:13:44,022 - INFO - Processed test_lazy_import_raises_with_invalid_module_name_and_none_attr_map.dot: Score=0.3478 (2 paths)
2026-05-20 22:13:44,093 - INFO - Processed test_lazy_import_raises_with_format_string_as_module_name.dot: Score=0.3057 (1 paths)
2026-05-20 22:13:44,161 - INFO - Processed test_lazy_import_with_docstring_as_module_name.dot: Score=0.3709 (1 paths)
2026-05-20 22:13:44,297 - INFO - Processed test_lazy_import_with_empty_string_args_after_disallow_proxying.dot: Score=0.4450 (2 paths)
2026-05-20 22:13:44,368 - INFO - Processed test_lazy_import_with_nonlocal_simulation_string.dot: Score=0.4446 (1 paths)
2026-05-20 22:13:44,441 - INFO - Processed test_lazy_import_raises_with_malformed_module_name.dot: Score=0.3286 (1 paths)
2026-05-20 22:13:44,505 - INFO - Processed test_import_replacer_accepts_all_dash_arguments.dot: Score=0.4448 (1 paths)
2026-05-20 22:13:44,691 - INFO - Processed test_lazy_import_with_import_replacer_and_empty_dicts.dot: Score=0.2665 (3 paths)
2026-05-20 22:13:45,092 - INFO - Processed test_lazy_import_with_scope_replacer_and_none_name.dot: Score=0.2696 (6 paths)
2026-05-20 22:13:45,163 - INFO - Processed test_lazy_import_with_invalid_module_name_string.dot: Score=0.4290 (1 paths)
2026-05-20 22:13:45,362 - INFO - Processed test_import_replacer_setattr_with_invalid_dict_key_raises.dot: Score=0.2937 (3 paths)
<unknown>:24: SyntaxWarning: invalid escape sequence '\['
<unknown>:25: SyntaxWarning: invalid escape sequence '\['
<unknown>:26: SyntaxWarning: invalid escape sequence '\('
<unknown>:27: SyntaxWarning: invalid escape sequence '\('
<unknown>:28: SyntaxWarning: invalid escape sequence '\e'
2026-05-20 22:13:57,826 - INFO - HTTP Request: POST https://anast.ita.chalmers.se:4100/v1/chat/completions "HTTP/1.1 200 OK"
2026-05-20 22:14:11,996 - INFO - HTTP Request: POST https://anast.ita.chalmers.se:4100/v1/chat/completions "HTTP/1.1 200 OK"
2026-05-20 22:14:13,855 - INFO - HTTP Request: POST https://anast.ita.chalmers.se:4100/v1/chat/completions "HTTP/1.1 200 OK"
2026-05-20 22:14:15,093 - INFO - Loading model: microsoft/codebert-base-mlm
/data/users/eliassam/miniforge3/lib/python3.12/site-packages/transformers/tokenization_utils_base.py:1601: FutureWarning: `clean_up_tokenization_spaces` was not set. It will be set to `True` by default. This behavior will be depracted in transformers v4.45, and will be then set to `False` by default. For more details check this issue: https://github.com/huggingface/transformers/issues/31884
  warnings.warn(
Some weights of the model checkpoint at microsoft/codebert-base-mlm were not used when initializing RobertaForMaskedLM: ['roberta.pooler.dense.bias', 'roberta.pooler.dense.weight']
- This IS expected if you are initializing RobertaForMaskedLM from the checkpoint of a model trained on another task or with another architecture (e.g. initializing a BertForSequenceClassification model from a BertForPreTraining model).
- This IS NOT expected if you are initializing RobertaForMaskedLM from the checkpoint of a model that you expect to be exactly identical (initializing a BertForSequenceClassification model from a BertForSequenceClassification model).
2026-05-20 22:14:17,290 - INFO - Processed __main__.dot: Score=0.8854 (1 paths)
2026-05-20 22:14:17,420 - INFO - Processed test_case_0.dot: Score=0.7043 (1 paths)
2026-05-20 22:14:17,516 - INFO - Processed __main__.dot: Score=0.7436 (1 paths)
2026-05-20 22:14:17,604 - INFO - Processed test_py_info_instantiation.dot: Score=0.4849 (1 paths)
<unknown>:24: SyntaxWarning: invalid escape sequence '\['
<unknown>:25: SyntaxWarning: invalid escape sequence '\['
<unknown>:26: SyntaxWarning: invalid escape sequence '\('
<unknown>:27: SyntaxWarning: invalid escape sequence '\('
<unknown>:28: SyntaxWarning: invalid escape sequence '\e'
2026-05-20 22:14:34,399 - INFO - HTTP Request: POST https://anast.ita.chalmers.se:4100/v1/chat/completions "HTTP/1.1 200 OK"
2026-05-20 22:14:48,738 - INFO - HTTP Request: POST https://anast.ita.chalmers.se:4100/v1/chat/completions "HTTP/1.1 200 OK"
2026-05-20 22:14:50,745 - INFO - HTTP Request: POST https://anast.ita.chalmers.se:4100/v1/chat/completions "HTTP/1.1 200 OK"
2026-05-20 22:14:53,338 - INFO - Loading model: microsoft/codebert-base-mlm
/data/users/eliassam/miniforge3/lib/python3.12/site-packages/transformers/tokenization_utils_base.py:1601: FutureWarning: `clean_up_tokenization_spaces` was not set. It will be set to `True` by default. This behavior will be depracted in transformers v4.45, and will be then set to `False` by default. For more details check this issue: https://github.com/huggingface/transformers/issues/31884
  warnings.warn(
Some weights of the model checkpoint at microsoft/codebert-base-mlm were not used when initializing RobertaForMaskedLM: ['roberta.pooler.dense.bias', 'roberta.pooler.dense.weight']
- This IS expected if you are initializing RobertaForMaskedLM from the checkpoint of a model trained on another task or with another architecture (e.g. initializing a BertForSequenceClassification model from a BertForPreTraining model).
- This IS NOT expected if you are initializing RobertaForMaskedLM from the checkpoint of a model that you expect to be exactly identical (initializing a BertForSequenceClassification model from a BertForSequenceClassification model).
2026-05-20 22:14:55,858 - INFO - Processed __main__.dot: Score=0.8854 (1 paths)
2026-05-20 22:14:57,164 - INFO - Processed test_case_0.dot: Score=0.7043 (1 paths)
2026-05-20 22:14:58,209 - INFO - Processed __main__.dot: Score=0.7436 (1 paths)
2026-05-20 22:14:59,842 - INFO - Processed test_py_info_default_instantiation.dot: Score=0.6564 (1 paths)
<unknown>:24: SyntaxWarning: invalid escape sequence '\['
<unknown>:25: SyntaxWarning: invalid escape sequence '\['
<unknown>:26: SyntaxWarning: invalid escape sequence '\('
<unknown>:27: SyntaxWarning: invalid escape sequence '\('
<unknown>:28: SyntaxWarning: invalid escape sequence '\e'
2026-05-20 22:15:19,388 - INFO - HTTP Request: POST https://anast.ita.chalmers.se:4100/v1/chat/completions "HTTP/1.1 200 OK"
2026-05-20 22:15:32,917 - INFO - HTTP Request: POST https://anast.ita.chalmers.se:4100/v1/chat/completions "HTTP/1.1 200 OK"
2026-05-20 22:15:34,429 - INFO - HTTP Request: POST https://anast.ita.chalmers.se:4100/v1/chat/completions "HTTP/1.1 200 OK"
2026-05-20 22:15:36,096 - INFO - Loading model: microsoft/codebert-base-mlm
/data/users/eliassam/miniforge3/lib/python3.12/site-packages/transformers/tokenization_utils_base.py:1601: FutureWarning: `clean_up_tokenization_spaces` was not set. It will be set to `True` by default. This behavior will be depracted in transformers v4.45, and will be then set to `False` by default. For more details check this issue: https://github.com/huggingface/transformers/issues/31884
  warnings.warn(
Some weights of the model checkpoint at microsoft/codebert-base-mlm were not used when initializing RobertaForMaskedLM: ['roberta.pooler.dense.bias', 'roberta.pooler.dense.weight']
- This IS expected if you are initializing RobertaForMaskedLM from the checkpoint of a model trained on another task or with another architecture (e.g. initializing a BertForSequenceClassification model from a BertForPreTraining model).
- This IS NOT expected if you are initializing RobertaForMaskedLM from the checkpoint of a model that you expect to be exactly identical (initializing a BertForSequenceClassification model from a BertForSequenceClassification model).
2026-05-20 22:15:38,528 - INFO - Processed __main__.dot: Score=0.8854 (1 paths)
2026-05-20 22:15:39,547 - INFO - Processed test_case_0.dot: Score=0.7043 (1 paths)
2026-05-20 22:15:40,531 - INFO - Processed __main__.dot: Score=0.7436 (1 paths)
2026-05-20 22:15:40,603 - INFO - Processed test_py_info_instantiation.dot: Score=0.4916 (1 paths)
