<unknown>:24: SyntaxWarning: invalid escape sequence '\['
<unknown>:25: SyntaxWarning: invalid escape sequence '\['
<unknown>:26: SyntaxWarning: invalid escape sequence '\('
<unknown>:27: SyntaxWarning: invalid escape sequence '\('
<unknown>:28: SyntaxWarning: invalid escape sequence '\e'
2026-05-21 23:07:12,912 - INFO - HTTP Request: POST https://api.deepseek.com/chat/completions "HTTP/1.1 200 OK"
2026-05-21 23:07:26,056 - INFO - HTTP Request: POST https://api.deepseek.com/chat/completions "HTTP/1.1 200 OK"
2026-05-21 23:07:26,954 - INFO - HTTP Request: POST https://api.deepseek.com/chat/completions "HTTP/1.1 200 OK"
2026-05-21 23:07:38,355 - INFO - HTTP Request: POST https://api.deepseek.com/chat/completions "HTTP/1.1 200 OK"
2026-05-21 23:07:39,675 - INFO - HTTP Request: POST https://api.deepseek.com/chat/completions "HTTP/1.1 200 OK"
2026-05-21 23:07:51,540 - INFO - HTTP Request: POST https://api.deepseek.com/chat/completions "HTTP/1.1 200 OK"
2026-05-21 23:07:52,917 - INFO - HTTP Request: POST https://api.deepseek.com/chat/completions "HTTP/1.1 200 OK"
2026-05-21 23:08:04,756 - INFO - HTTP Request: POST https://api.deepseek.com/chat/completions "HTTP/1.1 200 OK"
2026-05-21 23:08:05,974 - INFO - HTTP Request: POST https://api.deepseek.com/chat/completions "HTTP/1.1 200 OK"
2026-05-21 23:08:17,864 - INFO - HTTP Request: POST https://api.deepseek.com/chat/completions "HTTP/1.1 200 OK"
2026-05-21 23:08:20,031 - INFO - HTTP Request: POST https://api.deepseek.com/chat/completions "HTTP/1.1 200 OK"
2026-05-21 23:08:32,102 - INFO - HTTP Request: POST https://api.deepseek.com/chat/completions "HTTP/1.1 200 OK"
2026-05-21 23:08:34,360 - INFO - HTTP Request: POST https://api.deepseek.com/chat/completions "HTTP/1.1 200 OK"
2026-05-21 23:08:47,316 - INFO - HTTP Request: POST https://api.deepseek.com/chat/completions "HTTP/1.1 200 OK"
2026-05-21 23:08:49,207 - INFO - HTTP Request: POST https://api.deepseek.com/chat/completions "HTTP/1.1 200 OK"
2026-05-21 23:09:01,293 - INFO - HTTP Request: POST https://api.deepseek.com/chat/completions "HTTP/1.1 200 OK"
2026-05-21 23:09:03,682 - INFO - HTTP Request: POST https://api.deepseek.com/chat/completions "HTTP/1.1 200 OK"
2026-05-21 23:09:15,650 - INFO - HTTP Request: POST https://api.deepseek.com/chat/completions "HTTP/1.1 200 OK"
2026-05-21 23:09:18,029 - INFO - HTTP Request: POST https://api.deepseek.com/chat/completions "HTTP/1.1 200 OK"
2026-05-21 23:09:30,521 - INFO - HTTP Request: POST https://api.deepseek.com/chat/completions "HTTP/1.1 200 OK"
2026-05-21 23:09:32,456 - INFO - HTTP Request: POST https://api.deepseek.com/chat/completions "HTTP/1.1 200 OK"
2026-05-21 23:09:38,618 - INFO - HTTP Request: POST https://api.deepseek.com/chat/completions "HTTP/1.1 200 OK"
2026-05-21 23:09:46,758 - INFO - Loading model: microsoft/codebert-base-mlm
/data/users/eliassam/miniforge3/lib/python3.12/site-packages/transformers/tokenization_utils_base.py:1601: FutureWarning: `clean_up_tokenization_spaces` was not set. It will be set to `True` by default. This behavior will be depracted in transformers v4.45, and will be then set to `False` by default. For more details check this issue: https://github.com/huggingface/transformers/issues/31884
  warnings.warn(
Some weights of the model checkpoint at microsoft/codebert-base-mlm were not used when initializing RobertaForMaskedLM: ['roberta.pooler.dense.bias', 'roberta.pooler.dense.weight']
- This IS expected if you are initializing RobertaForMaskedLM from the checkpoint of a model trained on another task or with another architecture (e.g. initializing a BertForSequenceClassification model from a BertForPreTraining model).
- This IS NOT expected if you are initializing RobertaForMaskedLM from the checkpoint of a model that you expect to be exactly identical (initializing a BertForSequenceClassification model from a BertForSequenceClassification model).
2026-05-21 23:09:52,646 - INFO - Processed __main__.dot: Score=0.7027 (1 paths)
2026-05-21 23:09:53,642 - INFO - Processed test_case_0.dot: Score=0.7557 (1 paths)
2026-05-21 23:09:54,670 - INFO - Processed test_case_1.dot: Score=0.4087 (4 paths)
2026-05-21 23:09:56,487 - INFO - Processed test_case_2.dot: Score=0.4158 (2 paths)
2026-05-21 23:09:56,746 - INFO - Processed test_case_3.dot: Score=0.3199 (1 paths)
2026-05-21 23:09:56,971 - INFO - Processed test_case_4.dot: Score=0.2098 (2 paths)
2026-05-21 23:10:00,468 - INFO - Processed test_case_5.dot: Score=0.2289 (31 paths)
2026-05-21 23:10:03,406 - INFO - Processed test_case_6.dot: Score=0.2354 (34 paths)
2026-05-21 23:10:04,011 - INFO - Processed test_case_7.dot: Score=0.1935 (8 paths)
2026-05-21 23:10:04,646 - INFO - Processed test_case_8.dot: Score=0.3195 (9 paths)
2026-05-21 23:10:04,893 - INFO - Processed test_case_9.dot: Score=0.3653 (4 paths)
2026-05-21 23:10:04,998 - INFO - Processed __main__.dot: Score=0.6514 (1 paths)
2026-05-21 23:10:05,059 - INFO - Processed test_timer_error_instantiation.dot: Score=0.4882 (1 paths)
2026-05-21 23:10:05,298 - INFO - Processed test_timer_error_starting_already_running_timer.dot: Score=0.3393 (4 paths)
2026-05-21 23:10:05,429 - INFO - Processed test_timer_context_manager_start_and_stop.dot: Score=0.4468 (2 paths)
2026-05-21 23:10:05,518 - INFO - Processed test_timer_exit_does_not_raise_error_when_not_started.dot: Score=0.3971 (1 paths)
2026-05-21 23:10:05,701 - INFO - Processed test_timer_with_none_logger_and_dict_setitem_context.dot: Score=0.2632 (2 paths)
2026-05-21 23:10:09,859 - INFO - Processed test_timer_start_stop_context_manager_with_custom_types.dot: Score=0.2152 (31 paths)
2026-05-21 23:10:13,574 - INFO - Processed test_timer_context_manager_initial_text_repr_and_equality.dot: Score=0.1553 (34 paths)
2026-05-21 23:10:13,962 - INFO - Processed test_timer_start_with_none_logger_and_exit_without_stop.dot: Score=0.2466 (4 paths)
2026-05-21 23:10:14,687 - INFO - Processed test_timer_equality_and_initial_text_logger_edge_cases.dot: Score=0.2272 (9 paths)
2026-05-21 23:10:14,981 - INFO - Processed test_timer_start_stop_and_context_manager_with_initial_text.dot: Score=0.3067 (4 paths)
<unknown>:24: SyntaxWarning: invalid escape sequence '\['
<unknown>:25: SyntaxWarning: invalid escape sequence '\['
<unknown>:26: SyntaxWarning: invalid escape sequence '\('
<unknown>:27: SyntaxWarning: invalid escape sequence '\('
<unknown>:28: SyntaxWarning: invalid escape sequence '\e'
2026-05-21 23:10:25,463 - INFO - HTTP Request: POST https://api.deepseek.com/chat/completions "HTTP/1.1 200 OK"
2026-05-21 23:10:38,152 - INFO - HTTP Request: POST https://api.deepseek.com/chat/completions "HTTP/1.1 200 OK"
2026-05-21 23:10:39,260 - INFO - HTTP Request: POST https://api.deepseek.com/chat/completions "HTTP/1.1 200 OK"
2026-05-21 23:10:50,742 - INFO - HTTP Request: POST https://api.deepseek.com/chat/completions "HTTP/1.1 200 OK"
2026-05-21 23:10:51,885 - INFO - HTTP Request: POST https://api.deepseek.com/chat/completions "HTTP/1.1 200 OK"
2026-05-21 23:11:04,584 - INFO - HTTP Request: POST https://api.deepseek.com/chat/completions "HTTP/1.1 200 OK"
2026-05-21 23:11:05,824 - INFO - HTTP Request: POST https://api.deepseek.com/chat/completions "HTTP/1.1 200 OK"
2026-05-21 23:11:18,186 - INFO - HTTP Request: POST https://api.deepseek.com/chat/completions "HTTP/1.1 200 OK"
2026-05-21 23:11:19,544 - INFO - HTTP Request: POST https://api.deepseek.com/chat/completions "HTTP/1.1 200 OK"
2026-05-21 23:11:31,405 - INFO - HTTP Request: POST https://api.deepseek.com/chat/completions "HTTP/1.1 200 OK"
2026-05-21 23:11:33,381 - INFO - HTTP Request: POST https://api.deepseek.com/chat/completions "HTTP/1.1 200 OK"
2026-05-21 23:11:45,250 - INFO - HTTP Request: POST https://api.deepseek.com/chat/completions "HTTP/1.1 200 OK"
2026-05-21 23:11:48,106 - INFO - HTTP Request: POST https://api.deepseek.com/chat/completions "HTTP/1.1 200 OK"
2026-05-21 23:12:00,680 - INFO - HTTP Request: POST https://api.deepseek.com/chat/completions "HTTP/1.1 200 OK"
2026-05-21 23:12:03,267 - INFO - HTTP Request: POST https://api.deepseek.com/chat/completions "HTTP/1.1 200 OK"
2026-05-21 23:12:16,145 - INFO - HTTP Request: POST https://api.deepseek.com/chat/completions "HTTP/1.1 200 OK"
2026-05-21 23:12:18,421 - INFO - HTTP Request: POST https://api.deepseek.com/chat/completions "HTTP/1.1 200 OK"
2026-05-21 23:12:31,020 - INFO - HTTP Request: POST https://api.deepseek.com/chat/completions "HTTP/1.1 200 OK"
2026-05-21 23:12:33,447 - INFO - HTTP Request: POST https://api.deepseek.com/chat/completions "HTTP/1.1 200 OK"
2026-05-21 23:12:45,986 - INFO - HTTP Request: POST https://api.deepseek.com/chat/completions "HTTP/1.1 200 OK"
2026-05-21 23:12:47,708 - INFO - HTTP Request: POST https://api.deepseek.com/chat/completions "HTTP/1.1 200 OK"
2026-05-21 23:12:51,754 - INFO - HTTP Request: POST https://api.deepseek.com/chat/completions "HTTP/1.1 200 OK"
2026-05-21 23:13:01,375 - INFO - Loading model: microsoft/codebert-base-mlm
/data/users/eliassam/miniforge3/lib/python3.12/site-packages/transformers/tokenization_utils_base.py:1601: FutureWarning: `clean_up_tokenization_spaces` was not set. It will be set to `True` by default. This behavior will be depracted in transformers v4.45, and will be then set to `False` by default. For more details check this issue: https://github.com/huggingface/transformers/issues/31884
  warnings.warn(
Some weights of the model checkpoint at microsoft/codebert-base-mlm were not used when initializing RobertaForMaskedLM: ['roberta.pooler.dense.bias', 'roberta.pooler.dense.weight']
- This IS expected if you are initializing RobertaForMaskedLM from the checkpoint of a model trained on another task or with another architecture (e.g. initializing a BertForSequenceClassification model from a BertForPreTraining model).
- This IS NOT expected if you are initializing RobertaForMaskedLM from the checkpoint of a model that you expect to be exactly identical (initializing a BertForSequenceClassification model from a BertForSequenceClassification model).
2026-05-21 23:13:03,203 - INFO - Processed __main__.dot: Score=0.7027 (1 paths)
2026-05-21 23:13:03,260 - INFO - Processed test_case_0.dot: Score=0.7557 (1 paths)
2026-05-21 23:13:03,511 - INFO - Processed test_case_1.dot: Score=0.4087 (4 paths)
2026-05-21 23:13:03,640 - INFO - Processed test_case_2.dot: Score=0.4158 (2 paths)
2026-05-21 23:13:03,723 - INFO - Processed test_case_3.dot: Score=0.3199 (1 paths)
2026-05-21 23:13:03,907 - INFO - Processed test_case_4.dot: Score=0.2098 (2 paths)
2026-05-21 23:13:06,622 - INFO - Processed test_case_5.dot: Score=0.2289 (31 paths)
2026-05-21 23:13:09,678 - INFO - Processed test_case_6.dot: Score=0.2354 (34 paths)
2026-05-21 23:13:10,310 - INFO - Processed test_case_7.dot: Score=0.1935 (8 paths)
2026-05-21 23:13:10,974 - INFO - Processed test_case_8.dot: Score=0.3195 (9 paths)
2026-05-21 23:13:11,286 - INFO - Processed test_case_9.dot: Score=0.3653 (4 paths)
2026-05-21 23:13:11,400 - INFO - Processed __main__.dot: Score=0.6514 (1 paths)
2026-05-21 23:13:11,477 - INFO - Processed test_timer_error_can_be_instantiated_without_arguments.dot: Score=0.5403 (1 paths)
2026-05-21 23:13:11,760 - INFO - Processed test_restarting_timer_raises_error.dot: Score=0.3657 (4 paths)
2026-05-21 23:13:11,901 - INFO - Processed test_timer_context_manager_enters_and_exits.dot: Score=0.3822 (2 paths)
2026-05-21 23:13:11,982 - INFO - Processed test_timer_exit_without_enter_raises_timer_error.dot: Score=0.3566 (1 paths)
2026-05-21 23:13:12,092 - INFO - Processed test_timer_with_none_logger_and_self_reference_dict_enter_does_not_raise.dot: Score=0.2305 (1 paths)
2026-05-21 23:13:21,875 - INFO - Processed test_context_manager_timer_with_initial_text_and_various_operations.dot: Score=0.1866 (50 paths)
2026-05-21 23:13:25,207 - INFO - Processed test_timer_context_manager_with_initial_text_repr_and_stop.dot: Score=0.1482 (34 paths)
2026-05-21 23:13:25,567 - INFO - Processed test_timer_start_with_none_logger_and_dict_operations_should_not_raise.dot: Score=0.3080 (4 paths)
2026-05-21 23:13:26,247 - INFO - Processed test_timer_with_unusual_initial_text_and_logger_arguments.dot: Score=0.4444 (9 paths)
2026-05-21 23:13:26,525 - INFO - Processed test_timer_initial_text_start_stop_and_context_manager.dot: Score=0.4059 (4 paths)
<unknown>:24: SyntaxWarning: invalid escape sequence '\['
<unknown>:25: SyntaxWarning: invalid escape sequence '\['
<unknown>:26: SyntaxWarning: invalid escape sequence '\('
<unknown>:27: SyntaxWarning: invalid escape sequence '\('
<unknown>:28: SyntaxWarning: invalid escape sequence '\e'
2026-05-21 23:13:37,189 - INFO - HTTP Request: POST https://api.deepseek.com/chat/completions "HTTP/1.1 200 OK"
2026-05-21 23:13:50,417 - INFO - HTTP Request: POST https://api.deepseek.com/chat/completions "HTTP/1.1 200 OK"
2026-05-21 23:13:51,365 - INFO - HTTP Request: POST https://api.deepseek.com/chat/completions "HTTP/1.1 200 OK"
2026-05-21 23:14:03,754 - INFO - HTTP Request: POST https://api.deepseek.com/chat/completions "HTTP/1.1 200 OK"
2026-05-21 23:14:05,520 - INFO - HTTP Request: POST https://api.deepseek.com/chat/completions "HTTP/1.1 200 OK"
2026-05-21 23:14:17,362 - INFO - HTTP Request: POST https://api.deepseek.com/chat/completions "HTTP/1.1 200 OK"
2026-05-21 23:14:18,468 - INFO - HTTP Request: POST https://api.deepseek.com/chat/completions "HTTP/1.1 200 OK"
2026-05-21 23:14:30,136 - INFO - HTTP Request: POST https://api.deepseek.com/chat/completions "HTTP/1.1 200 OK"
2026-05-21 23:14:31,385 - INFO - HTTP Request: POST https://api.deepseek.com/chat/completions "HTTP/1.1 200 OK"
2026-05-21 23:14:43,239 - INFO - HTTP Request: POST https://api.deepseek.com/chat/completions "HTTP/1.1 200 OK"
2026-05-21 23:14:45,364 - INFO - HTTP Request: POST https://api.deepseek.com/chat/completions "HTTP/1.1 200 OK"
2026-05-21 23:14:57,244 - INFO - HTTP Request: POST https://api.deepseek.com/chat/completions "HTTP/1.1 200 OK"
2026-05-21 23:14:59,556 - INFO - HTTP Request: POST https://api.deepseek.com/chat/completions "HTTP/1.1 200 OK"
2026-05-21 23:15:12,220 - INFO - HTTP Request: POST https://api.deepseek.com/chat/completions "HTTP/1.1 200 OK"
2026-05-21 23:15:15,113 - INFO - HTTP Request: POST https://api.deepseek.com/chat/completions "HTTP/1.1 200 OK"
2026-05-21 23:15:28,534 - INFO - HTTP Request: POST https://api.deepseek.com/chat/completions "HTTP/1.1 200 OK"
2026-05-21 23:15:30,526 - INFO - HTTP Request: POST https://api.deepseek.com/chat/completions "HTTP/1.1 200 OK"
2026-05-21 23:15:42,756 - INFO - HTTP Request: POST https://api.deepseek.com/chat/completions "HTTP/1.1 200 OK"
2026-05-21 23:15:45,226 - INFO - HTTP Request: POST https://api.deepseek.com/chat/completions "HTTP/1.1 200 OK"
2026-05-21 23:15:57,500 - INFO - HTTP Request: POST https://api.deepseek.com/chat/completions "HTTP/1.1 200 OK"
2026-05-21 23:15:59,161 - INFO - HTTP Request: POST https://api.deepseek.com/chat/completions "HTTP/1.1 200 OK"
2026-05-21 23:16:02,395 - INFO - HTTP Request: POST https://api.deepseek.com/chat/completions "HTTP/1.1 200 OK"
2026-05-21 23:16:11,002 - INFO - Loading model: microsoft/codebert-base-mlm
/data/users/eliassam/miniforge3/lib/python3.12/site-packages/transformers/tokenization_utils_base.py:1601: FutureWarning: `clean_up_tokenization_spaces` was not set. It will be set to `True` by default. This behavior will be depracted in transformers v4.45, and will be then set to `False` by default. For more details check this issue: https://github.com/huggingface/transformers/issues/31884
  warnings.warn(
Some weights of the model checkpoint at microsoft/codebert-base-mlm were not used when initializing RobertaForMaskedLM: ['roberta.pooler.dense.bias', 'roberta.pooler.dense.weight']
- This IS expected if you are initializing RobertaForMaskedLM from the checkpoint of a model trained on another task or with another architecture (e.g. initializing a BertForSequenceClassification model from a BertForPreTraining model).
- This IS NOT expected if you are initializing RobertaForMaskedLM from the checkpoint of a model that you expect to be exactly identical (initializing a BertForSequenceClassification model from a BertForSequenceClassification model).
2026-05-21 23:16:12,981 - INFO - Processed __main__.dot: Score=0.7027 (1 paths)
2026-05-21 23:16:13,436 - INFO - Processed test_case_0.dot: Score=0.7557 (1 paths)
2026-05-21 23:16:13,685 - INFO - Processed test_case_1.dot: Score=0.4087 (4 paths)
2026-05-21 23:16:13,813 - INFO - Processed test_case_2.dot: Score=0.4158 (2 paths)
2026-05-21 23:16:13,896 - INFO - Processed test_case_3.dot: Score=0.3199 (1 paths)
2026-05-21 23:16:14,079 - INFO - Processed test_case_4.dot: Score=0.2098 (2 paths)
2026-05-21 23:16:16,852 - INFO - Processed test_case_5.dot: Score=0.2289 (31 paths)
2026-05-21 23:16:21,801 - INFO - Processed test_case_6.dot: Score=0.2354 (34 paths)
2026-05-21 23:16:22,405 - INFO - Processed test_case_7.dot: Score=0.1935 (8 paths)
2026-05-21 23:16:23,030 - INFO - Processed test_case_8.dot: Score=0.3195 (9 paths)
2026-05-21 23:16:23,587 - INFO - Processed test_case_9.dot: Score=0.3653 (4 paths)
2026-05-21 23:16:23,690 - INFO - Processed __main__.dot: Score=0.6514 (1 paths)
2026-05-21 23:16:23,749 - INFO - Processed test_timer_error_instantiation.dot: Score=0.5272 (1 paths)
2026-05-21 23:16:23,985 - INFO - Processed test_restarting_an_active_timer_raises_error.dot: Score=0.5371 (4 paths)
2026-05-21 23:16:24,119 - INFO - Processed test_timer_context_manager_enters_and_exits.dot: Score=0.3148 (2 paths)
2026-05-21 23:16:24,205 - INFO - Processed test_exit_without_starting_timer_should_not_raise.dot: Score=0.2568 (1 paths)
2026-05-21 23:16:24,389 - INFO - Processed test_timer_with_logger_none_and_context_manager_on_setitem_result.dot: Score=0.2114 (2 paths)
2026-05-21 23:16:27,370 - INFO - Processed test_timer_context_manager_with_initial_text_and_various_operations.dot: Score=0.1302 (31 paths)
2026-05-21 23:16:30,727 - INFO - Processed test_timer_context_manager_with_repr_and_eq_and_mixed_timers.dot: Score=0.1409 (34 paths)
2026-05-21 23:16:31,405 - INFO - Processed test_timer_exit_without_stop_and_setitem_on_none.dot: Score=0.1846 (8 paths)
2026-05-21 23:16:32,115 - INFO - Processed test_explicit_timer_with_initial_text_set_to_timer_and_logger_from_eq_result.dot: Score=0.2713 (9 paths)
2026-05-21 23:16:32,407 - INFO - Processed test_timer_with_initial_text_and_explicit_start_stop_and_context_manager.dot: Score=0.2629 (4 paths)
<unknown>:24: SyntaxWarning: invalid escape sequence '\['
<unknown>:25: SyntaxWarning: invalid escape sequence '\['
<unknown>:26: SyntaxWarning: invalid escape sequence '\('
<unknown>:27: SyntaxWarning: invalid escape sequence '\('
<unknown>:28: SyntaxWarning: invalid escape sequence '\e'
2026-05-21 23:16:42,916 - INFO - HTTP Request: POST https://api.deepseek.com/chat/completions "HTTP/1.1 200 OK"
2026-05-21 23:16:53,550 - INFO - HTTP Request: POST https://api.deepseek.com/chat/completions "HTTP/1.1 200 OK"
2026-05-21 23:16:54,710 - INFO - HTTP Request: POST https://api.deepseek.com/chat/completions "HTTP/1.1 200 OK"
2026-05-21 23:17:05,163 - INFO - HTTP Request: POST https://api.deepseek.com/chat/completions "HTTP/1.1 200 OK"
2026-05-21 23:17:06,639 - INFO - HTTP Request: POST https://api.deepseek.com/chat/completions "HTTP/1.1 200 OK"
2026-05-21 23:17:16,459 - INFO - HTTP Request: POST https://api.deepseek.com/chat/completions "HTTP/1.1 200 OK"
2026-05-21 23:17:17,420 - INFO - HTTP Request: POST https://api.deepseek.com/chat/completions "HTTP/1.1 200 OK"
2026-05-21 23:17:19,893 - INFO - Loading model: microsoft/codebert-base-mlm
/data/users/eliassam/miniforge3/lib/python3.12/site-packages/transformers/tokenization_utils_base.py:1601: FutureWarning: `clean_up_tokenization_spaces` was not set. It will be set to `True` by default. This behavior will be depracted in transformers v4.45, and will be then set to `False` by default. For more details check this issue: https://github.com/huggingface/transformers/issues/31884
  warnings.warn(
Some weights of the model checkpoint at microsoft/codebert-base-mlm were not used when initializing RobertaForMaskedLM: ['roberta.pooler.dense.bias', 'roberta.pooler.dense.weight']
- This IS expected if you are initializing RobertaForMaskedLM from the checkpoint of a model trained on another task or with another architecture (e.g. initializing a BertForSequenceClassification model from a BertForPreTraining model).
- This IS NOT expected if you are initializing RobertaForMaskedLM from the checkpoint of a model that you expect to be exactly identical (initializing a BertForSequenceClassification model from a BertForSequenceClassification model).
2026-05-21 23:17:22,589 - INFO - Processed __main__.dot: Score=0.8382 (1 paths)
2026-05-21 23:17:24,487 - INFO - Processed test_case_0.dot: Score=0.4452 (3 paths)
2026-05-21 23:17:24,615 - INFO - Processed test_case_1.dot: Score=0.4515 (2 paths)
2026-05-21 23:17:24,685 - INFO - Processed test_case_2.dot: Score=0.4938 (1 paths)
2026-05-21 23:17:24,766 - INFO - Processed __main__.dot: Score=0.6994 (1 paths)
2026-05-21 23:17:25,024 - INFO - Processed test_cached_property_get_with_none_instance_and_owner.dot: Score=0.3109 (3 paths)
2026-05-21 23:17:25,176 - INFO - Processed test_cached_property_get_with_set_instance.dot: Score=0.3467 (2 paths)
2026-05-21 23:17:25,255 - INFO - Processed test_cached_property_init_with_empty_set.dot: Score=0.5038 (1 paths)
<unknown>:24: SyntaxWarning: invalid escape sequence '\['
<unknown>:25: SyntaxWarning: invalid escape sequence '\['
<unknown>:26: SyntaxWarning: invalid escape sequence '\('
<unknown>:27: SyntaxWarning: invalid escape sequence '\('
<unknown>:28: SyntaxWarning: invalid escape sequence '\e'
2026-05-21 23:17:34,882 - INFO - HTTP Request: POST https://api.deepseek.com/chat/completions "HTTP/1.1 200 OK"
2026-05-21 23:17:45,594 - INFO - HTTP Request: POST https://api.deepseek.com/chat/completions "HTTP/1.1 200 OK"
2026-05-21 23:17:46,974 - INFO - HTTP Request: POST https://api.deepseek.com/chat/completions "HTTP/1.1 200 OK"
2026-05-21 23:17:57,007 - INFO - HTTP Request: POST https://api.deepseek.com/chat/completions "HTTP/1.1 200 OK"
2026-05-21 23:17:58,250 - INFO - HTTP Request: POST https://api.deepseek.com/chat/completions "HTTP/1.1 200 OK"
2026-05-21 23:18:09,171 - INFO - HTTP Request: POST https://api.deepseek.com/chat/completions "HTTP/1.1 200 OK"
2026-05-21 23:18:10,410 - INFO - HTTP Request: POST https://api.deepseek.com/chat/completions "HTTP/1.1 200 OK"
2026-05-21 23:18:12,571 - INFO - Loading model: microsoft/codebert-base-mlm
/data/users/eliassam/miniforge3/lib/python3.12/site-packages/transformers/tokenization_utils_base.py:1601: FutureWarning: `clean_up_tokenization_spaces` was not set. It will be set to `True` by default. This behavior will be depracted in transformers v4.45, and will be then set to `False` by default. For more details check this issue: https://github.com/huggingface/transformers/issues/31884
  warnings.warn(
Some weights of the model checkpoint at microsoft/codebert-base-mlm were not used when initializing RobertaForMaskedLM: ['roberta.pooler.dense.bias', 'roberta.pooler.dense.weight']
- This IS expected if you are initializing RobertaForMaskedLM from the checkpoint of a model trained on another task or with another architecture (e.g. initializing a BertForSequenceClassification model from a BertForPreTraining model).
- This IS NOT expected if you are initializing RobertaForMaskedLM from the checkpoint of a model that you expect to be exactly identical (initializing a BertForSequenceClassification model from a BertForSequenceClassification model).
2026-05-21 23:18:14,679 - INFO - Processed __main__.dot: Score=0.8382 (1 paths)
2026-05-21 23:18:15,206 - INFO - Processed test_case_0.dot: Score=0.4452 (3 paths)
2026-05-21 23:18:15,324 - INFO - Processed test_case_1.dot: Score=0.4515 (2 paths)
2026-05-21 23:18:15,383 - INFO - Processed test_case_2.dot: Score=0.4938 (1 paths)
2026-05-21 23:18:15,468 - INFO - Processed __main__.dot: Score=0.6868 (1 paths)
2026-05-21 23:18:15,706 - INFO - Processed test_cached_property_get_with_none_instance_returns_descriptor.dot: Score=0.2952 (3 paths)
2026-05-21 23:18:15,962 - INFO - Processed test_cached_property_with_empty_set.dot: Score=0.4320 (2 paths)
2026-05-21 23:18:16,043 - INFO - Processed test_cached_property_can_accept_set_instance.dot: Score=0.3460 (1 paths)
<unknown>:24: SyntaxWarning: invalid escape sequence '\['
<unknown>:25: SyntaxWarning: invalid escape sequence '\['
<unknown>:26: SyntaxWarning: invalid escape sequence '\('
<unknown>:27: SyntaxWarning: invalid escape sequence '\('
<unknown>:28: SyntaxWarning: invalid escape sequence '\e'
2026-05-21 23:18:26,857 - INFO - HTTP Request: POST https://api.deepseek.com/chat/completions "HTTP/1.1 200 OK"
2026-05-21 23:18:37,524 - INFO - HTTP Request: POST https://api.deepseek.com/chat/completions "HTTP/1.1 200 OK"
2026-05-21 23:18:39,251 - INFO - HTTP Request: POST https://api.deepseek.com/chat/completions "HTTP/1.1 200 OK"
2026-05-21 23:18:49,264 - INFO - HTTP Request: POST https://api.deepseek.com/chat/completions "HTTP/1.1 200 OK"
2026-05-21 23:18:50,257 - INFO - HTTP Request: POST https://api.deepseek.com/chat/completions "HTTP/1.1 200 OK"
2026-05-21 23:19:00,009 - INFO - HTTP Request: POST https://api.deepseek.com/chat/completions "HTTP/1.1 200 OK"
2026-05-21 23:19:01,069 - INFO - HTTP Request: POST https://api.deepseek.com/chat/completions "HTTP/1.1 200 OK"
2026-05-21 23:19:02,957 - INFO - Loading model: microsoft/codebert-base-mlm
/data/users/eliassam/miniforge3/lib/python3.12/site-packages/transformers/tokenization_utils_base.py:1601: FutureWarning: `clean_up_tokenization_spaces` was not set. It will be set to `True` by default. This behavior will be depracted in transformers v4.45, and will be then set to `False` by default. For more details check this issue: https://github.com/huggingface/transformers/issues/31884
  warnings.warn(
Some weights of the model checkpoint at microsoft/codebert-base-mlm were not used when initializing RobertaForMaskedLM: ['roberta.pooler.dense.bias', 'roberta.pooler.dense.weight']
- This IS expected if you are initializing RobertaForMaskedLM from the checkpoint of a model trained on another task or with another architecture (e.g. initializing a BertForSequenceClassification model from a BertForPreTraining model).
- This IS NOT expected if you are initializing RobertaForMaskedLM from the checkpoint of a model that you expect to be exactly identical (initializing a BertForSequenceClassification model from a BertForSequenceClassification model).
2026-05-21 23:19:05,331 - INFO - Processed __main__.dot: Score=0.8382 (1 paths)
2026-05-21 23:19:05,946 - INFO - Processed test_case_0.dot: Score=0.4452 (3 paths)
2026-05-21 23:19:06,075 - INFO - Processed test_case_1.dot: Score=0.4515 (2 paths)
2026-05-21 23:19:06,145 - INFO - Processed test_case_2.dot: Score=0.4938 (1 paths)
2026-05-21 23:19:06,222 - INFO - Processed __main__.dot: Score=0.6994 (1 paths)
2026-05-21 23:19:06,460 - INFO - Processed test_cached_property_descriptor_protocol_with_none_func.dot: Score=0.3735 (3 paths)
2026-05-21 23:19:06,608 - INFO - Processed test_cached_property_get_with_empty_set.dot: Score=0.3393 (2 paths)
2026-05-21 23:19:06,687 - INFO - Processed test_cached_property_init_with_empty_set.dot: Score=0.5185 (1 paths)
<unknown>:24: SyntaxWarning: invalid escape sequence '\['
<unknown>:25: SyntaxWarning: invalid escape sequence '\['
<unknown>:26: SyntaxWarning: invalid escape sequence '\('
<unknown>:27: SyntaxWarning: invalid escape sequence '\('
<unknown>:28: SyntaxWarning: invalid escape sequence '\e'
2026-05-21 23:19:15,833 - INFO - HTTP Request: POST https://api.deepseek.com/chat/completions "HTTP/1.1 200 OK"
2026-05-21 23:19:26,285 - INFO - HTTP Request: POST https://api.deepseek.com/chat/completions "HTTP/1.1 200 OK"
2026-05-21 23:19:27,309 - INFO - HTTP Request: POST https://api.deepseek.com/chat/completions "HTTP/1.1 200 OK"
2026-05-21 23:19:36,959 - INFO - HTTP Request: POST https://api.deepseek.com/chat/completions "HTTP/1.1 200 OK"
2026-05-21 23:19:38,872 - INFO - HTTP Request: POST https://api.deepseek.com/chat/completions "HTTP/1.1 200 OK"
2026-05-21 23:19:48,924 - INFO - HTTP Request: POST https://api.deepseek.com/chat/completions "HTTP/1.1 200 OK"
2026-05-21 23:19:50,173 - INFO - HTTP Request: POST https://api.deepseek.com/chat/completions "HTTP/1.1 200 OK"
2026-05-21 23:20:00,208 - INFO - HTTP Request: POST https://api.deepseek.com/chat/completions "HTTP/1.1 200 OK"
2026-05-21 23:20:01,369 - INFO - HTTP Request: POST https://api.deepseek.com/chat/completions "HTTP/1.1 200 OK"
2026-05-21 23:20:11,230 - INFO - HTTP Request: POST https://api.deepseek.com/chat/completions "HTTP/1.1 200 OK"
2026-05-21 23:20:12,272 - INFO - HTTP Request: POST https://api.deepseek.com/chat/completions "HTTP/1.1 200 OK"
2026-05-21 23:20:22,312 - INFO - HTTP Request: POST https://api.deepseek.com/chat/completions "HTTP/1.1 200 OK"
2026-05-21 23:20:24,686 - INFO - HTTP Request: POST https://api.deepseek.com/chat/completions "HTTP/1.1 200 OK"
2026-05-21 23:20:35,199 - INFO - HTTP Request: POST https://api.deepseek.com/chat/completions "HTTP/1.1 200 OK"
2026-05-21 23:20:37,109 - INFO - HTTP Request: POST https://api.deepseek.com/chat/completions "HTTP/1.1 200 OK"
2026-05-21 23:20:50,431 - INFO - HTTP Request: POST https://api.deepseek.com/chat/completions "HTTP/1.1 200 OK"
2026-05-21 23:20:51,728 - INFO - HTTP Request: POST https://api.deepseek.com/chat/completions "HTTP/1.1 200 OK"
2026-05-21 23:21:01,623 - INFO - HTTP Request: POST https://api.deepseek.com/chat/completions "HTTP/1.1 200 OK"
2026-05-21 23:21:06,951 - INFO - HTTP Request: POST https://api.deepseek.com/chat/completions "HTTP/1.1 200 OK"
2026-05-21 23:21:20,562 - INFO - HTTP Request: POST https://api.deepseek.com/chat/completions "HTTP/1.1 200 OK"
2026-05-21 23:21:22,618 - INFO - HTTP Request: POST https://api.deepseek.com/chat/completions "HTTP/1.1 200 OK"
2026-05-21 23:21:33,363 - INFO - HTTP Request: POST https://api.deepseek.com/chat/completions "HTTP/1.1 200 OK"
2026-05-21 23:21:34,758 - INFO - HTTP Request: POST https://api.deepseek.com/chat/completions "HTTP/1.1 200 OK"
2026-05-21 23:21:37,954 - INFO - HTTP Request: POST https://api.deepseek.com/chat/completions "HTTP/1.1 200 OK"
2026-05-21 23:21:50,756 - INFO - Loading model: microsoft/codebert-base-mlm
/data/users/eliassam/miniforge3/lib/python3.12/site-packages/transformers/tokenization_utils_base.py:1601: FutureWarning: `clean_up_tokenization_spaces` was not set. It will be set to `True` by default. This behavior will be depracted in transformers v4.45, and will be then set to `False` by default. For more details check this issue: https://github.com/huggingface/transformers/issues/31884
  warnings.warn(
Some weights of the model checkpoint at microsoft/codebert-base-mlm were not used when initializing RobertaForMaskedLM: ['roberta.pooler.dense.bias', 'roberta.pooler.dense.weight']
- This IS expected if you are initializing RobertaForMaskedLM from the checkpoint of a model trained on another task or with another architecture (e.g. initializing a BertForSequenceClassification model from a BertForPreTraining model).
- This IS NOT expected if you are initializing RobertaForMaskedLM from the checkpoint of a model that you expect to be exactly identical (initializing a BertForSequenceClassification model from a BertForSequenceClassification model).
2026-05-21 23:21:52,056 - INFO - Processed __main__.dot: Score=0.6247 (1 paths)
2026-05-21 23:21:52,125 - INFO - Processed test_case_0.dot: Score=0.5517 (1 paths)
2026-05-21 23:21:52,346 - INFO - Processed test_case_1.dot: Score=0.2750 (3 paths)
2026-05-21 23:21:52,440 - INFO - Processed test_case_2.dot: Score=0.2332 (1 paths)
2026-05-21 23:21:52,514 - INFO - Processed test_case_3.dot: Score=0.3506 (1 paths)
2026-05-21 23:21:52,580 - INFO - Processed test_case_4.dot: Score=0.4858 (1 paths)
2026-05-21 23:21:53,351 - INFO - Processed test_case_5.dot: Score=0.1792 (7 paths)
2026-05-21 23:21:53,473 - INFO - Processed test_case_6.dot: Score=0.1989 (1 paths)
2026-05-21 23:21:53,563 - INFO - Processed test_case_7.dot: Score=0.2615 (1 paths)
2026-05-21 23:21:55,512 - INFO - Processed test_case_8.dot: Score=0.1112 (15 paths)
2026-05-21 23:21:55,860 - INFO - Processed test_case_9.dot: Score=0.1418 (3 paths)
2026-05-21 23:21:55,960 - INFO - Processed test_case_10.dot: Score=0.2798 (1 paths)
2026-05-21 23:21:56,080 - INFO - Processed __main__.dot: Score=0.5169 (1 paths)
2026-05-21 23:21:56,162 - INFO - Processed test_to_namedtuple_with_float_returns_empty_namedtuple.dot: Score=0.3294 (1 paths)
2026-05-21 23:21:56,418 - INFO - Processed test_to_namedtuple_with_tuple_containing_float_and_set.dot: Score=0.2948 (3 paths)
2026-05-21 23:21:56,528 - INFO - Processed test_single_repeated_key_dict_roundtrip_to_namedtuple_and_back.dot: Score=0.2509 (1 paths)
2026-05-21 23:21:56,690 - INFO - Processed test_to_namedtuple_with_bytes_input_raises_error.dot: Score=0.2350 (2 paths)
2026-05-21 23:21:56,770 - INFO - Processed test_to_namedtuple_with_empty_tuple.dot: Score=0.3320 (1 paths)
2026-05-21 23:21:57,708 - INFO - Processed test_to_namedtuple_with_nested_conversion_and_bytes_tuple.dot: Score=0.2102 (7 paths)
2026-05-21 23:21:57,853 - INFO - Processed test_namedtuple_from_ordered_dict_with_invalid_keys_raises_error.dot: Score=0.2627 (1 paths)
2026-05-21 23:21:57,958 - INFO - Processed test_to_namedtuple_with_nested_empty_list_and_none.dot: Score=0.2682 (1 paths)
2026-05-21 23:22:00,469 - INFO - Processed test_to_namedtuple_with_long_docstring_key_and_duplicate_keys.dot: Score=0.1119 (15 paths)
2026-05-21 23:22:00,925 - INFO - Processed test_to_namedtuple_with_nested_lists_and_dicts_multiple_conversions.dot: Score=0.1636 (3 paths)
2026-05-21 23:22:01,132 - INFO - Processed test_to_namedtuple_rejects_dict_with_bytes_keys.dot: Score=0.2508 (2 paths)
<unknown>:24: SyntaxWarning: invalid escape sequence '\['
<unknown>:25: SyntaxWarning: invalid escape sequence '\['
<unknown>:26: SyntaxWarning: invalid escape sequence '\('
<unknown>:27: SyntaxWarning: invalid escape sequence '\('
<unknown>:28: SyntaxWarning: invalid escape sequence '\e'
2026-05-21 23:22:10,527 - INFO - HTTP Request: POST https://api.deepseek.com/chat/completions "HTTP/1.1 200 OK"
2026-05-21 23:22:21,257 - INFO - HTTP Request: POST https://api.deepseek.com/chat/completions "HTTP/1.1 200 OK"
2026-05-21 23:22:22,466 - INFO - HTTP Request: POST https://api.deepseek.com/chat/completions "HTTP/1.1 200 OK"
2026-05-21 23:22:32,217 - INFO - HTTP Request: POST https://api.deepseek.com/chat/completions "HTTP/1.1 200 OK"
2026-05-21 23:22:33,375 - INFO - HTTP Request: POST https://api.deepseek.com/chat/completions "HTTP/1.1 200 OK"
2026-05-21 23:22:42,962 - INFO - HTTP Request: POST https://api.deepseek.com/chat/completions "HTTP/1.1 200 OK"
2026-05-21 23:22:44,665 - INFO - HTTP Request: POST https://api.deepseek.com/chat/completions "HTTP/1.1 200 OK"
2026-05-21 23:22:54,775 - INFO - HTTP Request: POST https://api.deepseek.com/chat/completions "HTTP/1.1 200 OK"
2026-05-21 23:22:55,778 - INFO - HTTP Request: POST https://api.deepseek.com/chat/completions "HTTP/1.1 200 OK"
2026-05-21 23:23:05,401 - INFO - HTTP Request: POST https://api.deepseek.com/chat/completions "HTTP/1.1 200 OK"
2026-05-21 23:23:06,345 - INFO - HTTP Request: POST https://api.deepseek.com/chat/completions "HTTP/1.1 200 OK"
2026-05-21 23:23:16,334 - INFO - HTTP Request: POST https://api.deepseek.com/chat/completions "HTTP/1.1 200 OK"
2026-05-21 23:23:19,004 - INFO - HTTP Request: POST https://api.deepseek.com/chat/completions "HTTP/1.1 200 OK"
2026-05-21 23:23:30,047 - INFO - HTTP Request: POST https://api.deepseek.com/chat/completions "HTTP/1.1 200 OK"
2026-05-21 23:23:31,779 - INFO - HTTP Request: POST https://api.deepseek.com/chat/completions "HTTP/1.1 200 OK"
2026-05-21 23:23:41,713 - INFO - HTTP Request: POST https://api.deepseek.com/chat/completions "HTTP/1.1 200 OK"
2026-05-21 23:23:43,022 - INFO - HTTP Request: POST https://api.deepseek.com/chat/completions "HTTP/1.1 200 OK"
2026-05-21 23:23:53,035 - INFO - HTTP Request: POST https://api.deepseek.com/chat/completions "HTTP/1.1 200 OK"
2026-05-21 23:23:58,234 - INFO - HTTP Request: POST https://api.deepseek.com/chat/completions "HTTP/1.1 200 OK"
2026-05-21 23:24:11,652 - INFO - HTTP Request: POST https://api.deepseek.com/chat/completions "HTTP/1.1 200 OK"
2026-05-21 23:24:14,251 - INFO - HTTP Request: POST https://api.deepseek.com/chat/completions "HTTP/1.1 200 OK"
2026-05-21 23:24:25,266 - INFO - HTTP Request: POST https://api.deepseek.com/chat/completions "HTTP/1.1 200 OK"
2026-05-21 23:24:26,591 - INFO - HTTP Request: POST https://api.deepseek.com/chat/completions "HTTP/1.1 200 OK"
2026-05-21 23:24:31,190 - INFO - HTTP Request: POST https://api.deepseek.com/chat/completions "HTTP/1.1 200 OK"
2026-05-21 23:24:43,807 - INFO - Loading model: microsoft/codebert-base-mlm
/data/users/eliassam/miniforge3/lib/python3.12/site-packages/transformers/tokenization_utils_base.py:1601: FutureWarning: `clean_up_tokenization_spaces` was not set. It will be set to `True` by default. This behavior will be depracted in transformers v4.45, and will be then set to `False` by default. For more details check this issue: https://github.com/huggingface/transformers/issues/31884
  warnings.warn(
Some weights of the model checkpoint at microsoft/codebert-base-mlm were not used when initializing RobertaForMaskedLM: ['roberta.pooler.dense.bias', 'roberta.pooler.dense.weight']
- This IS expected if you are initializing RobertaForMaskedLM from the checkpoint of a model trained on another task or with another architecture (e.g. initializing a BertForSequenceClassification model from a BertForPreTraining model).
- This IS NOT expected if you are initializing RobertaForMaskedLM from the checkpoint of a model that you expect to be exactly identical (initializing a BertForSequenceClassification model from a BertForSequenceClassification model).
2026-05-21 23:24:46,187 - INFO - Processed __main__.dot: Score=0.6247 (1 paths)
2026-05-21 23:24:46,270 - INFO - Processed test_case_0.dot: Score=0.5517 (1 paths)
2026-05-21 23:24:46,548 - INFO - Processed test_case_1.dot: Score=0.2750 (3 paths)
2026-05-21 23:24:46,661 - INFO - Processed test_case_2.dot: Score=0.2332 (1 paths)
2026-05-21 23:24:46,750 - INFO - Processed test_case_3.dot: Score=0.3506 (1 paths)
2026-05-21 23:24:46,830 - INFO - Processed test_case_4.dot: Score=0.4858 (1 paths)
2026-05-21 23:24:47,842 - INFO - Processed test_case_5.dot: Score=0.1792 (7 paths)
2026-05-21 23:24:47,991 - INFO - Processed test_case_6.dot: Score=0.1989 (1 paths)
2026-05-21 23:24:48,098 - INFO - Processed test_case_7.dot: Score=0.2615 (1 paths)
2026-05-21 23:24:50,662 - INFO - Processed test_case_8.dot: Score=0.1112 (15 paths)
2026-05-21 23:24:51,090 - INFO - Processed test_case_9.dot: Score=0.1418 (3 paths)
2026-05-21 23:24:51,199 - INFO - Processed test_case_10.dot: Score=0.2798 (1 paths)
2026-05-21 23:24:51,296 - INFO - Processed __main__.dot: Score=0.5169 (1 paths)
2026-05-21 23:24:51,488 - INFO - Processed test_to_namedtuple_rejects_float.dot: Score=0.3113 (3 paths)
2026-05-21 23:24:51,725 - INFO - Processed test_to_namedtuple_with_tuple_containing_set.dot: Score=0.2817 (3 paths)
2026-05-21 23:24:51,820 - INFO - Processed test_to_namedtuple_with_duplicate_keys_in_dict.dot: Score=0.2991 (1 paths)
2026-05-21 23:24:51,897 - INFO - Processed test_to_namedtuple_with_bytes_input.dot: Score=0.2584 (1 paths)
2026-05-21 23:24:51,969 - INFO - Processed test_to_namedtuple_with_empty_tuple.dot: Score=0.3122 (1 paths)
2026-05-21 23:24:53,236 - INFO - Processed test_to_namedtuple_idempotency_with_various_inputs.dot: Score=0.1545 (7 paths)
2026-05-21 23:24:53,370 - INFO - Processed test_to_namedtuple_with_ordered_dict_containing_identical_control_characters.dot: Score=0.3502 (1 paths)
2026-05-21 23:24:53,467 - INFO - Processed test_to_namedtuple_handles_none_and_nested_lists.dot: Score=0.3117 (1 paths)
2026-05-21 23:24:55,953 - INFO - Processed test_to_namedtuple_with_string_keys_and_nested_conversion.dot: Score=0.1385 (15 paths)
2026-05-21 23:24:56,381 - INFO - Processed test_to_namedtuple_with_nested_dict_and_list_conversion_stability.dot: Score=0.1672 (3 paths)
2026-05-21 23:24:56,514 - INFO - Processed test_to_namedtuple_converts_dict_with_bytes_keys_and_values.dot: Score=0.1877 (1 paths)
<unknown>:24: SyntaxWarning: invalid escape sequence '\['
<unknown>:25: SyntaxWarning: invalid escape sequence '\['
<unknown>:26: SyntaxWarning: invalid escape sequence '\('
<unknown>:27: SyntaxWarning: invalid escape sequence '\('
<unknown>:28: SyntaxWarning: invalid escape sequence '\e'
2026-05-21 23:25:06,359 - INFO - HTTP Request: POST https://api.deepseek.com/chat/completions "HTTP/1.1 200 OK"
2026-05-21 23:25:17,777 - INFO - HTTP Request: POST https://api.deepseek.com/chat/completions "HTTP/1.1 200 OK"
2026-05-21 23:25:18,797 - INFO - HTTP Request: POST https://api.deepseek.com/chat/completions "HTTP/1.1 200 OK"
2026-05-21 23:25:28,706 - INFO - HTTP Request: POST https://api.deepseek.com/chat/completions "HTTP/1.1 200 OK"
2026-05-21 23:25:30,112 - INFO - HTTP Request: POST https://api.deepseek.com/chat/completions "HTTP/1.1 200 OK"
2026-05-21 23:25:40,078 - INFO - HTTP Request: POST https://api.deepseek.com/chat/completions "HTTP/1.1 200 OK"
2026-05-21 23:25:41,555 - INFO - HTTP Request: POST https://api.deepseek.com/chat/completions "HTTP/1.1 200 OK"
2026-05-21 23:25:51,564 - INFO - HTTP Request: POST https://api.deepseek.com/chat/completions "HTTP/1.1 200 OK"
2026-05-21 23:25:52,661 - INFO - HTTP Request: POST https://api.deepseek.com/chat/completions "HTTP/1.1 200 OK"
2026-05-21 23:26:02,850 - INFO - HTTP Request: POST https://api.deepseek.com/chat/completions "HTTP/1.1 200 OK"
2026-05-21 23:26:03,719 - INFO - HTTP Request: POST https://api.deepseek.com/chat/completions "HTTP/1.1 200 OK"
2026-05-21 23:26:13,579 - INFO - HTTP Request: POST https://api.deepseek.com/chat/completions "HTTP/1.1 200 OK"
2026-05-21 23:26:16,341 - INFO - HTTP Request: POST https://api.deepseek.com/chat/completions "HTTP/1.1 200 OK"
2026-05-21 23:26:27,412 - INFO - HTTP Request: POST https://api.deepseek.com/chat/completions "HTTP/1.1 200 OK"
2026-05-21 23:26:29,019 - INFO - HTTP Request: POST https://api.deepseek.com/chat/completions "HTTP/1.1 200 OK"
2026-05-21 23:26:38,911 - INFO - HTTP Request: POST https://api.deepseek.com/chat/completions "HTTP/1.1 200 OK"
2026-05-21 23:26:40,279 - INFO - HTTP Request: POST https://api.deepseek.com/chat/completions "HTTP/1.1 200 OK"
2026-05-21 23:26:50,259 - INFO - HTTP Request: POST https://api.deepseek.com/chat/completions "HTTP/1.1 200 OK"
2026-05-21 23:26:55,824 - INFO - HTTP Request: POST https://api.deepseek.com/chat/completions "HTTP/1.1 200 OK"
2026-05-21 23:27:09,730 - INFO - HTTP Request: POST https://api.deepseek.com/chat/completions "HTTP/1.1 200 OK"
2026-05-21 23:27:11,813 - INFO - HTTP Request: POST https://api.deepseek.com/chat/completions "HTTP/1.1 200 OK"
2026-05-21 23:27:22,019 - INFO - HTTP Request: POST https://api.deepseek.com/chat/completions "HTTP/1.1 200 OK"
2026-05-21 23:27:23,520 - INFO - HTTP Request: POST https://api.deepseek.com/chat/completions "HTTP/1.1 200 OK"
2026-05-21 23:27:27,571 - INFO - HTTP Request: POST https://api.deepseek.com/chat/completions "HTTP/1.1 200 OK"
2026-05-21 23:27:39,722 - INFO - Loading model: microsoft/codebert-base-mlm
/data/users/eliassam/miniforge3/lib/python3.12/site-packages/transformers/tokenization_utils_base.py:1601: FutureWarning: `clean_up_tokenization_spaces` was not set. It will be set to `True` by default. This behavior will be depracted in transformers v4.45, and will be then set to `False` by default. For more details check this issue: https://github.com/huggingface/transformers/issues/31884
  warnings.warn(
Some weights of the model checkpoint at microsoft/codebert-base-mlm were not used when initializing RobertaForMaskedLM: ['roberta.pooler.dense.bias', 'roberta.pooler.dense.weight']
- This IS expected if you are initializing RobertaForMaskedLM from the checkpoint of a model trained on another task or with another architecture (e.g. initializing a BertForSequenceClassification model from a BertForPreTraining model).
- This IS NOT expected if you are initializing RobertaForMaskedLM from the checkpoint of a model that you expect to be exactly identical (initializing a BertForSequenceClassification model from a BertForSequenceClassification model).
2026-05-21 23:27:41,085 - INFO - Processed __main__.dot: Score=0.6247 (1 paths)
2026-05-21 23:27:41,156 - INFO - Processed test_case_0.dot: Score=0.5517 (1 paths)
2026-05-21 23:27:41,380 - INFO - Processed test_case_1.dot: Score=0.2750 (3 paths)
2026-05-21 23:27:41,475 - INFO - Processed test_case_2.dot: Score=0.2332 (1 paths)
2026-05-21 23:27:41,553 - INFO - Processed test_case_3.dot: Score=0.3506 (1 paths)
2026-05-21 23:27:41,625 - INFO - Processed test_case_4.dot: Score=0.4858 (1 paths)
2026-05-21 23:27:42,407 - INFO - Processed test_case_5.dot: Score=0.1792 (7 paths)
2026-05-21 23:27:42,532 - INFO - Processed test_case_6.dot: Score=0.1989 (1 paths)
2026-05-21 23:27:42,615 - INFO - Processed test_case_7.dot: Score=0.2615 (1 paths)
2026-05-21 23:27:46,778 - INFO - Processed test_case_8.dot: Score=0.1112 (15 paths)
2026-05-21 23:27:47,105 - INFO - Processed test_case_9.dot: Score=0.1418 (3 paths)
2026-05-21 23:27:47,191 - INFO - Processed test_case_10.dot: Score=0.2798 (1 paths)
2026-05-21 23:27:47,305 - INFO - Processed __main__.dot: Score=0.5169 (1 paths)
2026-05-21 23:27:47,375 - INFO - Processed test_to_namedtuple_with_float_input.dot: Score=0.3415 (1 paths)
2026-05-21 23:27:47,615 - INFO - Processed test_to_namedtuple_with_tuple_containing_float_and_set.dot: Score=0.4388 (3 paths)
2026-05-21 23:27:47,711 - INFO - Processed test_to_namedtuple_collapses_duplicate_keys_keeping_last.dot: Score=0.2620 (1 paths)
2026-05-21 23:27:47,865 - INFO - Processed test_to_namedtuple_with_bytes_input_raises_error.dot: Score=0.2277 (2 paths)
2026-05-21 23:27:47,944 - INFO - Processed test_to_namedtuple_with_empty_tuple.dot: Score=0.4718 (1 paths)
2026-05-21 23:27:48,976 - INFO - Processed test_to_namedtuple_handles_ordered_dict_roundtrip_and_mixed_types.dot: Score=0.1868 (7 paths)
2026-05-21 23:27:49,107 - INFO - Processed test_to_namedtuple_with_invalid_string_keys_in_ordereddict.dot: Score=0.3059 (1 paths)
2026-05-21 23:27:49,208 - INFO - Processed test_to_namedtuple_with_nested_empty_list_and_none.dot: Score=0.2081 (1 paths)
2026-05-21 23:27:50,789 - INFO - Processed test_to_namedtuple_with_duplicate_dict_keys_and_mixed_types.dot: Score=0.1873 (10 paths)
2026-05-21 23:27:51,167 - INFO - Processed test_to_namedtuple_with_mixed_types_and_nested_structures.dot: Score=0.1523 (3 paths)
2026-05-21 23:27:51,272 - INFO - Processed test_to_namedtuple_with_bytes_keys_in_dict_raises_error.dot: Score=0.1831 (1 paths)
<unknown>:24: SyntaxWarning: invalid escape sequence '\['
<unknown>:25: SyntaxWarning: invalid escape sequence '\['
<unknown>:26: SyntaxWarning: invalid escape sequence '\('
<unknown>:27: SyntaxWarning: invalid escape sequence '\('
<unknown>:28: SyntaxWarning: invalid escape sequence '\e'
2026-05-21 23:28:02,327 - INFO - HTTP Request: POST https://api.deepseek.com/chat/completions "HTTP/1.1 200 OK"
2026-05-21 23:28:13,223 - INFO - HTTP Request: POST https://api.deepseek.com/chat/completions "HTTP/1.1 200 OK"
2026-05-21 23:28:14,260 - INFO - HTTP Request: POST https://api.deepseek.com/chat/completions "HTTP/1.1 200 OK"
2026-05-21 23:28:17,186 - INFO - Loading model: microsoft/codebert-base-mlm
/data/users/eliassam/miniforge3/lib/python3.12/site-packages/transformers/tokenization_utils_base.py:1601: FutureWarning: `clean_up_tokenization_spaces` was not set. It will be set to `True` by default. This behavior will be depracted in transformers v4.45, and will be then set to `False` by default. For more details check this issue: https://github.com/huggingface/transformers/issues/31884
  warnings.warn(
Some weights of the model checkpoint at microsoft/codebert-base-mlm were not used when initializing RobertaForMaskedLM: ['roberta.pooler.dense.bias', 'roberta.pooler.dense.weight']
- This IS expected if you are initializing RobertaForMaskedLM from the checkpoint of a model trained on another task or with another architecture (e.g. initializing a BertForSequenceClassification model from a BertForPreTraining model).
- This IS NOT expected if you are initializing RobertaForMaskedLM from the checkpoint of a model that you expect to be exactly identical (initializing a BertForSequenceClassification model from a BertForSequenceClassification model).
2026-05-21 23:28:19,361 - INFO - Processed __main__.dot: Score=0.8730 (1 paths)
2026-05-21 23:28:20,354 - INFO - Processed test_case_0.dot: Score=0.9320 (1 paths)
2026-05-21 23:28:20,428 - INFO - Processed __main__.dot: Score=0.7301 (1 paths)
2026-05-21 23:28:20,513 - INFO - Processed test__version_part_can_be_instantiated_without_arguments.dot: Score=0.4551 (1 paths)
<unknown>:24: SyntaxWarning: invalid escape sequence '\['
<unknown>:25: SyntaxWarning: invalid escape sequence '\['
<unknown>:26: SyntaxWarning: invalid escape sequence '\('
<unknown>:27: SyntaxWarning: invalid escape sequence '\('
<unknown>:28: SyntaxWarning: invalid escape sequence '\e'
2026-05-21 23:28:30,161 - INFO - HTTP Request: POST https://api.deepseek.com/chat/completions "HTTP/1.1 200 OK"
2026-05-21 23:28:40,766 - INFO - HTTP Request: POST https://api.deepseek.com/chat/completions "HTTP/1.1 200 OK"
2026-05-21 23:28:41,819 - INFO - HTTP Request: POST https://api.deepseek.com/chat/completions "HTTP/1.1 200 OK"
2026-05-21 23:28:44,301 - INFO - HTTP Request: POST https://api.deepseek.com/chat/completions "HTTP/1.1 200 OK"
2026-05-21 23:28:46,186 - INFO - Loading model: microsoft/codebert-base-mlm
/data/users/eliassam/miniforge3/lib/python3.12/site-packages/transformers/tokenization_utils_base.py:1601: FutureWarning: `clean_up_tokenization_spaces` was not set. It will be set to `True` by default. This behavior will be depracted in transformers v4.45, and will be then set to `False` by default. For more details check this issue: https://github.com/huggingface/transformers/issues/31884
  warnings.warn(
Some weights of the model checkpoint at microsoft/codebert-base-mlm were not used when initializing RobertaForMaskedLM: ['roberta.pooler.dense.bias', 'roberta.pooler.dense.weight']
- This IS expected if you are initializing RobertaForMaskedLM from the checkpoint of a model trained on another task or with another architecture (e.g. initializing a BertForSequenceClassification model from a BertForPreTraining model).
- This IS NOT expected if you are initializing RobertaForMaskedLM from the checkpoint of a model that you expect to be exactly identical (initializing a BertForSequenceClassification model from a BertForSequenceClassification model).
2026-05-21 23:28:48,275 - INFO - Processed __main__.dot: Score=0.8730 (1 paths)
2026-05-21 23:28:48,331 - INFO - Processed test_case_0.dot: Score=0.9320 (1 paths)
2026-05-21 23:28:48,405 - INFO - Processed __main__.dot: Score=0.7390 (1 paths)
2026-05-21 23:28:48,486 - INFO - Processed test_cherry_pick_initialization_raises_error_when_attr_map_is_missing.dot: Score=0.4100 (1 paths)
<unknown>:24: SyntaxWarning: invalid escape sequence '\['
<unknown>:25: SyntaxWarning: invalid escape sequence '\['
<unknown>:26: SyntaxWarning: invalid escape sequence '\('
<unknown>:27: SyntaxWarning: invalid escape sequence '\('
<unknown>:28: SyntaxWarning: invalid escape sequence '\e'
2026-05-21 23:28:58,638 - INFO - HTTP Request: POST https://api.deepseek.com/chat/completions "HTTP/1.1 200 OK"
2026-05-21 23:29:09,362 - INFO - HTTP Request: POST https://api.deepseek.com/chat/completions "HTTP/1.1 200 OK"
2026-05-21 23:29:10,327 - INFO - HTTP Request: POST https://api.deepseek.com/chat/completions "HTTP/1.1 200 OK"
2026-05-21 23:29:11,982 - INFO - Loading model: microsoft/codebert-base-mlm
/data/users/eliassam/miniforge3/lib/python3.12/site-packages/transformers/tokenization_utils_base.py:1601: FutureWarning: `clean_up_tokenization_spaces` was not set. It will be set to `True` by default. This behavior will be depracted in transformers v4.45, and will be then set to `False` by default. For more details check this issue: https://github.com/huggingface/transformers/issues/31884
  warnings.warn(
Some weights of the model checkpoint at microsoft/codebert-base-mlm were not used when initializing RobertaForMaskedLM: ['roberta.pooler.dense.bias', 'roberta.pooler.dense.weight']
- This IS expected if you are initializing RobertaForMaskedLM from the checkpoint of a model trained on another task or with another architecture (e.g. initializing a BertForSequenceClassification model from a BertForPreTraining model).
- This IS NOT expected if you are initializing RobertaForMaskedLM from the checkpoint of a model that you expect to be exactly identical (initializing a BertForSequenceClassification model from a BertForSequenceClassification model).
2026-05-21 23:29:14,246 - INFO - Processed __main__.dot: Score=0.8730 (1 paths)
2026-05-21 23:29:14,586 - INFO - Processed test_case_0.dot: Score=0.9320 (1 paths)
2026-05-21 23:29:14,655 - INFO - Processed __main__.dot: Score=0.7509 (1 paths)
2026-05-21 23:29:14,733 - INFO - Processed test_cherry_pick_raises_import_error_without_attr_map.dot: Score=0.6475 (1 paths)
<unknown>:24: SyntaxWarning: invalid escape sequence '\['
<unknown>:25: SyntaxWarning: invalid escape sequence '\['
<unknown>:26: SyntaxWarning: invalid escape sequence '\('
<unknown>:27: SyntaxWarning: invalid escape sequence '\('
<unknown>:28: SyntaxWarning: invalid escape sequence '\e'
2026-05-21 23:29:24,530 - INFO - HTTP Request: POST https://api.deepseek.com/chat/completions "HTTP/1.1 200 OK"
2026-05-21 23:29:34,693 - INFO - HTTP Request: POST https://api.deepseek.com/chat/completions "HTTP/1.1 200 OK"
2026-05-21 23:29:35,676 - INFO - HTTP Request: POST https://api.deepseek.com/chat/completions "HTTP/1.1 200 OK"
2026-05-21 23:29:37,917 - INFO - HTTP Request: POST https://api.deepseek.com/chat/completions "HTTP/1.1 200 OK"
2026-05-21 23:29:39,795 - INFO - Loading model: microsoft/codebert-base-mlm
/data/users/eliassam/miniforge3/lib/python3.12/site-packages/transformers/tokenization_utils_base.py:1601: FutureWarning: `clean_up_tokenization_spaces` was not set. It will be set to `True` by default. This behavior will be depracted in transformers v4.45, and will be then set to `False` by default. For more details check this issue: https://github.com/huggingface/transformers/issues/31884
  warnings.warn(
Some weights of the model checkpoint at microsoft/codebert-base-mlm were not used when initializing RobertaForMaskedLM: ['roberta.pooler.dense.bias', 'roberta.pooler.dense.weight']
- This IS expected if you are initializing RobertaForMaskedLM from the checkpoint of a model trained on another task or with another architecture (e.g. initializing a BertForSequenceClassification model from a BertForPreTraining model).
- This IS NOT expected if you are initializing RobertaForMaskedLM from the checkpoint of a model that you expect to be exactly identical (initializing a BertForSequenceClassification model from a BertForSequenceClassification model).
2026-05-21 23:29:41,497 - INFO - Processed __main__.dot: Score=0.8569 (1 paths)
2026-05-21 23:29:41,569 - INFO - Processed test_case_0.dot: Score=0.4330 (1 paths)
2026-05-21 23:29:41,641 - INFO - Processed __main__.dot: Score=0.7343 (1 paths)
2026-05-21 23:29:41,728 - INFO - Processed test_build_setup_cfg_command_class_with_none_input_raises_error.dot: Score=0.3021 (1 paths)
<unknown>:24: SyntaxWarning: invalid escape sequence '\['
<unknown>:25: SyntaxWarning: invalid escape sequence '\['
<unknown>:26: SyntaxWarning: invalid escape sequence '\('
<unknown>:27: SyntaxWarning: invalid escape sequence '\('
<unknown>:28: SyntaxWarning: invalid escape sequence '\e'
2026-05-21 23:29:51,619 - INFO - HTTP Request: POST https://api.deepseek.com/chat/completions "HTTP/1.1 200 OK"
2026-05-21 23:30:02,018 - INFO - HTTP Request: POST https://api.deepseek.com/chat/completions "HTTP/1.1 200 OK"
2026-05-21 23:30:03,294 - INFO - HTTP Request: POST https://api.deepseek.com/chat/completions "HTTP/1.1 200 OK"
2026-05-21 23:30:05,517 - INFO - HTTP Request: POST https://api.deepseek.com/chat/completions "HTTP/1.1 200 OK"
2026-05-21 23:30:07,424 - INFO - Loading model: microsoft/codebert-base-mlm
/data/users/eliassam/miniforge3/lib/python3.12/site-packages/transformers/tokenization_utils_base.py:1601: FutureWarning: `clean_up_tokenization_spaces` was not set. It will be set to `True` by default. This behavior will be depracted in transformers v4.45, and will be then set to `False` by default. For more details check this issue: https://github.com/huggingface/transformers/issues/31884
  warnings.warn(
Some weights of the model checkpoint at microsoft/codebert-base-mlm were not used when initializing RobertaForMaskedLM: ['roberta.pooler.dense.bias', 'roberta.pooler.dense.weight']
- This IS expected if you are initializing RobertaForMaskedLM from the checkpoint of a model trained on another task or with another architecture (e.g. initializing a BertForSequenceClassification model from a BertForPreTraining model).
- This IS NOT expected if you are initializing RobertaForMaskedLM from the checkpoint of a model that you expect to be exactly identical (initializing a BertForSequenceClassification model from a BertForSequenceClassification model).
2026-05-21 23:30:09,692 - INFO - Processed __main__.dot: Score=0.8569 (1 paths)
2026-05-21 23:30:09,782 - INFO - Processed test_case_0.dot: Score=0.4330 (1 paths)
2026-05-21 23:30:09,857 - INFO - Processed __main__.dot: Score=0.7343 (1 paths)
2026-05-21 23:30:09,943 - INFO - Processed test_build_setup_cfg_command_class_with_none_input.dot: Score=0.3194 (1 paths)
<unknown>:24: SyntaxWarning: invalid escape sequence '\['
<unknown>:25: SyntaxWarning: invalid escape sequence '\['
<unknown>:26: SyntaxWarning: invalid escape sequence '\('
<unknown>:27: SyntaxWarning: invalid escape sequence '\('
<unknown>:28: SyntaxWarning: invalid escape sequence '\e'
2026-05-21 23:30:19,445 - INFO - HTTP Request: POST https://api.deepseek.com/chat/completions "HTTP/1.1 200 OK"
2026-05-21 23:30:29,295 - INFO - HTTP Request: POST https://api.deepseek.com/chat/completions "HTTP/1.1 200 OK"
2026-05-21 23:30:30,454 - INFO - HTTP Request: POST https://api.deepseek.com/chat/completions "HTTP/1.1 200 OK"
2026-05-21 23:30:32,608 - INFO - HTTP Request: POST https://api.deepseek.com/chat/completions "HTTP/1.1 200 OK"
2026-05-21 23:30:34,429 - INFO - Loading model: microsoft/codebert-base-mlm
/data/users/eliassam/miniforge3/lib/python3.12/site-packages/transformers/tokenization_utils_base.py:1601: FutureWarning: `clean_up_tokenization_spaces` was not set. It will be set to `True` by default. This behavior will be depracted in transformers v4.45, and will be then set to `False` by default. For more details check this issue: https://github.com/huggingface/transformers/issues/31884
  warnings.warn(
Some weights of the model checkpoint at microsoft/codebert-base-mlm were not used when initializing RobertaForMaskedLM: ['roberta.pooler.dense.bias', 'roberta.pooler.dense.weight']
- This IS expected if you are initializing RobertaForMaskedLM from the checkpoint of a model trained on another task or with another architecture (e.g. initializing a BertForSequenceClassification model from a BertForPreTraining model).
- This IS NOT expected if you are initializing RobertaForMaskedLM from the checkpoint of a model that you expect to be exactly identical (initializing a BertForSequenceClassification model from a BertForSequenceClassification model).
2026-05-21 23:30:36,427 - INFO - Processed __main__.dot: Score=0.8569 (1 paths)
2026-05-21 23:30:36,503 - INFO - Processed test_case_0.dot: Score=0.4330 (1 paths)
2026-05-21 23:30:36,582 - INFO - Processed __main__.dot: Score=0.7185 (1 paths)
2026-05-21 23:30:36,667 - INFO - Processed test_build_setup_cfg_command_class_with_none_input.dot: Score=0.3348 (1 paths)
<unknown>:24: SyntaxWarning: invalid escape sequence '\['
<unknown>:25: SyntaxWarning: invalid escape sequence '\['
<unknown>:26: SyntaxWarning: invalid escape sequence '\('
<unknown>:27: SyntaxWarning: invalid escape sequence '\('
<unknown>:28: SyntaxWarning: invalid escape sequence '\e'
2026-05-21 23:30:47,502 - INFO - HTTP Request: POST https://api.deepseek.com/chat/completions "HTTP/1.1 200 OK"
2026-05-21 23:30:57,400 - INFO - HTTP Request: POST https://api.deepseek.com/chat/completions "HTTP/1.1 200 OK"
2026-05-21 23:30:58,300 - INFO - HTTP Request: POST https://api.deepseek.com/chat/completions "HTTP/1.1 200 OK"
2026-05-21 23:31:00,091 - INFO - Loading model: microsoft/codebert-base-mlm
/data/users/eliassam/miniforge3/lib/python3.12/site-packages/transformers/tokenization_utils_base.py:1601: FutureWarning: `clean_up_tokenization_spaces` was not set. It will be set to `True` by default. This behavior will be depracted in transformers v4.45, and will be then set to `False` by default. For more details check this issue: https://github.com/huggingface/transformers/issues/31884
  warnings.warn(
Some weights of the model checkpoint at microsoft/codebert-base-mlm were not used when initializing RobertaForMaskedLM: ['roberta.pooler.dense.bias', 'roberta.pooler.dense.weight']
- This IS expected if you are initializing RobertaForMaskedLM from the checkpoint of a model trained on another task or with another architecture (e.g. initializing a BertForSequenceClassification model from a BertForPreTraining model).
- This IS NOT expected if you are initializing RobertaForMaskedLM from the checkpoint of a model that you expect to be exactly identical (initializing a BertForSequenceClassification model from a BertForSequenceClassification model).
2026-05-21 23:31:02,492 - INFO - Processed __main__.dot: Score=0.8612 (1 paths)
2026-05-21 23:31:02,555 - INFO - Processed test_case_0.dot: Score=0.9121 (1 paths)
2026-05-21 23:31:02,630 - INFO - Processed __main__.dot: Score=0.7233 (1 paths)
2026-05-21 23:31:02,703 - INFO - Processed test_headers_formatter_instantiation.dot: Score=0.5851 (1 paths)
<unknown>:24: SyntaxWarning: invalid escape sequence '\['
<unknown>:25: SyntaxWarning: invalid escape sequence '\['
<unknown>:26: SyntaxWarning: invalid escape sequence '\('
<unknown>:27: SyntaxWarning: invalid escape sequence '\('
<unknown>:28: SyntaxWarning: invalid escape sequence '\e'
2026-05-21 23:31:11,900 - INFO - HTTP Request: POST https://api.deepseek.com/chat/completions "HTTP/1.1 200 OK"
2026-05-21 23:31:21,925 - INFO - HTTP Request: POST https://api.deepseek.com/chat/completions "HTTP/1.1 200 OK"
2026-05-21 23:31:22,737 - INFO - HTTP Request: POST https://api.deepseek.com/chat/completions "HTTP/1.1 200 OK"
2026-05-21 23:31:24,246 - INFO - Loading model: microsoft/codebert-base-mlm
/data/users/eliassam/miniforge3/lib/python3.12/site-packages/transformers/tokenization_utils_base.py:1601: FutureWarning: `clean_up_tokenization_spaces` was not set. It will be set to `True` by default. This behavior will be depracted in transformers v4.45, and will be then set to `False` by default. For more details check this issue: https://github.com/huggingface/transformers/issues/31884
  warnings.warn(
Some weights of the model checkpoint at microsoft/codebert-base-mlm were not used when initializing RobertaForMaskedLM: ['roberta.pooler.dense.bias', 'roberta.pooler.dense.weight']
- This IS expected if you are initializing RobertaForMaskedLM from the checkpoint of a model trained on another task or with another architecture (e.g. initializing a BertForSequenceClassification model from a BertForPreTraining model).
- This IS NOT expected if you are initializing RobertaForMaskedLM from the checkpoint of a model that you expect to be exactly identical (initializing a BertForSequenceClassification model from a BertForSequenceClassification model).
2026-05-21 23:31:26,297 - INFO - Processed __main__.dot: Score=0.8612 (1 paths)
2026-05-21 23:31:26,350 - INFO - Processed test_case_0.dot: Score=0.9121 (1 paths)
2026-05-21 23:31:26,425 - INFO - Processed __main__.dot: Score=0.7233 (1 paths)
2026-05-21 23:31:26,496 - INFO - Processed test_headers_formatter_initialization.dot: Score=0.5658 (1 paths)
<unknown>:24: SyntaxWarning: invalid escape sequence '\['
<unknown>:25: SyntaxWarning: invalid escape sequence '\['
<unknown>:26: SyntaxWarning: invalid escape sequence '\('
<unknown>:27: SyntaxWarning: invalid escape sequence '\('
<unknown>:28: SyntaxWarning: invalid escape sequence '\e'
2026-05-21 23:31:35,713 - INFO - HTTP Request: POST https://api.deepseek.com/chat/completions "HTTP/1.1 200 OK"
2026-05-21 23:31:45,680 - INFO - HTTP Request: POST https://api.deepseek.com/chat/completions "HTTP/1.1 200 OK"
2026-05-21 23:31:46,629 - INFO - HTTP Request: POST https://api.deepseek.com/chat/completions "HTTP/1.1 200 OK"
2026-05-21 23:31:48,480 - INFO - Loading model: microsoft/codebert-base-mlm
/data/users/eliassam/miniforge3/lib/python3.12/site-packages/transformers/tokenization_utils_base.py:1601: FutureWarning: `clean_up_tokenization_spaces` was not set. It will be set to `True` by default. This behavior will be depracted in transformers v4.45, and will be then set to `False` by default. For more details check this issue: https://github.com/huggingface/transformers/issues/31884
  warnings.warn(
Some weights of the model checkpoint at microsoft/codebert-base-mlm were not used when initializing RobertaForMaskedLM: ['roberta.pooler.dense.bias', 'roberta.pooler.dense.weight']
- This IS expected if you are initializing RobertaForMaskedLM from the checkpoint of a model trained on another task or with another architecture (e.g. initializing a BertForSequenceClassification model from a BertForPreTraining model).
- This IS NOT expected if you are initializing RobertaForMaskedLM from the checkpoint of a model that you expect to be exactly identical (initializing a BertForSequenceClassification model from a BertForSequenceClassification model).
2026-05-21 23:31:50,503 - INFO - Processed __main__.dot: Score=0.8612 (1 paths)
2026-05-21 23:31:50,557 - INFO - Processed test_case_0.dot: Score=0.9121 (1 paths)
2026-05-21 23:31:50,630 - INFO - Processed __main__.dot: Score=0.7233 (1 paths)
2026-05-21 23:31:50,703 - INFO - Processed test_headers_formatter_instantiation.dot: Score=0.8234 (1 paths)
<unknown>:24: SyntaxWarning: invalid escape sequence '\['
<unknown>:25: SyntaxWarning: invalid escape sequence '\['
<unknown>:26: SyntaxWarning: invalid escape sequence '\('
<unknown>:27: SyntaxWarning: invalid escape sequence '\('
<unknown>:28: SyntaxWarning: invalid escape sequence '\e'
2026-05-21 23:32:00,771 - INFO - HTTP Request: POST https://api.deepseek.com/chat/completions "HTTP/1.1 200 OK"
2026-05-21 23:32:03,929 - INFO - HTTP Request: POST https://api.deepseek.com/chat/completions "HTTP/1.1 200 OK"
2026-05-21 23:32:05,011 - INFO - HTTP Request: POST https://api.deepseek.com/chat/completions "HTTP/1.1 200 OK"
2026-05-21 23:32:07,400 - INFO - HTTP Request: POST https://api.deepseek.com/chat/completions "HTTP/1.1 200 OK"
2026-05-21 23:32:08,582 - INFO - HTTP Request: POST https://api.deepseek.com/chat/completions "HTTP/1.1 200 OK"
2026-05-21 23:32:11,137 - INFO - HTTP Request: POST https://api.deepseek.com/chat/completions "HTTP/1.1 200 OK"
2026-05-21 23:32:12,425 - INFO - HTTP Request: POST https://api.deepseek.com/chat/completions "HTTP/1.1 200 OK"
2026-05-21 23:32:14,851 - INFO - HTTP Request: POST https://api.deepseek.com/chat/completions "HTTP/1.1 200 OK"
2026-05-21 23:32:16,150 - INFO - HTTP Request: POST https://api.deepseek.com/chat/completions "HTTP/1.1 200 OK"
2026-05-21 23:32:18,966 - INFO - HTTP Request: POST https://api.deepseek.com/chat/completions "HTTP/1.1 200 OK"
2026-05-21 23:32:19,962 - INFO - HTTP Request: POST https://api.deepseek.com/chat/completions "HTTP/1.1 200 OK"
2026-05-21 23:32:22,161 - INFO - Loading model: microsoft/codebert-base-mlm
/data/users/eliassam/miniforge3/lib/python3.12/site-packages/transformers/tokenization_utils_base.py:1601: FutureWarning: `clean_up_tokenization_spaces` was not set. It will be set to `True` by default. This behavior will be depracted in transformers v4.45, and will be then set to `False` by default. For more details check this issue: https://github.com/huggingface/transformers/issues/31884
  warnings.warn(
Some weights of the model checkpoint at microsoft/codebert-base-mlm were not used when initializing RobertaForMaskedLM: ['roberta.pooler.dense.bias', 'roberta.pooler.dense.weight']
- This IS expected if you are initializing RobertaForMaskedLM from the checkpoint of a model trained on another task or with another architecture (e.g. initializing a BertForSequenceClassification model from a BertForPreTraining model).
- This IS NOT expected if you are initializing RobertaForMaskedLM from the checkpoint of a model that you expect to be exactly identical (initializing a BertForSequenceClassification model from a BertForSequenceClassification model).
2026-05-21 23:32:24,548 - INFO - Processed __main__.dot: Score=0.7173 (1 paths)
2026-05-21 23:32:25,547 - INFO - Processed test_case_0.dot: Score=0.9371 (1 paths)
2026-05-21 23:32:25,709 - INFO - Processed test_case_1.dot: Score=0.3863 (2 paths)
2026-05-21 23:32:25,779 - INFO - Processed test_case_2.dot: Score=0.4633 (1 paths)
2026-05-21 23:32:25,886 - INFO - Processed test_case_3.dot: Score=0.2332 (1 paths)
2026-05-21 23:32:26,014 - INFO - Processed test_case_4.dot: Score=0.4287 (2 paths)
2026-05-21 23:32:26,110 - INFO - Processed __main__.dot: Score=0.6240 (1 paths)
2026-05-21 23:32:26,181 - INFO - Processed test_formatter_plugin_base_instantiation.dot: Score=0.5737 (1 paths)
2026-05-21 23:32:26,350 - INFO - Processed test_auth_plugin_accepts_special_chars_and_newlines_in_password.dot: Score=0.3146 (2 paths)
2026-05-21 23:32:26,435 - INFO - Processed test_transport_plugin_get_adapter_unconfigured_returns_none.dot: Score=0.2820 (1 paths)
2026-05-21 23:32:26,555 - INFO - Processed test_converter_plugin_initialization_with_transport_plugin.dot: Score=0.1607 (1 paths)
2026-05-21 23:32:26,702 - INFO - Processed test_converter_plugin_convert_with_none_input.dot: Score=0.3540 (2 paths)
<unknown>:24: SyntaxWarning: invalid escape sequence '\['
<unknown>:25: SyntaxWarning: invalid escape sequence '\['
<unknown>:26: SyntaxWarning: invalid escape sequence '\('
<unknown>:27: SyntaxWarning: invalid escape sequence '\('
<unknown>:28: SyntaxWarning: invalid escape sequence '\e'
2026-05-21 23:32:36,147 - INFO - HTTP Request: POST https://api.deepseek.com/chat/completions "HTTP/1.1 200 OK"
2026-05-21 23:32:38,891 - INFO - HTTP Request: POST https://api.deepseek.com/chat/completions "HTTP/1.1 200 OK"
2026-05-21 23:32:39,883 - INFO - HTTP Request: POST https://api.deepseek.com/chat/completions "HTTP/1.1 200 OK"
2026-05-21 23:32:42,353 - INFO - HTTP Request: POST https://api.deepseek.com/chat/completions "HTTP/1.1 200 OK"
2026-05-21 23:32:43,766 - INFO - HTTP Request: POST https://api.deepseek.com/chat/completions "HTTP/1.1 200 OK"
2026-05-21 23:32:46,461 - INFO - HTTP Request: POST https://api.deepseek.com/chat/completions "HTTP/1.1 200 OK"
2026-05-21 23:32:47,624 - INFO - HTTP Request: POST https://api.deepseek.com/chat/completions "HTTP/1.1 200 OK"
2026-05-21 23:32:50,100 - INFO - HTTP Request: POST https://api.deepseek.com/chat/completions "HTTP/1.1 200 OK"
2026-05-21 23:32:51,582 - INFO - HTTP Request: POST https://api.deepseek.com/chat/completions "HTTP/1.1 200 OK"
2026-05-21 23:32:54,404 - INFO - HTTP Request: POST https://api.deepseek.com/chat/completions "HTTP/1.1 200 OK"
2026-05-21 23:32:55,777 - INFO - HTTP Request: POST https://api.deepseek.com/chat/completions "HTTP/1.1 200 OK"
2026-05-21 23:32:57,713 - INFO - Loading model: microsoft/codebert-base-mlm
/data/users/eliassam/miniforge3/lib/python3.12/site-packages/transformers/tokenization_utils_base.py:1601: FutureWarning: `clean_up_tokenization_spaces` was not set. It will be set to `True` by default. This behavior will be depracted in transformers v4.45, and will be then set to `False` by default. For more details check this issue: https://github.com/huggingface/transformers/issues/31884
  warnings.warn(
Some weights of the model checkpoint at microsoft/codebert-base-mlm were not used when initializing RobertaForMaskedLM: ['roberta.pooler.dense.bias', 'roberta.pooler.dense.weight']
- This IS expected if you are initializing RobertaForMaskedLM from the checkpoint of a model trained on another task or with another architecture (e.g. initializing a BertForSequenceClassification model from a BertForPreTraining model).
- This IS NOT expected if you are initializing RobertaForMaskedLM from the checkpoint of a model that you expect to be exactly identical (initializing a BertForSequenceClassification model from a BertForSequenceClassification model).
2026-05-21 23:33:00,041 - INFO - Processed __main__.dot: Score=0.7173 (1 paths)
2026-05-21 23:33:01,055 - INFO - Processed test_case_0.dot: Score=0.9371 (1 paths)
2026-05-21 23:33:01,194 - INFO - Processed test_case_1.dot: Score=0.3863 (2 paths)
2026-05-21 23:33:01,266 - INFO - Processed test_case_2.dot: Score=0.4633 (1 paths)
2026-05-21 23:33:01,374 - INFO - Processed test_case_3.dot: Score=0.2332 (1 paths)
2026-05-21 23:33:01,501 - INFO - Processed test_case_4.dot: Score=0.4287 (2 paths)
2026-05-21 23:33:01,607 - INFO - Processed __main__.dot: Score=0.5719 (1 paths)
2026-05-21 23:33:01,681 - INFO - Processed test_formatter_plugin_instantiation.dot: Score=0.3930 (1 paths)
2026-05-21 23:33:01,836 - INFO - Processed test_get_auth_with_special_chars_in_password.dot: Score=0.4238 (2 paths)
2026-05-21 23:33:01,926 - INFO - Processed test_transport_plugin_get_adapter_returns_none.dot: Score=0.4157 (1 paths)
2026-05-21 23:33:02,045 - INFO - Processed test_plugins_initialization_and_adapter_creation.dot: Score=0.1651 (1 paths)
2026-05-21 23:33:02,193 - INFO - Processed test_converter_plugin_convert_handles_none_input.dot: Score=0.3305 (2 paths)
<unknown>:24: SyntaxWarning: invalid escape sequence '\['
<unknown>:25: SyntaxWarning: invalid escape sequence '\['
<unknown>:26: SyntaxWarning: invalid escape sequence '\('
<unknown>:27: SyntaxWarning: invalid escape sequence '\('
<unknown>:28: SyntaxWarning: invalid escape sequence '\e'
2026-05-21 23:33:13,341 - INFO - HTTP Request: POST https://api.deepseek.com/chat/completions "HTTP/1.1 200 OK"
2026-05-21 23:33:15,959 - INFO - HTTP Request: POST https://api.deepseek.com/chat/completions "HTTP/1.1 200 OK"
2026-05-21 23:33:16,726 - INFO - HTTP Request: POST https://api.deepseek.com/chat/completions "HTTP/1.1 200 OK"
2026-05-21 23:33:19,307 - INFO - HTTP Request: POST https://api.deepseek.com/chat/completions "HTTP/1.1 200 OK"
2026-05-21 23:33:20,448 - INFO - HTTP Request: POST https://api.deepseek.com/chat/completions "HTTP/1.1 200 OK"
2026-05-21 23:33:22,912 - INFO - HTTP Request: POST https://api.deepseek.com/chat/completions "HTTP/1.1 200 OK"
2026-05-21 23:33:24,089 - INFO - HTTP Request: POST https://api.deepseek.com/chat/completions "HTTP/1.1 200 OK"
2026-05-21 23:33:26,463 - INFO - HTTP Request: POST https://api.deepseek.com/chat/completions "HTTP/1.1 200 OK"
2026-05-21 23:33:27,788 - INFO - HTTP Request: POST https://api.deepseek.com/chat/completions "HTTP/1.1 200 OK"
2026-05-21 23:33:30,635 - INFO - HTTP Request: POST https://api.deepseek.com/chat/completions "HTTP/1.1 200 OK"
2026-05-21 23:33:31,561 - INFO - HTTP Request: POST https://api.deepseek.com/chat/completions "HTTP/1.1 200 OK"
2026-05-21 23:33:33,292 - INFO - Loading model: microsoft/codebert-base-mlm
/data/users/eliassam/miniforge3/lib/python3.12/site-packages/transformers/tokenization_utils_base.py:1601: FutureWarning: `clean_up_tokenization_spaces` was not set. It will be set to `True` by default. This behavior will be depracted in transformers v4.45, and will be then set to `False` by default. For more details check this issue: https://github.com/huggingface/transformers/issues/31884
  warnings.warn(
Some weights of the model checkpoint at microsoft/codebert-base-mlm were not used when initializing RobertaForMaskedLM: ['roberta.pooler.dense.bias', 'roberta.pooler.dense.weight']
- This IS expected if you are initializing RobertaForMaskedLM from the checkpoint of a model trained on another task or with another architecture (e.g. initializing a BertForSequenceClassification model from a BertForPreTraining model).
- This IS NOT expected if you are initializing RobertaForMaskedLM from the checkpoint of a model that you expect to be exactly identical (initializing a BertForSequenceClassification model from a BertForSequenceClassification model).
2026-05-21 23:33:35,510 - INFO - Processed __main__.dot: Score=0.7173 (1 paths)
2026-05-21 23:33:36,496 - INFO - Processed test_case_0.dot: Score=0.9371 (1 paths)
2026-05-21 23:33:36,782 - INFO - Processed test_case_1.dot: Score=0.3863 (2 paths)
2026-05-21 23:33:36,854 - INFO - Processed test_case_2.dot: Score=0.4633 (1 paths)
2026-05-21 23:33:36,961 - INFO - Processed test_case_3.dot: Score=0.2332 (1 paths)
2026-05-21 23:33:37,090 - INFO - Processed test_case_4.dot: Score=0.4287 (2 paths)
2026-05-21 23:33:37,187 - INFO - Processed __main__.dot: Score=0.6240 (1 paths)
2026-05-21 23:33:37,261 - INFO - Processed test_formatter_plugin_instantiation_without_args.dot: Score=0.8681 (1 paths)
2026-05-21 23:33:37,415 - INFO - Processed test_auth_plugin_get_auth_accepts_password_string.dot: Score=0.4277 (2 paths)
2026-05-21 23:33:37,499 - INFO - Processed test_transport_plugin_get_adapter_returns_default_instance.dot: Score=0.3994 (1 paths)
2026-05-21 23:33:37,620 - INFO - Processed test_converter_plugin_with_invalid_bytes_and_transport_plugin_creation.dot: Score=0.1540 (1 paths)
2026-05-21 23:33:37,766 - INFO - Processed test_converter_plugin_convert_with_none_input.dot: Score=0.3537 (2 paths)
<unknown>:24: SyntaxWarning: invalid escape sequence '\['
<unknown>:25: SyntaxWarning: invalid escape sequence '\['
<unknown>:26: SyntaxWarning: invalid escape sequence '\('
<unknown>:27: SyntaxWarning: invalid escape sequence '\('
<unknown>:28: SyntaxWarning: invalid escape sequence '\e'
2026-05-21 23:33:47,214 - INFO - HTTP Request: POST https://api.deepseek.com/chat/completions "HTTP/1.1 200 OK"
2026-05-21 23:33:57,259 - INFO - HTTP Request: POST https://api.deepseek.com/chat/completions "HTTP/1.1 200 OK"
2026-05-21 23:33:58,476 - INFO - HTTP Request: POST https://api.deepseek.com/chat/completions "HTTP/1.1 200 OK"
2026-05-21 23:34:08,134 - INFO - HTTP Request: POST https://api.deepseek.com/chat/completions "HTTP/1.1 200 OK"
2026-05-21 23:34:09,730 - INFO - HTTP Request: POST https://api.deepseek.com/chat/completions "HTTP/1.1 200 OK"
2026-05-21 23:34:19,714 - INFO - HTTP Request: POST https://api.deepseek.com/chat/completions "HTTP/1.1 200 OK"
2026-05-21 23:34:21,150 - INFO - HTTP Request: POST https://api.deepseek.com/chat/completions "HTTP/1.1 200 OK"
2026-05-21 23:34:31,472 - INFO - HTTP Request: POST https://api.deepseek.com/chat/completions "HTTP/1.1 200 OK"
2026-05-21 23:34:33,972 - INFO - HTTP Request: POST https://api.deepseek.com/chat/completions "HTTP/1.1 200 OK"
2026-05-21 23:34:44,379 - INFO - HTTP Request: POST https://api.deepseek.com/chat/completions "HTTP/1.1 200 OK"
2026-05-21 23:34:46,361 - INFO - HTTP Request: POST https://api.deepseek.com/chat/completions "HTTP/1.1 200 OK"
2026-05-21 23:34:52,218 - INFO - HTTP Request: POST https://api.deepseek.com/chat/completions "HTTP/1.1 200 OK"
2026-05-21 23:34:57,425 - INFO - Loading model: microsoft/codebert-base-mlm
/data/users/eliassam/miniforge3/lib/python3.12/site-packages/transformers/tokenization_utils_base.py:1601: FutureWarning: `clean_up_tokenization_spaces` was not set. It will be set to `True` by default. This behavior will be depracted in transformers v4.45, and will be then set to `False` by default. For more details check this issue: https://github.com/huggingface/transformers/issues/31884
  warnings.warn(
Some weights of the model checkpoint at microsoft/codebert-base-mlm were not used when initializing RobertaForMaskedLM: ['roberta.pooler.dense.bias', 'roberta.pooler.dense.weight']
- This IS expected if you are initializing RobertaForMaskedLM from the checkpoint of a model trained on another task or with another architecture (e.g. initializing a BertForSequenceClassification model from a BertForPreTraining model).
- This IS NOT expected if you are initializing RobertaForMaskedLM from the checkpoint of a model that you expect to be exactly identical (initializing a BertForSequenceClassification model from a BertForSequenceClassification model).
2026-05-21 23:34:59,412 - INFO - Processed __main__.dot: Score=0.5496 (1 paths)
2026-05-21 23:34:59,485 - INFO - Processed test_case_0.dot: Score=0.6932 (1 paths)
2026-05-21 23:34:59,731 - INFO - Processed test_case_1.dot: Score=0.3087 (3 paths)
2026-05-21 23:35:00,284 - INFO - Processed test_case_2.dot: Score=0.2390 (7 paths)
2026-05-21 23:35:00,556 - INFO - Processed test_case_3.dot: Score=0.2258 (3 paths)
2026-05-21 23:35:00,937 - INFO - Processed test_case_4.dot: Score=0.2020 (4 paths)
2026-05-21 23:35:01,038 - INFO - Processed __main__.dot: Score=0.4930 (1 paths)
2026-05-21 23:35:01,110 - INFO - Processed test_base_node_transformer_initialization_with_none.dot: Score=0.3144 (1 paths)
2026-05-21 23:35:01,671 - INFO - Processed test_visit_import_from_rewrites_imports.dot: Score=0.3255 (7 paths)
2026-05-21 23:35:01,971 - INFO - Processed test_visit_import_from_rewrites_based_on_base_import_rewrite_with_repeated_keys.dot: Score=0.2205 (3 paths)
2026-05-21 23:35:03,323 - INFO - Processed test_visit_ImportFrom_with_duplicate_keys_in_args_and_kwargs.dot: Score=0.2483 (12 paths)
<unknown>:24: SyntaxWarning: invalid escape sequence '\['
<unknown>:25: SyntaxWarning: invalid escape sequence '\['
<unknown>:26: SyntaxWarning: invalid escape sequence '\('
<unknown>:27: SyntaxWarning: invalid escape sequence '\('
<unknown>:28: SyntaxWarning: invalid escape sequence '\e'
2026-05-21 23:35:12,892 - INFO - HTTP Request: POST https://api.deepseek.com/chat/completions "HTTP/1.1 200 OK"
2026-05-21 23:35:22,885 - INFO - HTTP Request: POST https://api.deepseek.com/chat/completions "HTTP/1.1 200 OK"
2026-05-21 23:35:23,972 - INFO - HTTP Request: POST https://api.deepseek.com/chat/completions "HTTP/1.1 200 OK"
2026-05-21 23:35:33,811 - INFO - HTTP Request: POST https://api.deepseek.com/chat/completions "HTTP/1.1 200 OK"
2026-05-21 23:35:35,442 - INFO - HTTP Request: POST https://api.deepseek.com/chat/completions "HTTP/1.1 200 OK"
2026-05-21 23:35:45,212 - INFO - HTTP Request: POST https://api.deepseek.com/chat/completions "HTTP/1.1 200 OK"
2026-05-21 23:35:46,630 - INFO - HTTP Request: POST https://api.deepseek.com/chat/completions "HTTP/1.1 200 OK"
2026-05-21 23:35:56,654 - INFO - HTTP Request: POST https://api.deepseek.com/chat/completions "HTTP/1.1 200 OK"
2026-05-21 23:35:58,759 - INFO - HTTP Request: POST https://api.deepseek.com/chat/completions "HTTP/1.1 200 OK"
2026-05-21 23:36:09,512 - INFO - HTTP Request: POST https://api.deepseek.com/chat/completions "HTTP/1.1 200 OK"
2026-05-21 23:36:12,012 - INFO - HTTP Request: POST https://api.deepseek.com/chat/completions "HTTP/1.1 200 OK"
2026-05-21 23:36:15,603 - INFO - HTTP Request: POST https://api.deepseek.com/chat/completions "HTTP/1.1 200 OK"
2026-05-21 23:36:21,104 - INFO - Loading model: microsoft/codebert-base-mlm
/data/users/eliassam/miniforge3/lib/python3.12/site-packages/transformers/tokenization_utils_base.py:1601: FutureWarning: `clean_up_tokenization_spaces` was not set. It will be set to `True` by default. This behavior will be depracted in transformers v4.45, and will be then set to `False` by default. For more details check this issue: https://github.com/huggingface/transformers/issues/31884
  warnings.warn(
Some weights of the model checkpoint at microsoft/codebert-base-mlm were not used when initializing RobertaForMaskedLM: ['roberta.pooler.dense.bias', 'roberta.pooler.dense.weight']
- This IS expected if you are initializing RobertaForMaskedLM from the checkpoint of a model trained on another task or with another architecture (e.g. initializing a BertForSequenceClassification model from a BertForPreTraining model).
- This IS NOT expected if you are initializing RobertaForMaskedLM from the checkpoint of a model that you expect to be exactly identical (initializing a BertForSequenceClassification model from a BertForSequenceClassification model).
2026-05-21 23:36:23,302 - INFO - Processed __main__.dot: Score=0.5496 (1 paths)
2026-05-21 23:36:23,615 - INFO - Processed test_case_0.dot: Score=0.6932 (1 paths)
2026-05-21 23:36:23,929 - INFO - Processed test_case_1.dot: Score=0.3087 (3 paths)
2026-05-21 23:36:25,539 - INFO - Processed test_case_2.dot: Score=0.2390 (7 paths)
2026-05-21 23:36:25,883 - INFO - Processed test_case_3.dot: Score=0.2258 (3 paths)
2026-05-21 23:36:26,359 - INFO - Processed test_case_4.dot: Score=0.2020 (4 paths)
2026-05-21 23:36:26,471 - INFO - Processed __main__.dot: Score=0.4871 (1 paths)
2026-05-21 23:36:26,566 - INFO - Processed test_base_node_transformer_initialization_with_none.dot: Score=0.4097 (1 paths)
2026-05-21 23:36:26,897 - INFO - Processed test_visit_import_from_rewrites_imports_correctly.dot: Score=0.2002 (3 paths)
2026-05-21 23:36:27,722 - INFO - Processed test_visit_import_from_with_mat_mult_and_empty_map.dot: Score=0.2138 (7 paths)
2026-05-21 23:36:28,671 - INFO - Processed test_visit_import_from_with_escaped_chars_and_kwargs.dot: Score=0.2124 (8 paths)
2026-05-21 23:36:29,197 - INFO - Processed test_cherry_pick_import_from_visit_returns_none_when_invalid_attributes.dot: Score=0.2914 (4 paths)
<unknown>:24: SyntaxWarning: invalid escape sequence '\['
<unknown>:25: SyntaxWarning: invalid escape sequence '\['
<unknown>:26: SyntaxWarning: invalid escape sequence '\('
<unknown>:27: SyntaxWarning: invalid escape sequence '\('
<unknown>:28: SyntaxWarning: invalid escape sequence '\e'
2026-05-21 23:36:40,920 - INFO - HTTP Request: POST https://api.deepseek.com/chat/completions "HTTP/1.1 200 OK"
2026-05-21 23:36:51,154 - INFO - HTTP Request: POST https://api.deepseek.com/chat/completions "HTTP/1.1 200 OK"
2026-05-21 23:36:52,130 - INFO - HTTP Request: POST https://api.deepseek.com/chat/completions "HTTP/1.1 200 OK"
2026-05-21 23:37:01,877 - INFO - HTTP Request: POST https://api.deepseek.com/chat/completions "HTTP/1.1 200 OK"
2026-05-21 23:37:03,269 - INFO - HTTP Request: POST https://api.deepseek.com/chat/completions "HTTP/1.1 200 OK"
2026-05-21 23:37:13,187 - INFO - HTTP Request: POST https://api.deepseek.com/chat/completions "HTTP/1.1 200 OK"
2026-05-21 23:37:14,768 - INFO - HTTP Request: POST https://api.deepseek.com/chat/completions "HTTP/1.1 200 OK"
2026-05-21 23:37:24,770 - INFO - HTTP Request: POST https://api.deepseek.com/chat/completions "HTTP/1.1 200 OK"
2026-05-21 23:37:26,800 - INFO - HTTP Request: POST https://api.deepseek.com/chat/completions "HTTP/1.1 200 OK"
2026-05-21 23:37:36,877 - INFO - HTTP Request: POST https://api.deepseek.com/chat/completions "HTTP/1.1 200 OK"
2026-05-21 23:37:38,691 - INFO - HTTP Request: POST https://api.deepseek.com/chat/completions "HTTP/1.1 200 OK"
2026-05-21 23:37:41,679 - INFO - HTTP Request: POST https://api.deepseek.com/chat/completions "HTTP/1.1 200 OK"
2026-05-21 23:37:46,566 - INFO - Loading model: microsoft/codebert-base-mlm
/data/users/eliassam/miniforge3/lib/python3.12/site-packages/transformers/tokenization_utils_base.py:1601: FutureWarning: `clean_up_tokenization_spaces` was not set. It will be set to `True` by default. This behavior will be depracted in transformers v4.45, and will be then set to `False` by default. For more details check this issue: https://github.com/huggingface/transformers/issues/31884
  warnings.warn(
Some weights of the model checkpoint at microsoft/codebert-base-mlm were not used when initializing RobertaForMaskedLM: ['roberta.pooler.dense.bias', 'roberta.pooler.dense.weight']
- This IS expected if you are initializing RobertaForMaskedLM from the checkpoint of a model trained on another task or with another architecture (e.g. initializing a BertForSequenceClassification model from a BertForPreTraining model).
- This IS NOT expected if you are initializing RobertaForMaskedLM from the checkpoint of a model that you expect to be exactly identical (initializing a BertForSequenceClassification model from a BertForSequenceClassification model).
2026-05-21 23:37:48,914 - INFO - Processed __main__.dot: Score=0.5496 (1 paths)
2026-05-21 23:37:49,000 - INFO - Processed test_case_0.dot: Score=0.6932 (1 paths)
2026-05-21 23:37:49,312 - INFO - Processed test_case_1.dot: Score=0.3087 (3 paths)
2026-05-21 23:37:50,022 - INFO - Processed test_case_2.dot: Score=0.2390 (7 paths)
2026-05-21 23:37:50,369 - INFO - Processed test_case_3.dot: Score=0.2258 (3 paths)
2026-05-21 23:37:50,854 - INFO - Processed test_case_4.dot: Score=0.2020 (4 paths)
2026-05-21 23:37:50,972 - INFO - Processed __main__.dot: Score=0.4871 (1 paths)
2026-05-21 23:37:51,070 - INFO - Processed test_base_node_transformer_initialization_with_none_attr.dot: Score=0.4067 (1 paths)
2026-05-21 23:37:51,414 - INFO - Processed test_base_import_rewrite_visits_import_from_correctly.dot: Score=0.2445 (3 paths)
2026-05-21 23:37:52,195 - INFO - Processed test_visit_import_from_rewrites_module_imports.dot: Score=0.2943 (7 paths)
2026-05-21 23:37:52,570 - INFO - Processed test_visit_import_from_handles_invalid_characters_gracefully.dot: Score=0.2251 (3 paths)
2026-05-21 23:37:53,103 - INFO - Processed test_base_import_rewrite_visit_import_from_with_multiple_duplicate_aliases.dot: Score=0.1764 (4 paths)
<unknown>:24: SyntaxWarning: invalid escape sequence '\['
<unknown>:25: SyntaxWarning: invalid escape sequence '\['
<unknown>:26: SyntaxWarning: invalid escape sequence '\('
<unknown>:27: SyntaxWarning: invalid escape sequence '\('
<unknown>:28: SyntaxWarning: invalid escape sequence '\e'
2026-05-21 23:38:04,800 - INFO - HTTP Request: POST https://api.deepseek.com/chat/completions "HTTP/1.1 200 OK"
2026-05-21 23:38:14,841 - INFO - HTTP Request: POST https://api.deepseek.com/chat/completions "HTTP/1.1 200 OK"
2026-05-21 23:38:16,168 - INFO - HTTP Request: POST https://api.deepseek.com/chat/completions "HTTP/1.1 200 OK"
2026-05-21 23:38:25,942 - INFO - HTTP Request: POST https://api.deepseek.com/chat/completions "HTTP/1.1 200 OK"
2026-05-21 23:38:27,675 - INFO - HTTP Request: POST https://api.deepseek.com/chat/completions "HTTP/1.1 200 OK"
2026-05-21 23:38:31,008 - INFO - Loading model: microsoft/codebert-base-mlm
/data/users/eliassam/miniforge3/lib/python3.12/site-packages/transformers/tokenization_utils_base.py:1601: FutureWarning: `clean_up_tokenization_spaces` was not set. It will be set to `True` by default. This behavior will be depracted in transformers v4.45, and will be then set to `False` by default. For more details check this issue: https://github.com/huggingface/transformers/issues/31884
  warnings.warn(
Some weights of the model checkpoint at microsoft/codebert-base-mlm were not used when initializing RobertaForMaskedLM: ['roberta.pooler.dense.bias', 'roberta.pooler.dense.weight']
- This IS expected if you are initializing RobertaForMaskedLM from the checkpoint of a model trained on another task or with another architecture (e.g. initializing a BertForSequenceClassification model from a BertForPreTraining model).
- This IS NOT expected if you are initializing RobertaForMaskedLM from the checkpoint of a model that you expect to be exactly identical (initializing a BertForSequenceClassification model from a BertForSequenceClassification model).
2026-05-21 23:38:33,187 - INFO - Processed __main__.dot: Score=0.3568 (1 paths)
2026-05-21 23:38:33,277 - INFO - Processed test_case_0.dot: Score=0.4130 (1 paths)
2026-05-21 23:38:33,708 - INFO - Processed test_case_1.dot: Score=0.2663 (3 paths)
2026-05-21 23:38:33,823 - INFO - Processed __main__.dot: Score=0.3396 (1 paths)
2026-05-21 23:38:33,927 - INFO - Processed test_dict_unpacking_transformer_initializes_with_module_instance.dot: Score=0.2802 (1 paths)
2026-05-21 23:38:34,252 - INFO - Processed test_dict_unpacking_transformer_visits_parsed_module_from_raw_string.dot: Score=0.2731 (3 paths)
<unknown>:24: SyntaxWarning: invalid escape sequence '\['
<unknown>:25: SyntaxWarning: invalid escape sequence '\['
<unknown>:26: SyntaxWarning: invalid escape sequence '\('
<unknown>:27: SyntaxWarning: invalid escape sequence '\('
<unknown>:28: SyntaxWarning: invalid escape sequence '\e'
2026-05-21 23:38:47,211 - INFO - HTTP Request: POST https://api.deepseek.com/chat/completions "HTTP/1.1 200 OK"
2026-05-21 23:38:57,537 - INFO - HTTP Request: POST https://api.deepseek.com/chat/completions "HTTP/1.1 200 OK"
2026-05-21 23:38:58,834 - INFO - HTTP Request: POST https://api.deepseek.com/chat/completions "HTTP/1.1 200 OK"
2026-05-21 23:39:09,267 - INFO - HTTP Request: POST https://api.deepseek.com/chat/completions "HTTP/1.1 200 OK"
2026-05-21 23:39:10,721 - INFO - HTTP Request: POST https://api.deepseek.com/chat/completions "HTTP/1.1 200 OK"
2026-05-21 23:39:13,485 - INFO - HTTP Request: POST https://api.deepseek.com/chat/completions "HTTP/1.1 200 OK"
2026-05-21 23:39:16,388 - INFO - Loading model: microsoft/codebert-base-mlm
/data/users/eliassam/miniforge3/lib/python3.12/site-packages/transformers/tokenization_utils_base.py:1601: FutureWarning: `clean_up_tokenization_spaces` was not set. It will be set to `True` by default. This behavior will be depracted in transformers v4.45, and will be then set to `False` by default. For more details check this issue: https://github.com/huggingface/transformers/issues/31884
  warnings.warn(
Some weights of the model checkpoint at microsoft/codebert-base-mlm were not used when initializing RobertaForMaskedLM: ['roberta.pooler.dense.bias', 'roberta.pooler.dense.weight']
- This IS expected if you are initializing RobertaForMaskedLM from the checkpoint of a model trained on another task or with another architecture (e.g. initializing a BertForSequenceClassification model from a BertForPreTraining model).
- This IS NOT expected if you are initializing RobertaForMaskedLM from the checkpoint of a model that you expect to be exactly identical (initializing a BertForSequenceClassification model from a BertForSequenceClassification model).
2026-05-21 23:39:18,760 - INFO - Processed __main__.dot: Score=0.3568 (1 paths)
2026-05-21 23:39:18,849 - INFO - Processed test_case_0.dot: Score=0.4130 (1 paths)
2026-05-21 23:39:19,122 - INFO - Processed test_case_1.dot: Score=0.2663 (3 paths)
2026-05-21 23:39:19,230 - INFO - Processed __main__.dot: Score=0.3345 (1 paths)
2026-05-21 23:39:19,330 - INFO - Processed test_dict_unpacking_transformer_initialization.dot: Score=0.3326 (1 paths)
2026-05-21 23:39:19,648 - INFO - Processed test_dict_unpacking_transformer_visits_parsed_module_with_string_input.dot: Score=0.2730 (3 paths)
<unknown>:24: SyntaxWarning: invalid escape sequence '\['
<unknown>:25: SyntaxWarning: invalid escape sequence '\['
<unknown>:26: SyntaxWarning: invalid escape sequence '\('
<unknown>:27: SyntaxWarning: invalid escape sequence '\('
<unknown>:28: SyntaxWarning: invalid escape sequence '\e'
2026-05-21 23:39:32,207 - INFO - HTTP Request: POST https://api.deepseek.com/chat/completions "HTTP/1.1 200 OK"
2026-05-21 23:39:42,423 - INFO - HTTP Request: POST https://api.deepseek.com/chat/completions "HTTP/1.1 200 OK"
2026-05-21 23:39:43,539 - INFO - HTTP Request: POST https://api.deepseek.com/chat/completions "HTTP/1.1 200 OK"
2026-05-21 23:39:53,298 - INFO - HTTP Request: POST https://api.deepseek.com/chat/completions "HTTP/1.1 200 OK"
2026-05-21 23:39:54,716 - INFO - HTTP Request: POST https://api.deepseek.com/chat/completions "HTTP/1.1 200 OK"
2026-05-21 23:39:58,538 - INFO - HTTP Request: POST https://api.deepseek.com/chat/completions "HTTP/1.1 200 OK"
2026-05-21 23:40:01,793 - INFO - Loading model: microsoft/codebert-base-mlm
/data/users/eliassam/miniforge3/lib/python3.12/site-packages/transformers/tokenization_utils_base.py:1601: FutureWarning: `clean_up_tokenization_spaces` was not set. It will be set to `True` by default. This behavior will be depracted in transformers v4.45, and will be then set to `False` by default. For more details check this issue: https://github.com/huggingface/transformers/issues/31884
  warnings.warn(
Some weights of the model checkpoint at microsoft/codebert-base-mlm were not used when initializing RobertaForMaskedLM: ['roberta.pooler.dense.bias', 'roberta.pooler.dense.weight']
- This IS expected if you are initializing RobertaForMaskedLM from the checkpoint of a model trained on another task or with another architecture (e.g. initializing a BertForSequenceClassification model from a BertForPreTraining model).
- This IS NOT expected if you are initializing RobertaForMaskedLM from the checkpoint of a model that you expect to be exactly identical (initializing a BertForSequenceClassification model from a BertForSequenceClassification model).
2026-05-21 23:40:04,121 - INFO - Processed __main__.dot: Score=0.3568 (1 paths)
2026-05-21 23:40:04,208 - INFO - Processed test_case_0.dot: Score=0.4130 (1 paths)
2026-05-21 23:40:04,483 - INFO - Processed test_case_1.dot: Score=0.2663 (3 paths)
2026-05-21 23:40:04,601 - INFO - Processed __main__.dot: Score=0.3398 (1 paths)
2026-05-21 23:40:04,719 - INFO - Processed test_dict_unpacking_transformer_initialization_with_module_tree.dot: Score=0.2547 (1 paths)
2026-05-21 23:40:05,050 - INFO - Processed test_DictUnpackingTransformer_visit_Module_processes_string_from_ast.dot: Score=0.3421 (3 paths)
<unknown>:24: SyntaxWarning: invalid escape sequence '\['
<unknown>:25: SyntaxWarning: invalid escape sequence '\['
<unknown>:26: SyntaxWarning: invalid escape sequence '\('
<unknown>:27: SyntaxWarning: invalid escape sequence '\('
<unknown>:28: SyntaxWarning: invalid escape sequence '\e'
2026-05-21 23:40:18,282 - INFO - HTTP Request: POST https://api.deepseek.com/chat/completions "HTTP/1.1 200 OK"
2026-05-21 23:40:28,394 - INFO - HTTP Request: POST https://api.deepseek.com/chat/completions "HTTP/1.1 200 OK"
2026-05-21 23:40:29,410 - INFO - HTTP Request: POST https://api.deepseek.com/chat/completions "HTTP/1.1 200 OK"
2026-05-21 23:40:31,374 - INFO - Loading model: microsoft/codebert-base-mlm
/data/users/eliassam/miniforge3/lib/python3.12/site-packages/transformers/tokenization_utils_base.py:1601: FutureWarning: `clean_up_tokenization_spaces` was not set. It will be set to `True` by default. This behavior will be depracted in transformers v4.45, and will be then set to `False` by default. For more details check this issue: https://github.com/huggingface/transformers/issues/31884
  warnings.warn(
Some weights of the model checkpoint at microsoft/codebert-base-mlm were not used when initializing RobertaForMaskedLM: ['roberta.pooler.dense.bias', 'roberta.pooler.dense.weight']
- This IS expected if you are initializing RobertaForMaskedLM from the checkpoint of a model trained on another task or with another architecture (e.g. initializing a BertForSequenceClassification model from a BertForPreTraining model).
- This IS NOT expected if you are initializing RobertaForMaskedLM from the checkpoint of a model that you expect to be exactly identical (initializing a BertForSequenceClassification model from a BertForSequenceClassification model).
2026-05-21 23:40:33,833 - INFO - Processed __main__.dot: Score=0.6779 (1 paths)
2026-05-21 23:40:34,830 - INFO - Processed test_case_0.dot: Score=0.5231 (1 paths)
2026-05-21 23:40:34,915 - INFO - Processed __main__.dot: Score=0.5946 (1 paths)
2026-05-21 23:40:35,008 - INFO - Processed test_dump_with_none_input.dot: Score=0.4251 (1 paths)
<unknown>:24: SyntaxWarning: invalid escape sequence '\['
<unknown>:25: SyntaxWarning: invalid escape sequence '\['
<unknown>:26: SyntaxWarning: invalid escape sequence '\('
<unknown>:27: SyntaxWarning: invalid escape sequence '\('
<unknown>:28: SyntaxWarning: invalid escape sequence '\e'
2026-05-21 23:40:46,802 - INFO - HTTP Request: POST https://api.deepseek.com/chat/completions "HTTP/1.1 200 OK"
2026-05-21 23:40:56,864 - INFO - HTTP Request: POST https://api.deepseek.com/chat/completions "HTTP/1.1 200 OK"
2026-05-21 23:40:57,845 - INFO - HTTP Request: POST https://api.deepseek.com/chat/completions "HTTP/1.1 200 OK"
2026-05-21 23:41:00,741 - INFO - Loading model: microsoft/codebert-base-mlm
/data/users/eliassam/miniforge3/lib/python3.12/site-packages/transformers/tokenization_utils_base.py:1601: FutureWarning: `clean_up_tokenization_spaces` was not set. It will be set to `True` by default. This behavior will be depracted in transformers v4.45, and will be then set to `False` by default. For more details check this issue: https://github.com/huggingface/transformers/issues/31884
  warnings.warn(
Some weights of the model checkpoint at microsoft/codebert-base-mlm were not used when initializing RobertaForMaskedLM: ['roberta.pooler.dense.bias', 'roberta.pooler.dense.weight']
- This IS expected if you are initializing RobertaForMaskedLM from the checkpoint of a model trained on another task or with another architecture (e.g. initializing a BertForSequenceClassification model from a BertForPreTraining model).
- This IS NOT expected if you are initializing RobertaForMaskedLM from the checkpoint of a model that you expect to be exactly identical (initializing a BertForSequenceClassification model from a BertForSequenceClassification model).
2026-05-21 23:41:03,210 - INFO - Processed __main__.dot: Score=0.6779 (1 paths)
2026-05-21 23:41:03,883 - INFO - Processed test_case_0.dot: Score=0.5231 (1 paths)
2026-05-21 23:41:03,969 - INFO - Processed __main__.dot: Score=0.5946 (1 paths)
2026-05-21 23:41:04,060 - INFO - Processed test_dump_none_value.dot: Score=0.4088 (1 paths)
<unknown>:24: SyntaxWarning: invalid escape sequence '\['
<unknown>:25: SyntaxWarning: invalid escape sequence '\['
<unknown>:26: SyntaxWarning: invalid escape sequence '\('
<unknown>:27: SyntaxWarning: invalid escape sequence '\('
<unknown>:28: SyntaxWarning: invalid escape sequence '\e'
2026-05-21 23:41:16,008 - INFO - HTTP Request: POST https://api.deepseek.com/chat/completions "HTTP/1.1 200 OK"
2026-05-21 23:41:26,001 - INFO - HTTP Request: POST https://api.deepseek.com/chat/completions "HTTP/1.1 200 OK"
2026-05-21 23:41:27,221 - INFO - HTTP Request: POST https://api.deepseek.com/chat/completions "HTTP/1.1 200 OK"
2026-05-21 23:41:28,895 - INFO - Loading model: microsoft/codebert-base-mlm
/data/users/eliassam/miniforge3/lib/python3.12/site-packages/transformers/tokenization_utils_base.py:1601: FutureWarning: `clean_up_tokenization_spaces` was not set. It will be set to `True` by default. This behavior will be depracted in transformers v4.45, and will be then set to `False` by default. For more details check this issue: https://github.com/huggingface/transformers/issues/31884
  warnings.warn(
Some weights of the model checkpoint at microsoft/codebert-base-mlm were not used when initializing RobertaForMaskedLM: ['roberta.pooler.dense.bias', 'roberta.pooler.dense.weight']
- This IS expected if you are initializing RobertaForMaskedLM from the checkpoint of a model trained on another task or with another architecture (e.g. initializing a BertForSequenceClassification model from a BertForPreTraining model).
- This IS NOT expected if you are initializing RobertaForMaskedLM from the checkpoint of a model that you expect to be exactly identical (initializing a BertForSequenceClassification model from a BertForSequenceClassification model).
2026-05-21 23:41:30,958 - INFO - Processed __main__.dot: Score=0.6779 (1 paths)
2026-05-21 23:41:31,038 - INFO - Processed test_case_0.dot: Score=0.5231 (1 paths)
2026-05-21 23:41:31,142 - INFO - Processed __main__.dot: Score=0.5946 (1 paths)
2026-05-21 23:41:31,235 - INFO - Processed test_dump_accepts_none.dot: Score=0.5726 (1 paths)
<unknown>:24: SyntaxWarning: invalid escape sequence '\['
<unknown>:25: SyntaxWarning: invalid escape sequence '\['
<unknown>:26: SyntaxWarning: invalid escape sequence '\('
<unknown>:27: SyntaxWarning: invalid escape sequence '\('
<unknown>:28: SyntaxWarning: invalid escape sequence '\e'
2026-05-21 23:41:42,823 - INFO - HTTP Request: POST https://api.deepseek.com/chat/completions "HTTP/1.1 200 OK"
2026-05-21 23:41:52,969 - INFO - HTTP Request: POST https://api.deepseek.com/chat/completions "HTTP/1.1 200 OK"
2026-05-21 23:41:54,369 - INFO - HTTP Request: POST https://api.deepseek.com/chat/completions "HTTP/1.1 200 OK"
2026-05-21 23:42:04,608 - INFO - HTTP Request: POST https://api.deepseek.com/chat/completions "HTTP/1.1 200 OK"
2026-05-21 23:42:05,780 - INFO - HTTP Request: POST https://api.deepseek.com/chat/completions "HTTP/1.1 200 OK"
2026-05-21 23:42:15,231 - INFO - HTTP Request: POST https://api.deepseek.com/chat/completions "HTTP/1.1 200 OK"
2026-05-21 23:42:17,205 - INFO - HTTP Request: POST https://api.deepseek.com/chat/completions "HTTP/1.1 200 OK"
2026-05-21 23:42:27,177 - INFO - HTTP Request: POST https://api.deepseek.com/chat/completions "HTTP/1.1 200 OK"
2026-05-21 23:42:29,084 - INFO - HTTP Request: POST https://api.deepseek.com/chat/completions "HTTP/1.1 200 OK"
2026-05-21 23:42:32,646 - INFO - HTTP Request: POST https://api.deepseek.com/chat/completions "HTTP/1.1 200 OK"
2026-05-21 23:42:36,283 - INFO - Loading model: microsoft/codebert-base-mlm
/data/users/eliassam/miniforge3/lib/python3.12/site-packages/transformers/tokenization_utils_base.py:1601: FutureWarning: `clean_up_tokenization_spaces` was not set. It will be set to `True` by default. This behavior will be depracted in transformers v4.45, and will be then set to `False` by default. For more details check this issue: https://github.com/huggingface/transformers/issues/31884
  warnings.warn(
Some weights of the model checkpoint at microsoft/codebert-base-mlm were not used when initializing RobertaForMaskedLM: ['roberta.pooler.dense.bias', 'roberta.pooler.dense.weight']
- This IS expected if you are initializing RobertaForMaskedLM from the checkpoint of a model trained on another task or with another architecture (e.g. initializing a BertForSequenceClassification model from a BertForPreTraining model).
- This IS NOT expected if you are initializing RobertaForMaskedLM from the checkpoint of a model that you expect to be exactly identical (initializing a BertForSequenceClassification model from a BertForSequenceClassification model).
2026-05-21 23:42:38,603 - INFO - Processed __main__.dot: Score=0.5018 (1 paths)
2026-05-21 23:42:39,184 - INFO - Processed test_case_0.dot: Score=0.4216 (2 paths)
2026-05-21 23:42:39,255 - INFO - Processed test_case_1.dot: Score=0.5275 (1 paths)
2026-05-21 23:42:39,636 - INFO - Processed test_case_2.dot: Score=0.2692 (5 paths)
2026-05-21 23:42:40,142 - INFO - Processed test_case_3.dot: Score=0.2446 (6 paths)
2026-05-21 23:42:40,240 - INFO - Processed __main__.dot: Score=0.4428 (1 paths)
2026-05-21 23:42:40,325 - INFO - Processed test_yield_from_transformer_visits_none.dot: Score=0.3597 (1 paths)
2026-05-21 23:42:40,406 - INFO - Processed test_yield_from_transformer_initialization_with_none.dot: Score=0.3299 (1 paths)
2026-05-21 23:42:40,839 - INFO - Processed test_yield_from_transformer_visits_while_loop_with_none_tree.dot: Score=0.2363 (5 paths)
2026-05-21 23:42:41,463 - INFO - Processed test_yield_from_transformer_visits_while_with_none_kwargs.dot: Score=0.1968 (6 paths)
<unknown>:24: SyntaxWarning: invalid escape sequence '\['
<unknown>:25: SyntaxWarning: invalid escape sequence '\['
<unknown>:26: SyntaxWarning: invalid escape sequence '\('
<unknown>:27: SyntaxWarning: invalid escape sequence '\('
<unknown>:28: SyntaxWarning: invalid escape sequence '\e'
2026-05-21 23:42:51,147 - INFO - HTTP Request: POST https://api.deepseek.com/chat/completions "HTTP/1.1 200 OK"
2026-05-21 23:43:01,336 - INFO - HTTP Request: POST https://api.deepseek.com/chat/completions "HTTP/1.1 200 OK"
2026-05-21 23:43:02,343 - INFO - HTTP Request: POST https://api.deepseek.com/chat/completions "HTTP/1.1 200 OK"
2026-05-21 23:43:12,037 - INFO - HTTP Request: POST https://api.deepseek.com/chat/completions "HTTP/1.1 200 OK"
2026-05-21 23:43:13,025 - INFO - HTTP Request: POST https://api.deepseek.com/chat/completions "HTTP/1.1 200 OK"
2026-05-21 23:43:22,672 - INFO - HTTP Request: POST https://api.deepseek.com/chat/completions "HTTP/1.1 200 OK"
2026-05-21 23:43:24,292 - INFO - HTTP Request: POST https://api.deepseek.com/chat/completions "HTTP/1.1 200 OK"
2026-05-21 23:43:34,228 - INFO - HTTP Request: POST https://api.deepseek.com/chat/completions "HTTP/1.1 200 OK"
2026-05-21 23:43:35,781 - INFO - HTTP Request: POST https://api.deepseek.com/chat/completions "HTTP/1.1 200 OK"
2026-05-21 23:43:39,099 - INFO - HTTP Request: POST https://api.deepseek.com/chat/completions "HTTP/1.1 200 OK"
2026-05-21 23:43:42,831 - INFO - Loading model: microsoft/codebert-base-mlm
/data/users/eliassam/miniforge3/lib/python3.12/site-packages/transformers/tokenization_utils_base.py:1601: FutureWarning: `clean_up_tokenization_spaces` was not set. It will be set to `True` by default. This behavior will be depracted in transformers v4.45, and will be then set to `False` by default. For more details check this issue: https://github.com/huggingface/transformers/issues/31884
  warnings.warn(
Some weights of the model checkpoint at microsoft/codebert-base-mlm were not used when initializing RobertaForMaskedLM: ['roberta.pooler.dense.bias', 'roberta.pooler.dense.weight']
- This IS expected if you are initializing RobertaForMaskedLM from the checkpoint of a model trained on another task or with another architecture (e.g. initializing a BertForSequenceClassification model from a BertForPreTraining model).
- This IS NOT expected if you are initializing RobertaForMaskedLM from the checkpoint of a model that you expect to be exactly identical (initializing a BertForSequenceClassification model from a BertForSequenceClassification model).
2026-05-21 23:43:45,106 - INFO - Processed __main__.dot: Score=0.5018 (1 paths)
2026-05-21 23:43:45,246 - INFO - Processed test_case_0.dot: Score=0.4216 (2 paths)
2026-05-21 23:43:45,325 - INFO - Processed test_case_1.dot: Score=0.5275 (1 paths)
2026-05-21 23:43:45,705 - INFO - Processed test_case_2.dot: Score=0.2692 (5 paths)
2026-05-21 23:43:46,217 - INFO - Processed test_case_3.dot: Score=0.2446 (6 paths)
2026-05-21 23:43:46,308 - INFO - Processed __main__.dot: Score=0.4552 (1 paths)
2026-05-21 23:43:46,444 - INFO - Processed test_yield_from_transformer_with_none_tree_and_root.dot: Score=0.3104 (2 paths)
2026-05-21 23:43:46,515 - INFO - Processed test_yield_from_transformer_creation_with_none_tree.dot: Score=0.3087 (1 paths)
2026-05-21 23:43:46,925 - INFO - Processed test_visit_while_with_multiple_child_lists.dot: Score=0.2126 (5 paths)
2026-05-21 23:43:47,485 - INFO - Processed test_visit_while_with_yield_from_transformer.dot: Score=0.2118 (6 paths)
<unknown>:24: SyntaxWarning: invalid escape sequence '\['
<unknown>:25: SyntaxWarning: invalid escape sequence '\['
<unknown>:26: SyntaxWarning: invalid escape sequence '\('
<unknown>:27: SyntaxWarning: invalid escape sequence '\('
<unknown>:28: SyntaxWarning: invalid escape sequence '\e'
2026-05-21 23:43:57,534 - INFO - HTTP Request: POST https://api.deepseek.com/chat/completions "HTTP/1.1 200 OK"
2026-05-21 23:44:08,110 - INFO - HTTP Request: POST https://api.deepseek.com/chat/completions "HTTP/1.1 200 OK"
2026-05-21 23:44:09,161 - INFO - HTTP Request: POST https://api.deepseek.com/chat/completions "HTTP/1.1 200 OK"
2026-05-21 23:44:18,717 - INFO - HTTP Request: POST https://api.deepseek.com/chat/completions "HTTP/1.1 200 OK"
2026-05-21 23:44:19,663 - INFO - HTTP Request: POST https://api.deepseek.com/chat/completions "HTTP/1.1 200 OK"
2026-05-21 23:44:29,273 - INFO - HTTP Request: POST https://api.deepseek.com/chat/completions "HTTP/1.1 200 OK"
2026-05-21 23:44:31,189 - INFO - HTTP Request: POST https://api.deepseek.com/chat/completions "HTTP/1.1 200 OK"
2026-05-21 23:44:40,936 - INFO - HTTP Request: POST https://api.deepseek.com/chat/completions "HTTP/1.1 200 OK"
2026-05-21 23:44:42,701 - INFO - HTTP Request: POST https://api.deepseek.com/chat/completions "HTTP/1.1 200 OK"
2026-05-21 23:44:46,766 - INFO - HTTP Request: POST https://api.deepseek.com/chat/completions "HTTP/1.1 200 OK"
2026-05-21 23:44:50,580 - INFO - Loading model: microsoft/codebert-base-mlm
/data/users/eliassam/miniforge3/lib/python3.12/site-packages/transformers/tokenization_utils_base.py:1601: FutureWarning: `clean_up_tokenization_spaces` was not set. It will be set to `True` by default. This behavior will be depracted in transformers v4.45, and will be then set to `False` by default. For more details check this issue: https://github.com/huggingface/transformers/issues/31884
  warnings.warn(
Some weights of the model checkpoint at microsoft/codebert-base-mlm were not used when initializing RobertaForMaskedLM: ['roberta.pooler.dense.bias', 'roberta.pooler.dense.weight']
- This IS expected if you are initializing RobertaForMaskedLM from the checkpoint of a model trained on another task or with another architecture (e.g. initializing a BertForSequenceClassification model from a BertForPreTraining model).
- This IS NOT expected if you are initializing RobertaForMaskedLM from the checkpoint of a model that you expect to be exactly identical (initializing a BertForSequenceClassification model from a BertForSequenceClassification model).
2026-05-21 23:44:52,643 - INFO - Processed __main__.dot: Score=0.5018 (1 paths)
2026-05-21 23:44:53,193 - INFO - Processed test_case_0.dot: Score=0.4216 (2 paths)
2026-05-21 23:44:53,265 - INFO - Processed test_case_1.dot: Score=0.5275 (1 paths)
2026-05-21 23:44:53,792 - INFO - Processed test_case_2.dot: Score=0.2692 (5 paths)
2026-05-21 23:44:54,295 - INFO - Processed test_case_3.dot: Score=0.2446 (6 paths)
2026-05-21 23:44:54,392 - INFO - Processed __main__.dot: Score=0.4552 (1 paths)
2026-05-21 23:44:54,999 - INFO - Processed test_yield_from_transformer_accepts_none.dot: Score=0.3019 (2 paths)
2026-05-21 23:44:55,082 - INFO - Processed test_yield_from_transformer_initialization_with_none.dot: Score=0.3067 (1 paths)
2026-05-21 23:44:55,510 - INFO - Processed test_yield_from_transformer_visits_while_loop_with_none_lists.dot: Score=0.2674 (5 paths)
2026-05-21 23:44:56,112 - INFO - Processed test_yield_from_transformer_visits_while_with_none_types.dot: Score=0.1929 (6 paths)
<unknown>:24: SyntaxWarning: invalid escape sequence '\['
<unknown>:25: SyntaxWarning: invalid escape sequence '\['
<unknown>:26: SyntaxWarning: invalid escape sequence '\('
<unknown>:27: SyntaxWarning: invalid escape sequence '\('
<unknown>:28: SyntaxWarning: invalid escape sequence '\e'
2026-05-21 23:45:06,381 - INFO - HTTP Request: POST https://api.deepseek.com/chat/completions "HTTP/1.1 200 OK"
2026-05-21 23:45:16,478 - INFO - HTTP Request: POST https://api.deepseek.com/chat/completions "HTTP/1.1 200 OK"
2026-05-21 23:45:17,805 - INFO - HTTP Request: POST https://api.deepseek.com/chat/completions "HTTP/1.1 200 OK"
2026-05-21 23:45:27,532 - INFO - HTTP Request: POST https://api.deepseek.com/chat/completions "HTTP/1.1 200 OK"
2026-05-21 23:45:28,420 - INFO - HTTP Request: POST https://api.deepseek.com/chat/completions "HTTP/1.1 200 OK"
2026-05-21 23:45:37,677 - INFO - HTTP Request: POST https://api.deepseek.com/chat/completions "HTTP/1.1 200 OK"
2026-05-21 23:45:38,779 - INFO - HTTP Request: POST https://api.deepseek.com/chat/completions "HTTP/1.1 200 OK"
2026-05-21 23:45:48,347 - INFO - HTTP Request: POST https://api.deepseek.com/chat/completions "HTTP/1.1 200 OK"
2026-05-21 23:45:49,784 - INFO - HTTP Request: POST https://api.deepseek.com/chat/completions "HTTP/1.1 200 OK"
2026-05-21 23:45:59,669 - INFO - HTTP Request: POST https://api.deepseek.com/chat/completions "HTTP/1.1 200 OK"
2026-05-21 23:46:00,761 - INFO - HTTP Request: POST https://api.deepseek.com/chat/completions "HTTP/1.1 200 OK"
2026-05-21 23:46:11,983 - INFO - HTTP Request: POST https://api.deepseek.com/chat/completions "HTTP/1.1 200 OK"
2026-05-21 23:46:13,632 - INFO - HTTP Request: POST https://api.deepseek.com/chat/completions "HTTP/1.1 200 OK"
2026-05-21 23:46:17,340 - INFO - HTTP Request: POST https://api.deepseek.com/chat/completions "HTTP/1.1 200 OK"
2026-05-21 23:46:21,074 - INFO - Loading model: microsoft/codebert-base-mlm
/data/users/eliassam/miniforge3/lib/python3.12/site-packages/transformers/tokenization_utils_base.py:1601: FutureWarning: `clean_up_tokenization_spaces` was not set. It will be set to `True` by default. This behavior will be depracted in transformers v4.45, and will be then set to `False` by default. For more details check this issue: https://github.com/huggingface/transformers/issues/31884
  warnings.warn(
Some weights of the model checkpoint at microsoft/codebert-base-mlm were not used when initializing RobertaForMaskedLM: ['roberta.pooler.dense.bias', 'roberta.pooler.dense.weight']
- This IS expected if you are initializing RobertaForMaskedLM from the checkpoint of a model trained on another task or with another architecture (e.g. initializing a BertForSequenceClassification model from a BertForPreTraining model).
- This IS NOT expected if you are initializing RobertaForMaskedLM from the checkpoint of a model that you expect to be exactly identical (initializing a BertForSequenceClassification model from a BertForSequenceClassification model).
2026-05-21 23:46:22,362 - INFO - Processed __main__.dot: Score=0.6412 (1 paths)
2026-05-21 23:46:22,436 - INFO - Processed test_case_0.dot: Score=0.4385 (1 paths)
2026-05-21 23:46:22,497 - INFO - Processed test_case_1.dot: Score=0.5823 (1 paths)
2026-05-21 23:46:22,575 - INFO - Processed test_case_2.dot: Score=0.3549 (1 paths)
2026-05-21 23:46:22,945 - INFO - Processed test_case_3.dot: Score=0.2686 (5 paths)
2026-05-21 23:46:23,015 - INFO - Processed test_case_4.dot: Score=0.5192 (1 paths)
2026-05-21 23:46:23,156 - INFO - Processed test_case_5.dot: Score=0.4185 (2 paths)
2026-05-21 23:46:23,253 - INFO - Processed __main__.dot: Score=0.6537 (1 paths)
2026-05-21 23:46:23,334 - INFO - Processed test_purge_should_log_debug_message.dot: Score=0.3786 (1 paths)
2026-05-21 23:46:23,408 - INFO - Processed test_variables_generator_creates_instance.dot: Score=0.4061 (1 paths)
2026-05-21 23:46:23,490 - INFO - Processed test_variables_generator_can_be_passed_to_eager.dot: Score=0.3153 (1 paths)
2026-05-21 23:46:23,906 - INFO - Processed test_debug_and_warn_interact_with_eager_and_variables_generator.dot: Score=0.1987 (5 paths)
2026-05-21 23:46:23,988 - INFO - Processed test_warn_raises_warning_for_proxy_handler_string.dot: Score=0.5348 (1 paths)
2026-05-21 23:46:24,157 - INFO - Processed test_eager_execution_with_none_module_and_callable_start.dot: Score=0.3754 (2 paths)
<unknown>:24: SyntaxWarning: invalid escape sequence '\['
<unknown>:25: SyntaxWarning: invalid escape sequence '\['
<unknown>:26: SyntaxWarning: invalid escape sequence '\('
<unknown>:27: SyntaxWarning: invalid escape sequence '\('
<unknown>:28: SyntaxWarning: invalid escape sequence '\e'
2026-05-21 23:46:35,263 - INFO - HTTP Request: POST https://api.deepseek.com/chat/completions "HTTP/1.1 200 OK"
2026-05-21 23:46:47,313 - INFO - HTTP Request: POST https://api.deepseek.com/chat/completions "HTTP/1.1 200 OK"
2026-05-21 23:46:48,668 - INFO - HTTP Request: POST https://api.deepseek.com/chat/completions "HTTP/1.1 200 OK"
2026-05-21 23:46:58,265 - INFO - HTTP Request: POST https://api.deepseek.com/chat/completions "HTTP/1.1 200 OK"
2026-05-21 23:46:59,256 - INFO - HTTP Request: POST https://api.deepseek.com/chat/completions "HTTP/1.1 200 OK"
2026-05-21 23:47:09,163 - INFO - HTTP Request: POST https://api.deepseek.com/chat/completions "HTTP/1.1 200 OK"
2026-05-21 23:47:10,227 - INFO - HTTP Request: POST https://api.deepseek.com/chat/completions "HTTP/1.1 200 OK"
2026-05-21 23:47:19,767 - INFO - HTTP Request: POST https://api.deepseek.com/chat/completions "HTTP/1.1 200 OK"
2026-05-21 23:47:21,130 - INFO - HTTP Request: POST https://api.deepseek.com/chat/completions "HTTP/1.1 200 OK"
2026-05-21 23:47:30,944 - INFO - HTTP Request: POST https://api.deepseek.com/chat/completions "HTTP/1.1 200 OK"
2026-05-21 23:47:32,135 - INFO - HTTP Request: POST https://api.deepseek.com/chat/completions "HTTP/1.1 200 OK"
2026-05-21 23:47:43,175 - INFO - HTTP Request: POST https://api.deepseek.com/chat/completions "HTTP/1.1 200 OK"
2026-05-21 23:47:45,348 - INFO - HTTP Request: POST https://api.deepseek.com/chat/completions "HTTP/1.1 200 OK"
2026-05-21 23:47:48,139 - INFO - HTTP Request: POST https://api.deepseek.com/chat/completions "HTTP/1.1 200 OK"
2026-05-21 23:47:51,826 - INFO - Loading model: microsoft/codebert-base-mlm
/data/users/eliassam/miniforge3/lib/python3.12/site-packages/transformers/tokenization_utils_base.py:1601: FutureWarning: `clean_up_tokenization_spaces` was not set. It will be set to `True` by default. This behavior will be depracted in transformers v4.45, and will be then set to `False` by default. For more details check this issue: https://github.com/huggingface/transformers/issues/31884
  warnings.warn(
Some weights of the model checkpoint at microsoft/codebert-base-mlm were not used when initializing RobertaForMaskedLM: ['roberta.pooler.dense.bias', 'roberta.pooler.dense.weight']
- This IS expected if you are initializing RobertaForMaskedLM from the checkpoint of a model trained on another task or with another architecture (e.g. initializing a BertForSequenceClassification model from a BertForPreTraining model).
- This IS NOT expected if you are initializing RobertaForMaskedLM from the checkpoint of a model that you expect to be exactly identical (initializing a BertForSequenceClassification model from a BertForSequenceClassification model).
2026-05-21 23:47:53,977 - INFO - Processed __main__.dot: Score=0.6412 (1 paths)
2026-05-21 23:47:54,249 - INFO - Processed test_case_0.dot: Score=0.4385 (1 paths)
2026-05-21 23:47:54,309 - INFO - Processed test_case_1.dot: Score=0.5823 (1 paths)
2026-05-21 23:47:54,386 - INFO - Processed test_case_2.dot: Score=0.3549 (1 paths)
2026-05-21 23:47:54,757 - INFO - Processed test_case_3.dot: Score=0.2686 (5 paths)
2026-05-21 23:47:54,826 - INFO - Processed test_case_4.dot: Score=0.5192 (1 paths)
2026-05-21 23:47:54,967 - INFO - Processed test_case_5.dot: Score=0.4185 (2 paths)
2026-05-21 23:47:55,069 - INFO - Processed __main__.dot: Score=0.5884 (1 paths)
2026-05-21 23:47:55,150 - INFO - Processed test_purge_result_can_be_debugged.dot: Score=0.4731 (1 paths)
2026-05-21 23:47:55,224 - INFO - Processed test_variables_generator_initialization.dot: Score=0.6256 (1 paths)
2026-05-21 23:47:55,308 - INFO - Processed test_variables_generator_is_eagerly_evaluated.dot: Score=0.3853 (1 paths)
2026-05-21 23:47:55,746 - INFO - Processed test_eager_debug_warn_source_operations_with_variables_generator.dot: Score=0.2070 (5 paths)
2026-05-21 23:47:55,827 - INFO - Processed test_warn_proxy_handler_message.dot: Score=0.4193 (1 paths)
2026-05-21 23:47:55,922 - INFO - Processed test_eager_callable_accepts_start_parameter.dot: Score=0.3041 (1 paths)
<unknown>:24: SyntaxWarning: invalid escape sequence '\['
<unknown>:25: SyntaxWarning: invalid escape sequence '\['
<unknown>:26: SyntaxWarning: invalid escape sequence '\('
<unknown>:27: SyntaxWarning: invalid escape sequence '\('
<unknown>:28: SyntaxWarning: invalid escape sequence '\e'
2026-05-21 23:48:06,921 - INFO - HTTP Request: POST https://api.deepseek.com/chat/completions "HTTP/1.1 200 OK"
2026-05-21 23:48:16,999 - INFO - HTTP Request: POST https://api.deepseek.com/chat/completions "HTTP/1.1 200 OK"
2026-05-21 23:48:18,185 - INFO - HTTP Request: POST https://api.deepseek.com/chat/completions "HTTP/1.1 200 OK"
2026-05-21 23:48:27,667 - INFO - HTTP Request: POST https://api.deepseek.com/chat/completions "HTTP/1.1 200 OK"
2026-05-21 23:48:28,691 - INFO - HTTP Request: POST https://api.deepseek.com/chat/completions "HTTP/1.1 200 OK"
2026-05-21 23:48:37,962 - INFO - HTTP Request: POST https://api.deepseek.com/chat/completions "HTTP/1.1 200 OK"
2026-05-21 23:48:38,975 - INFO - HTTP Request: POST https://api.deepseek.com/chat/completions "HTTP/1.1 200 OK"
2026-05-21 23:48:48,625 - INFO - HTTP Request: POST https://api.deepseek.com/chat/completions "HTTP/1.1 200 OK"
2026-05-21 23:48:51,119 - INFO - HTTP Request: POST https://api.deepseek.com/chat/completions "HTTP/1.1 200 OK"
2026-05-21 23:49:01,097 - INFO - HTTP Request: POST https://api.deepseek.com/chat/completions "HTTP/1.1 200 OK"
2026-05-21 23:49:02,097 - INFO - HTTP Request: POST https://api.deepseek.com/chat/completions "HTTP/1.1 200 OK"
2026-05-21 23:49:12,998 - INFO - HTTP Request: POST https://api.deepseek.com/chat/completions "HTTP/1.1 200 OK"
2026-05-21 23:49:14,356 - INFO - HTTP Request: POST https://api.deepseek.com/chat/completions "HTTP/1.1 200 OK"
2026-05-21 23:49:17,635 - INFO - HTTP Request: POST https://api.deepseek.com/chat/completions "HTTP/1.1 200 OK"
2026-05-21 23:49:22,031 - INFO - Loading model: microsoft/codebert-base-mlm
/data/users/eliassam/miniforge3/lib/python3.12/site-packages/transformers/tokenization_utils_base.py:1601: FutureWarning: `clean_up_tokenization_spaces` was not set. It will be set to `True` by default. This behavior will be depracted in transformers v4.45, and will be then set to `False` by default. For more details check this issue: https://github.com/huggingface/transformers/issues/31884
  warnings.warn(
Some weights of the model checkpoint at microsoft/codebert-base-mlm were not used when initializing RobertaForMaskedLM: ['roberta.pooler.dense.bias', 'roberta.pooler.dense.weight']
- This IS expected if you are initializing RobertaForMaskedLM from the checkpoint of a model trained on another task or with another architecture (e.g. initializing a BertForSequenceClassification model from a BertForPreTraining model).
- This IS NOT expected if you are initializing RobertaForMaskedLM from the checkpoint of a model that you expect to be exactly identical (initializing a BertForSequenceClassification model from a BertForSequenceClassification model).
2026-05-21 23:49:24,088 - INFO - Processed __main__.dot: Score=0.6412 (1 paths)
2026-05-21 23:49:24,162 - INFO - Processed test_case_0.dot: Score=0.4385 (1 paths)
2026-05-21 23:49:24,223 - INFO - Processed test_case_1.dot: Score=0.5823 (1 paths)
2026-05-21 23:49:24,303 - INFO - Processed test_case_2.dot: Score=0.3549 (1 paths)
2026-05-21 23:49:28,009 - INFO - Processed test_case_3.dot: Score=0.2686 (5 paths)
2026-05-21 23:49:28,081 - INFO - Processed test_case_4.dot: Score=0.5192 (1 paths)
2026-05-21 23:49:28,223 - INFO - Processed test_case_5.dot: Score=0.4185 (2 paths)
2026-05-21 23:49:28,323 - INFO - Processed __main__.dot: Score=0.6558 (1 paths)
2026-05-21 23:49:28,405 - INFO - Processed test_purge_logs_debug_message.dot: Score=0.4489 (1 paths)
2026-05-21 23:49:28,482 - INFO - Processed test_variables_generator_can_be_created_without_arguments.dot: Score=0.4207 (1 paths)
2026-05-21 23:49:28,567 - INFO - Processed test_variables_generator_initialization_and_eager_execution.dot: Score=0.4090 (1 paths)
2026-05-21 23:49:28,986 - INFO - Processed test_debug_and_warn_with_eager_and_variables_generator.dot: Score=0.2259 (5 paths)
2026-05-21 23:49:29,068 - INFO - Processed test_warn_proxyhandler_suppresses_exception.dot: Score=0.3403 (1 paths)
2026-05-21 23:49:29,162 - INFO - Processed test_eager_function_called_with_self_as_start_parameter.dot: Score=0.2373 (1 paths)
<unknown>:24: SyntaxWarning: invalid escape sequence '\['
<unknown>:25: SyntaxWarning: invalid escape sequence '\['
<unknown>:26: SyntaxWarning: invalid escape sequence '\('
<unknown>:27: SyntaxWarning: invalid escape sequence '\('
<unknown>:28: SyntaxWarning: invalid escape sequence '\e'
2026-05-21 23:49:39,142 - INFO - HTTP Request: POST https://api.deepseek.com/chat/completions "HTTP/1.1 200 OK"
2026-05-21 23:49:49,125 - INFO - HTTP Request: POST https://api.deepseek.com/chat/completions "HTTP/1.1 200 OK"
2026-05-21 23:49:50,972 - INFO - HTTP Request: POST https://api.deepseek.com/chat/completions "HTTP/1.1 200 OK"
2026-05-21 23:50:00,969 - INFO - HTTP Request: POST https://api.deepseek.com/chat/completions "HTTP/1.1 200 OK"
2026-05-21 23:50:04,017 - INFO - HTTP Request: POST https://api.deepseek.com/chat/completions "HTTP/1.1 200 OK"
2026-05-21 23:50:14,376 - INFO - HTTP Request: POST https://api.deepseek.com/chat/completions "HTTP/1.1 200 OK"
2026-05-21 23:50:15,710 - INFO - HTTP Request: POST https://api.deepseek.com/chat/completions "HTTP/1.1 200 OK"
2026-05-21 23:50:25,225 - INFO - HTTP Request: POST https://api.deepseek.com/chat/completions "HTTP/1.1 200 OK"
2026-05-21 23:50:26,459 - INFO - HTTP Request: POST https://api.deepseek.com/chat/completions "HTTP/1.1 200 OK"
2026-05-21 23:50:36,164 - INFO - HTTP Request: POST https://api.deepseek.com/chat/completions "HTTP/1.1 200 OK"
2026-05-21 23:50:38,065 - INFO - HTTP Request: POST https://api.deepseek.com/chat/completions "HTTP/1.1 200 OK"
2026-05-21 23:50:48,473 - INFO - HTTP Request: POST https://api.deepseek.com/chat/completions "HTTP/1.1 200 OK"
2026-05-21 23:50:49,813 - INFO - HTTP Request: POST https://api.deepseek.com/chat/completions "HTTP/1.1 200 OK"
2026-05-21 23:50:59,389 - INFO - HTTP Request: POST https://api.deepseek.com/chat/completions "HTTP/1.1 200 OK"
2026-05-21 23:51:00,840 - INFO - HTTP Request: POST https://api.deepseek.com/chat/completions "HTTP/1.1 200 OK"
2026-05-21 23:51:10,840 - INFO - HTTP Request: POST https://api.deepseek.com/chat/completions "HTTP/1.1 200 OK"
2026-05-21 23:51:12,409 - INFO - HTTP Request: POST https://api.deepseek.com/chat/completions "HTTP/1.1 200 OK"
2026-05-21 23:51:22,291 - INFO - HTTP Request: POST https://api.deepseek.com/chat/completions "HTTP/1.1 200 OK"
2026-05-21 23:51:23,873 - INFO - HTTP Request: POST https://api.deepseek.com/chat/completions "HTTP/1.1 200 OK"
2026-05-21 23:51:33,802 - INFO - HTTP Request: POST https://api.deepseek.com/chat/completions "HTTP/1.1 200 OK"
2026-05-21 23:51:35,637 - INFO - HTTP Request: POST https://api.deepseek.com/chat/completions "HTTP/1.1 200 OK"
2026-05-21 23:51:45,758 - INFO - HTTP Request: POST https://api.deepseek.com/chat/completions "HTTP/1.1 200 OK"
2026-05-21 23:51:47,251 - INFO - HTTP Request: POST https://api.deepseek.com/chat/completions "HTTP/1.1 200 OK"
2026-05-21 23:51:56,863 - INFO - HTTP Request: POST https://api.deepseek.com/chat/completions "HTTP/1.1 200 OK"
2026-05-21 23:51:57,982 - INFO - HTTP Request: POST https://api.deepseek.com/chat/completions "HTTP/1.1 200 OK"
2026-05-21 23:52:08,197 - INFO - HTTP Request: POST https://api.deepseek.com/chat/completions "HTTP/1.1 200 OK"
2026-05-21 23:52:09,369 - INFO - HTTP Request: POST https://api.deepseek.com/chat/completions "HTTP/1.1 200 OK"
2026-05-21 23:52:18,837 - INFO - HTTP Request: POST https://api.deepseek.com/chat/completions "HTTP/1.1 200 OK"
2026-05-21 23:52:20,034 - INFO - HTTP Request: POST https://api.deepseek.com/chat/completions "HTTP/1.1 200 OK"
2026-05-21 23:52:29,713 - INFO - HTTP Request: POST https://api.deepseek.com/chat/completions "HTTP/1.1 200 OK"
2026-05-21 23:52:31,299 - INFO - HTTP Request: POST https://api.deepseek.com/chat/completions "HTTP/1.1 200 OK"
2026-05-21 23:52:41,303 - INFO - HTTP Request: POST https://api.deepseek.com/chat/completions "HTTP/1.1 200 OK"
2026-05-21 23:52:42,137 - INFO - HTTP Request: POST https://api.deepseek.com/chat/completions "HTTP/1.1 200 OK"
2026-05-21 23:52:51,650 - INFO - HTTP Request: POST https://api.deepseek.com/chat/completions "HTTP/1.1 200 OK"
2026-05-21 23:52:53,025 - INFO - HTTP Request: POST https://api.deepseek.com/chat/completions "HTTP/1.1 200 OK"
2026-05-21 23:53:02,989 - INFO - HTTP Request: POST https://api.deepseek.com/chat/completions "HTTP/1.1 200 OK"
2026-05-21 23:53:04,362 - INFO - HTTP Request: POST https://api.deepseek.com/chat/completions "HTTP/1.1 200 OK"
2026-05-21 23:53:14,973 - INFO - HTTP Request: POST https://api.deepseek.com/chat/completions "HTTP/1.1 200 OK"
2026-05-21 23:53:16,488 - INFO - HTTP Request: POST https://api.deepseek.com/chat/completions "HTTP/1.1 200 OK"
2026-05-21 23:53:26,627 - INFO - HTTP Request: POST https://api.deepseek.com/chat/completions "HTTP/1.1 200 OK"
2026-05-21 23:53:27,934 - INFO - HTTP Request: POST https://api.deepseek.com/chat/completions "HTTP/1.1 200 OK"
2026-05-21 23:53:38,176 - INFO - HTTP Request: POST https://api.deepseek.com/chat/completions "HTTP/1.1 200 OK"
2026-05-21 23:53:40,069 - INFO - HTTP Request: POST https://api.deepseek.com/chat/completions "HTTP/1.1 200 OK"
2026-05-21 23:53:50,399 - INFO - HTTP Request: POST https://api.deepseek.com/chat/completions "HTTP/1.1 200 OK"
2026-05-21 23:53:52,382 - INFO - HTTP Request: POST https://api.deepseek.com/chat/completions "HTTP/1.1 200 OK"
2026-05-21 23:54:03,307 - INFO - HTTP Request: POST https://api.deepseek.com/chat/completions "HTTP/1.1 200 OK"
2026-05-21 23:54:05,020 - INFO - HTTP Request: POST https://api.deepseek.com/chat/completions "HTTP/1.1 200 OK"
2026-05-21 23:54:08,877 - INFO - HTTP Request: POST https://api.deepseek.com/chat/completions "HTTP/1.1 200 OK"
2026-05-21 23:54:23,061 - INFO - Loading model: microsoft/codebert-base-mlm
/data/users/eliassam/miniforge3/lib/python3.12/site-packages/transformers/tokenization_utils_base.py:1601: FutureWarning: `clean_up_tokenization_spaces` was not set. It will be set to `True` by default. This behavior will be depracted in transformers v4.45, and will be then set to `False` by default. For more details check this issue: https://github.com/huggingface/transformers/issues/31884
  warnings.warn(
Some weights of the model checkpoint at microsoft/codebert-base-mlm were not used when initializing RobertaForMaskedLM: ['roberta.pooler.dense.bias', 'roberta.pooler.dense.weight']
- This IS expected if you are initializing RobertaForMaskedLM from the checkpoint of a model trained on another task or with another architecture (e.g. initializing a BertForSequenceClassification model from a BertForPreTraining model).
- This IS NOT expected if you are initializing RobertaForMaskedLM from the checkpoint of a model that you expect to be exactly identical (initializing a BertForSequenceClassification model from a BertForSequenceClassification model).
2026-05-21 23:54:25,198 - INFO - Processed __main__.dot: Score=0.8214 (1 paths)
2026-05-21 23:54:26,365 - INFO - Processed test_case_0.dot: Score=0.2621 (10 paths)
2026-05-21 23:54:27,100 - INFO - Processed test_case_1.dot: Score=0.3545 (9 paths)
2026-05-21 23:54:27,301 - INFO - Processed test_case_2.dot: Score=0.5200 (3 paths)
2026-05-21 23:54:27,433 - INFO - Processed test_case_3.dot: Score=0.4166 (2 paths)
2026-05-21 23:54:27,584 - INFO - Processed test_case_4.dot: Score=0.3706 (2 paths)
2026-05-21 23:54:27,727 - INFO - Processed test_case_5.dot: Score=0.6266 (2 paths)
2026-05-21 23:54:27,871 - INFO - Processed test_case_6.dot: Score=0.6387 (2 paths)
2026-05-21 23:54:28,168 - INFO - Processed test_case_7.dot: Score=0.2639 (4 paths)
2026-05-21 23:54:28,375 - INFO - Processed test_case_8.dot: Score=0.2760 (3 paths)
2026-05-21 23:54:28,853 - INFO - Processed test_case_9.dot: Score=0.3517 (7 paths)
2026-05-21 23:54:28,920 - INFO - Processed test_case_10.dot: Score=0.7147 (1 paths)
2026-05-21 23:54:29,056 - INFO - Processed test_case_11.dot: Score=0.5872 (2 paths)
2026-05-21 23:54:29,189 - INFO - Processed test_case_12.dot: Score=0.5387 (2 paths)
2026-05-21 23:54:29,259 - INFO - Processed test_case_13.dot: Score=0.6897 (1 paths)
2026-05-21 23:54:29,467 - INFO - Processed test_case_14.dot: Score=0.5443 (3 paths)
2026-05-21 23:54:29,515 - INFO - Processed test_case_15.dot: Score=0.6536 (1 paths)
2026-05-21 23:54:29,647 - INFO - Processed test_case_16.dot: Score=0.6411 (2 paths)
2026-05-21 23:54:29,781 - INFO - Processed test_case_17.dot: Score=0.6048 (2 paths)
2026-05-21 23:54:30,037 - INFO - Processed test_case_18.dot: Score=0.3376 (4 paths)
2026-05-21 23:54:30,236 - INFO - Processed test_case_19.dot: Score=0.4667 (3 paths)
2026-05-21 23:54:31,586 - INFO - Processed test_case_20.dot: Score=0.3443 (14 paths)
2026-05-21 23:54:32,394 - INFO - Processed test_case_21.dot: Score=0.3126 (10 paths)
2026-05-21 23:54:32,665 - INFO - Processed test_case_22.dot: Score=0.5441 (4 paths)
2026-05-21 23:54:32,768 - INFO - Processed __main__.dot: Score=0.6474 (1 paths)
2026-05-21 23:54:33,455 - INFO - Processed test_empty_immutable_list_operations.dot: Score=0.3236 (10 paths)
2026-05-21 23:54:34,188 - INFO - Processed test_immutable_list_equality_and_self_operations.dot: Score=0.2272 (9 paths)
2026-05-21 23:54:34,389 - INFO - Processed test_find_on_immutable_list_with_self_reference.dot: Score=0.4094 (3 paths)
2026-05-21 23:54:34,528 - INFO - Processed test_adding_none_to_immutable_list_returns_self.dot: Score=0.2990 (2 paths)
2026-05-21 23:54:34,708 - INFO - Processed test_find_returns_none_when_element_not_found_in_non_empty_list.dot: Score=0.2149 (2 paths)
2026-05-21 23:54:34,856 - INFO - Processed test_find_on_immutable_list_with_bool_elements.dot: Score=0.3248 (2 paths)
2026-05-21 23:54:35,013 - INFO - Processed test_to_list_and_find_on_empty_immutable_list_with_false_is_empty.dot: Score=0.3537 (2 paths)
2026-05-21 23:54:35,364 - INFO - Processed test_find_returns_none_when_item_not_found_and_append_with_self_then_to_list_with_none_addition.dot: Score=0.1956 (4 paths)
2026-05-21 23:54:35,586 - INFO - Processed test_to_list_and_map_interaction.dot: Score=0.3739 (3 paths)
2026-05-21 23:54:36,113 - INFO - Processed test_unshift_and_append_with_none_on_immutable_list.dot: Score=0.3386 (7 paths)
2026-05-21 23:54:36,197 - INFO - Processed test_filter_empty_immutable_list_with_self_as_predicate.dot: Score=0.3454 (1 paths)
2026-05-21 23:54:36,362 - INFO - Processed test_immutable_list_filter_with_own_length.dot: Score=0.2333 (2 paths)
2026-05-21 23:54:36,513 - INFO - Processed test_find_on_empty_list_returns_object_supporting_len.dot: Score=0.6233 (2 paths)
2026-05-21 23:54:36,601 - INFO - Processed test_find_on_immutable_list_with_bool_and_empty_flag.dot: Score=0.4704 (1 paths)
2026-05-21 23:54:36,859 - INFO - Processed test_reduce_with_false_initial_value_and_self_find_on_non_empty_list.dot: Score=0.2592 (3 paths)
2026-05-21 23:54:36,936 - INFO - Processed test_empty_immutable_list_creation_with_no_args.dot: Score=0.3879 (1 paths)
2026-05-21 23:54:37,089 - INFO - Processed test_find_on_single_false_element_with_empty_flag.dot: Score=0.3295 (2 paths)
2026-05-21 23:54:37,246 - INFO - Processed test_immutable_list_find_after_unshift_with_empty_false_flag.dot: Score=0.3420 (2 paths)
2026-05-21 23:54:37,535 - INFO - Processed test_find_on_non_empty_immutable_list_returns_correct_value.dot: Score=0.3245 (4 paths)
2026-05-21 23:54:37,765 - INFO - Processed test_immutable_list_find_after_append_and_length_check.dot: Score=0.4485 (3 paths)
2026-05-21 23:54:39,761 - INFO - Processed test_reduce_and_equality_with_self_reference.dot: Score=0.2428 (14 paths)
2026-05-21 23:54:42,668 - INFO - Processed test_reduce_self_reference_and_find_on_empty_and_nested_immutable_lists.dot: Score=0.2449 (10 paths)
2026-05-21 23:54:43,270 - INFO - Processed test_reduce_on_empty_flag_list_with_non_empty_tail_returns_empty_list.dot: Score=0.2947 (4 paths)
<unknown>:24: SyntaxWarning: invalid escape sequence '\['
<unknown>:25: SyntaxWarning: invalid escape sequence '\['
<unknown>:26: SyntaxWarning: invalid escape sequence '\('
<unknown>:27: SyntaxWarning: invalid escape sequence '\('
<unknown>:28: SyntaxWarning: invalid escape sequence '\e'
2026-05-21 23:54:51,460 - INFO - HTTP Request: POST https://api.deepseek.com/chat/completions "HTTP/1.1 200 OK"
2026-05-21 23:55:01,426 - INFO - HTTP Request: POST https://api.deepseek.com/chat/completions "HTTP/1.1 200 OK"
2026-05-21 23:55:03,148 - INFO - HTTP Request: POST https://api.deepseek.com/chat/completions "HTTP/1.1 200 OK"
2026-05-21 23:55:13,327 - INFO - HTTP Request: POST https://api.deepseek.com/chat/completions "HTTP/1.1 200 OK"
2026-05-21 23:55:15,261 - INFO - HTTP Request: POST https://api.deepseek.com/chat/completions "HTTP/1.1 200 OK"
2026-05-21 23:55:25,182 - INFO - HTTP Request: POST https://api.deepseek.com/chat/completions "HTTP/1.1 200 OK"
2026-05-21 23:55:26,895 - INFO - HTTP Request: POST https://api.deepseek.com/chat/completions "HTTP/1.1 200 OK"
2026-05-21 23:55:36,793 - INFO - HTTP Request: POST https://api.deepseek.com/chat/completions "HTTP/1.1 200 OK"
2026-05-21 23:55:37,885 - INFO - HTTP Request: POST https://api.deepseek.com/chat/completions "HTTP/1.1 200 OK"
2026-05-21 23:55:47,486 - INFO - HTTP Request: POST https://api.deepseek.com/chat/completions "HTTP/1.1 200 OK"
2026-05-21 23:55:48,930 - INFO - HTTP Request: POST https://api.deepseek.com/chat/completions "HTTP/1.1 200 OK"
2026-05-21 23:55:58,581 - INFO - HTTP Request: POST https://api.deepseek.com/chat/completions "HTTP/1.1 200 OK"
2026-05-21 23:55:59,704 - INFO - HTTP Request: POST https://api.deepseek.com/chat/completions "HTTP/1.1 200 OK"
2026-05-21 23:56:09,664 - INFO - HTTP Request: POST https://api.deepseek.com/chat/completions "HTTP/1.1 200 OK"
2026-05-21 23:56:10,863 - INFO - HTTP Request: POST https://api.deepseek.com/chat/completions "HTTP/1.1 200 OK"
2026-05-21 23:56:20,769 - INFO - HTTP Request: POST https://api.deepseek.com/chat/completions "HTTP/1.1 200 OK"
2026-05-21 23:56:22,438 - INFO - HTTP Request: POST https://api.deepseek.com/chat/completions "HTTP/1.1 200 OK"
2026-05-21 23:56:32,513 - INFO - HTTP Request: POST https://api.deepseek.com/chat/completions "HTTP/1.1 200 OK"
2026-05-21 23:56:34,506 - INFO - HTTP Request: POST https://api.deepseek.com/chat/completions "HTTP/1.1 200 OK"
2026-05-21 23:56:44,533 - INFO - HTTP Request: POST https://api.deepseek.com/chat/completions "HTTP/1.1 200 OK"
2026-05-21 23:56:46,386 - INFO - HTTP Request: POST https://api.deepseek.com/chat/completions "HTTP/1.1 200 OK"
2026-05-21 23:56:56,595 - INFO - HTTP Request: POST https://api.deepseek.com/chat/completions "HTTP/1.1 200 OK"
2026-05-21 23:56:58,028 - INFO - HTTP Request: POST https://api.deepseek.com/chat/completions "HTTP/1.1 200 OK"
2026-05-21 23:57:07,767 - INFO - HTTP Request: POST https://api.deepseek.com/chat/completions "HTTP/1.1 200 OK"
2026-05-21 23:57:09,055 - INFO - HTTP Request: POST https://api.deepseek.com/chat/completions "HTTP/1.1 200 OK"
2026-05-21 23:57:18,755 - INFO - HTTP Request: POST https://api.deepseek.com/chat/completions "HTTP/1.1 200 OK"
2026-05-21 23:57:20,381 - INFO - HTTP Request: POST https://api.deepseek.com/chat/completions "HTTP/1.1 200 OK"
2026-05-21 23:57:29,956 - INFO - HTTP Request: POST https://api.deepseek.com/chat/completions "HTTP/1.1 200 OK"
2026-05-21 23:57:31,301 - INFO - HTTP Request: POST https://api.deepseek.com/chat/completions "HTTP/1.1 200 OK"
2026-05-21 23:57:40,937 - INFO - HTTP Request: POST https://api.deepseek.com/chat/completions "HTTP/1.1 200 OK"
2026-05-21 23:57:42,663 - INFO - HTTP Request: POST https://api.deepseek.com/chat/completions "HTTP/1.1 200 OK"
2026-05-21 23:57:52,645 - INFO - HTTP Request: POST https://api.deepseek.com/chat/completions "HTTP/1.1 200 OK"
2026-05-21 23:57:53,594 - INFO - HTTP Request: POST https://api.deepseek.com/chat/completions "HTTP/1.1 200 OK"
2026-05-21 23:58:02,999 - INFO - HTTP Request: POST https://api.deepseek.com/chat/completions "HTTP/1.1 200 OK"
2026-05-21 23:58:04,296 - INFO - HTTP Request: POST https://api.deepseek.com/chat/completions "HTTP/1.1 200 OK"
2026-05-21 23:58:13,884 - INFO - HTTP Request: POST https://api.deepseek.com/chat/completions "HTTP/1.1 200 OK"
2026-05-21 23:58:15,472 - INFO - HTTP Request: POST https://api.deepseek.com/chat/completions "HTTP/1.1 200 OK"
2026-05-21 23:58:25,213 - INFO - HTTP Request: POST https://api.deepseek.com/chat/completions "HTTP/1.1 200 OK"
2026-05-21 23:58:26,423 - INFO - HTTP Request: POST https://api.deepseek.com/chat/completions "HTTP/1.1 200 OK"
2026-05-21 23:58:36,104 - INFO - HTTP Request: POST https://api.deepseek.com/chat/completions "HTTP/1.1 200 OK"
2026-05-21 23:58:37,626 - INFO - HTTP Request: POST https://api.deepseek.com/chat/completions "HTTP/1.1 200 OK"
2026-05-21 23:58:47,563 - INFO - HTTP Request: POST https://api.deepseek.com/chat/completions "HTTP/1.1 200 OK"
2026-05-21 23:58:50,671 - INFO - HTTP Request: POST https://api.deepseek.com/chat/completions "HTTP/1.1 200 OK"
2026-05-21 23:59:01,561 - INFO - HTTP Request: POST https://api.deepseek.com/chat/completions "HTTP/1.1 200 OK"
2026-05-21 23:59:03,837 - INFO - HTTP Request: POST https://api.deepseek.com/chat/completions "HTTP/1.1 200 OK"
2026-05-21 23:59:14,366 - INFO - HTTP Request: POST https://api.deepseek.com/chat/completions "HTTP/1.1 200 OK"
2026-05-21 23:59:15,785 - INFO - HTTP Request: POST https://api.deepseek.com/chat/completions "HTTP/1.1 200 OK"
2026-05-21 23:59:18,893 - INFO - HTTP Request: POST https://api.deepseek.com/chat/completions "HTTP/1.1 200 OK"
2026-05-21 23:59:34,869 - INFO - Loading model: microsoft/codebert-base-mlm
/data/users/eliassam/miniforge3/lib/python3.12/site-packages/transformers/tokenization_utils_base.py:1601: FutureWarning: `clean_up_tokenization_spaces` was not set. It will be set to `True` by default. This behavior will be depracted in transformers v4.45, and will be then set to `False` by default. For more details check this issue: https://github.com/huggingface/transformers/issues/31884
  warnings.warn(
Some weights of the model checkpoint at microsoft/codebert-base-mlm were not used when initializing RobertaForMaskedLM: ['roberta.pooler.dense.bias', 'roberta.pooler.dense.weight']
- This IS expected if you are initializing RobertaForMaskedLM from the checkpoint of a model trained on another task or with another architecture (e.g. initializing a BertForSequenceClassification model from a BertForPreTraining model).
- This IS NOT expected if you are initializing RobertaForMaskedLM from the checkpoint of a model that you expect to be exactly identical (initializing a BertForSequenceClassification model from a BertForSequenceClassification model).
2026-05-21 23:59:36,962 - INFO - Processed __main__.dot: Score=0.8214 (1 paths)
2026-05-21 23:59:37,677 - INFO - Processed test_case_0.dot: Score=0.2621 (10 paths)
2026-05-21 23:59:38,788 - INFO - Processed test_case_1.dot: Score=0.3545 (9 paths)
2026-05-21 23:59:38,976 - INFO - Processed test_case_2.dot: Score=0.5200 (3 paths)
2026-05-21 23:59:39,353 - INFO - Processed test_case_3.dot: Score=0.4166 (2 paths)
2026-05-21 23:59:39,504 - INFO - Processed test_case_4.dot: Score=0.3706 (2 paths)
2026-05-21 23:59:39,647 - INFO - Processed test_case_5.dot: Score=0.6266 (2 paths)
2026-05-21 23:59:39,782 - INFO - Processed test_case_6.dot: Score=0.6387 (2 paths)
2026-05-21 23:59:40,067 - INFO - Processed test_case_7.dot: Score=0.2639 (4 paths)
2026-05-21 23:59:40,274 - INFO - Processed test_case_8.dot: Score=0.2760 (3 paths)
2026-05-21 23:59:40,756 - INFO - Processed test_case_9.dot: Score=0.3517 (7 paths)
2026-05-21 23:59:40,824 - INFO - Processed test_case_10.dot: Score=0.7147 (1 paths)
2026-05-21 23:59:40,961 - INFO - Processed test_case_11.dot: Score=0.5872 (2 paths)
2026-05-21 23:59:41,106 - INFO - Processed test_case_12.dot: Score=0.5387 (2 paths)
2026-05-21 23:59:41,177 - INFO - Processed test_case_13.dot: Score=0.6897 (1 paths)
2026-05-21 23:59:41,387 - INFO - Processed test_case_14.dot: Score=0.5443 (3 paths)
2026-05-21 23:59:41,437 - INFO - Processed test_case_15.dot: Score=0.6536 (1 paths)
2026-05-21 23:59:41,570 - INFO - Processed test_case_16.dot: Score=0.6411 (2 paths)
2026-05-21 23:59:41,705 - INFO - Processed test_case_17.dot: Score=0.6048 (2 paths)
2026-05-21 23:59:41,961 - INFO - Processed test_case_18.dot: Score=0.3376 (4 paths)
2026-05-21 23:59:42,161 - INFO - Processed test_case_19.dot: Score=0.4667 (3 paths)
2026-05-21 23:59:43,344 - INFO - Processed test_case_20.dot: Score=0.3443 (14 paths)
2026-05-21 23:59:44,175 - INFO - Processed test_case_21.dot: Score=0.3126 (10 paths)
2026-05-21 23:59:44,465 - INFO - Processed test_case_22.dot: Score=0.5441 (4 paths)
2026-05-21 23:59:44,624 - INFO - Processed __main__.dot: Score=0.6474 (1 paths)
2026-05-21 23:59:45,546 - INFO - Processed test_immutable_list_equality_string_conversion.dot: Score=0.2575 (10 paths)
2026-05-21 23:59:46,426 - INFO - Processed test_immutable_list_operations_with_self_reference_and_boolean.dot: Score=0.2635 (9 paths)
2026-05-21 23:59:46,654 - INFO - Processed test_find_on_immutable_list_completely_boolean.dot: Score=0.4412 (3 paths)
2026-05-21 23:59:46,805 - INFO - Processed test_immutable_list_addition_with_none_does_not_raise_error.dot: Score=0.2957 (2 paths)
2026-05-21 23:59:46,981 - INFO - Processed test_find_on_immutable_list_with_nested_list_and_is_empty_flag.dot: Score=0.3335 (2 paths)
2026-05-21 23:59:47,144 - INFO - Processed test_immutable_list_len_and_find_with_false_flag.dot: Score=0.3665 (2 paths)
2026-05-21 23:59:47,307 - INFO - Processed test_immutable_list_to_list_and_find_with_empty_flag.dot: Score=0.4602 (2 paths)
2026-05-21 23:59:47,645 - INFO - Processed test_find_on_empty_list_and_self_append_conversion.dot: Score=0.2127 (4 paths)
2026-05-21 23:59:47,898 - INFO - Processed test_to_list_and_map_on_immutable_list_consistency.dot: Score=0.3026 (3 paths)
2026-05-21 23:59:48,470 - INFO - Processed test_immutable_list_unshift_and_append_with_none_values.dot: Score=0.2821 (7 paths)
2026-05-21 23:59:48,558 - INFO - Processed test_filter_with_self_as_lambda.dot: Score=0.3375 (1 paths)
2026-05-21 23:59:48,726 - INFO - Processed test_filter_immutable_list_using_length_as_predicate.dot: Score=0.2552 (2 paths)
2026-05-21 23:59:48,885 - INFO - Processed test_find_returns_list_supporting_len_protocol.dot: Score=0.4711 (2 paths)
2026-05-21 23:59:48,981 - INFO - Processed test_find_on_empty_immutable_list_returns_none.dot: Score=0.4303 (1 paths)
2026-05-21 23:59:49,227 - INFO - Processed test_reduce_with_find_using_empty_immutable_list.dot: Score=0.2938 (3 paths)
2026-05-21 23:59:49,304 - INFO - Processed test_empty_immutable_list_creation.dot: Score=0.4765 (1 paths)
2026-05-21 23:59:49,468 - INFO - Processed test_immutable_list_str_and_find_with_boolean_flag.dot: Score=0.4144 (2 paths)
2026-05-21 23:59:49,630 - INFO - Processed test_unshift_on_empty_list_then_find_returns_none.dot: Score=0.3839 (2 paths)
2026-05-21 23:59:49,948 - INFO - Processed test_find_on_non_empty_immutable_list_returns_none_when_item_not_found.dot: Score=0.3624 (4 paths)
2026-05-21 23:59:50,358 - INFO - Processed test_find_on_immutable_list_with_true_is_empty_flag_and_bool_value.dot: Score=0.3166 (5 paths)
2026-05-21 23:59:53,257 - INFO - Processed test_immutable_list_edge_case_reduce_equality_unshift_find.dot: Score=0.2561 (14 paths)
2026-05-21 23:59:54,212 - INFO - Processed test_immutable_list_reduce_find_equality_with_self_reference.dot: Score=0.2466 (10 paths)
2026-05-21 23:59:54,544 - INFO - Processed test_immutable_list_reduce_with_head_and_to_list.dot: Score=0.3627 (4 paths)
<unknown>:24: SyntaxWarning: invalid escape sequence '\['
<unknown>:25: SyntaxWarning: invalid escape sequence '\['
<unknown>:26: SyntaxWarning: invalid escape sequence '\('
<unknown>:27: SyntaxWarning: invalid escape sequence '\('
<unknown>:28: SyntaxWarning: invalid escape sequence '\e'
2026-05-22 00:00:05,364 - INFO - HTTP Request: POST https://api.deepseek.com/chat/completions "HTTP/1.1 200 OK"
2026-05-22 00:00:15,884 - INFO - HTTP Request: POST https://api.deepseek.com/chat/completions "HTTP/1.1 200 OK"
2026-05-22 00:00:17,656 - INFO - HTTP Request: POST https://api.deepseek.com/chat/completions "HTTP/1.1 200 OK"
2026-05-22 00:00:28,026 - INFO - HTTP Request: POST https://api.deepseek.com/chat/completions "HTTP/1.1 200 OK"
2026-05-22 00:00:30,429 - INFO - HTTP Request: POST https://api.deepseek.com/chat/completions "HTTP/1.1 200 OK"
2026-05-22 00:00:40,691 - INFO - HTTP Request: POST https://api.deepseek.com/chat/completions "HTTP/1.1 200 OK"
2026-05-22 00:00:42,207 - INFO - HTTP Request: POST https://api.deepseek.com/chat/completions "HTTP/1.1 200 OK"
2026-05-22 00:00:52,118 - INFO - HTTP Request: POST https://api.deepseek.com/chat/completions "HTTP/1.1 200 OK"
2026-05-22 00:00:53,521 - INFO - HTTP Request: POST https://api.deepseek.com/chat/completions "HTTP/1.1 200 OK"
2026-05-22 00:01:03,868 - INFO - HTTP Request: POST https://api.deepseek.com/chat/completions "HTTP/1.1 200 OK"
2026-05-22 00:01:05,973 - INFO - HTTP Request: POST https://api.deepseek.com/chat/completions "HTTP/1.1 200 OK"
2026-05-22 00:01:16,224 - INFO - HTTP Request: POST https://api.deepseek.com/chat/completions "HTTP/1.1 200 OK"
2026-05-22 00:01:17,407 - INFO - HTTP Request: POST https://api.deepseek.com/chat/completions "HTTP/1.1 200 OK"
2026-05-22 00:01:27,103 - INFO - HTTP Request: POST https://api.deepseek.com/chat/completions "HTTP/1.1 200 OK"
2026-05-22 00:01:28,657 - INFO - HTTP Request: POST https://api.deepseek.com/chat/completions "HTTP/1.1 200 OK"
2026-05-22 00:01:38,581 - INFO - HTTP Request: POST https://api.deepseek.com/chat/completions "HTTP/1.1 200 OK"
2026-05-22 00:01:40,061 - INFO - HTTP Request: POST https://api.deepseek.com/chat/completions "HTTP/1.1 200 OK"
2026-05-22 00:01:49,881 - INFO - HTTP Request: POST https://api.deepseek.com/chat/completions "HTTP/1.1 200 OK"
2026-05-22 00:01:51,270 - INFO - HTTP Request: POST https://api.deepseek.com/chat/completions "HTTP/1.1 200 OK"
2026-05-22 00:02:01,304 - INFO - HTTP Request: POST https://api.deepseek.com/chat/completions "HTTP/1.1 200 OK"
2026-05-22 00:02:03,415 - INFO - HTTP Request: POST https://api.deepseek.com/chat/completions "HTTP/1.1 200 OK"
2026-05-22 00:02:13,459 - INFO - HTTP Request: POST https://api.deepseek.com/chat/completions "HTTP/1.1 200 OK"
2026-05-22 00:02:14,622 - INFO - HTTP Request: POST https://api.deepseek.com/chat/completions "HTTP/1.1 200 OK"
2026-05-22 00:02:24,745 - INFO - HTTP Request: POST https://api.deepseek.com/chat/completions "HTTP/1.1 200 OK"
2026-05-22 00:02:25,903 - INFO - HTTP Request: POST https://api.deepseek.com/chat/completions "HTTP/1.1 200 OK"
2026-05-22 00:02:35,695 - INFO - HTTP Request: POST https://api.deepseek.com/chat/completions "HTTP/1.1 200 OK"
2026-05-22 00:02:37,071 - INFO - HTTP Request: POST https://api.deepseek.com/chat/completions "HTTP/1.1 200 OK"
2026-05-22 00:02:47,203 - INFO - HTTP Request: POST https://api.deepseek.com/chat/completions "HTTP/1.1 200 OK"
2026-05-22 00:02:48,665 - INFO - HTTP Request: POST https://api.deepseek.com/chat/completions "HTTP/1.1 200 OK"
2026-05-22 00:02:58,564 - INFO - HTTP Request: POST https://api.deepseek.com/chat/completions "HTTP/1.1 200 OK"
2026-05-22 00:03:00,074 - INFO - HTTP Request: POST https://api.deepseek.com/chat/completions "HTTP/1.1 200 OK"
2026-05-22 00:03:10,361 - INFO - HTTP Request: POST https://api.deepseek.com/chat/completions "HTTP/1.1 200 OK"
2026-05-22 00:03:11,355 - INFO - HTTP Request: POST https://api.deepseek.com/chat/completions "HTTP/1.1 200 OK"
2026-05-22 00:03:20,837 - INFO - HTTP Request: POST https://api.deepseek.com/chat/completions "HTTP/1.1 200 OK"
2026-05-22 00:03:22,481 - INFO - HTTP Request: POST https://api.deepseek.com/chat/completions "HTTP/1.1 200 OK"
2026-05-22 00:03:32,848 - INFO - HTTP Request: POST https://api.deepseek.com/chat/completions "HTTP/1.1 200 OK"
2026-05-22 00:03:34,103 - INFO - HTTP Request: POST https://api.deepseek.com/chat/completions "HTTP/1.1 200 OK"
2026-05-22 00:03:44,245 - INFO - HTTP Request: POST https://api.deepseek.com/chat/completions "HTTP/1.1 200 OK"
2026-05-22 00:03:45,543 - INFO - HTTP Request: POST https://api.deepseek.com/chat/completions "HTTP/1.1 200 OK"
2026-05-22 00:03:55,409 - INFO - HTTP Request: POST https://api.deepseek.com/chat/completions "HTTP/1.1 200 OK"
2026-05-22 00:03:57,041 - INFO - HTTP Request: POST https://api.deepseek.com/chat/completions "HTTP/1.1 200 OK"
2026-05-22 00:04:07,429 - INFO - HTTP Request: POST https://api.deepseek.com/chat/completions "HTTP/1.1 200 OK"
2026-05-22 00:04:09,510 - INFO - HTTP Request: POST https://api.deepseek.com/chat/completions "HTTP/1.1 200 OK"
2026-05-22 00:04:19,807 - INFO - HTTP Request: POST https://api.deepseek.com/chat/completions "HTTP/1.1 200 OK"
2026-05-22 00:04:21,599 - INFO - HTTP Request: POST https://api.deepseek.com/chat/completions "HTTP/1.1 200 OK"
2026-05-22 00:04:31,952 - INFO - HTTP Request: POST https://api.deepseek.com/chat/completions "HTTP/1.1 200 OK"
2026-05-22 00:04:33,510 - INFO - HTTP Request: POST https://api.deepseek.com/chat/completions "HTTP/1.1 200 OK"
2026-05-22 00:04:37,688 - INFO - HTTP Request: POST https://api.deepseek.com/chat/completions "HTTP/1.1 200 OK"
2026-05-22 00:04:52,489 - INFO - Loading model: microsoft/codebert-base-mlm
/data/users/eliassam/miniforge3/lib/python3.12/site-packages/transformers/tokenization_utils_base.py:1601: FutureWarning: `clean_up_tokenization_spaces` was not set. It will be set to `True` by default. This behavior will be depracted in transformers v4.45, and will be then set to `False` by default. For more details check this issue: https://github.com/huggingface/transformers/issues/31884
  warnings.warn(
Some weights of the model checkpoint at microsoft/codebert-base-mlm were not used when initializing RobertaForMaskedLM: ['roberta.pooler.dense.bias', 'roberta.pooler.dense.weight']
- This IS expected if you are initializing RobertaForMaskedLM from the checkpoint of a model trained on another task or with another architecture (e.g. initializing a BertForSequenceClassification model from a BertForPreTraining model).
- This IS NOT expected if you are initializing RobertaForMaskedLM from the checkpoint of a model that you expect to be exactly identical (initializing a BertForSequenceClassification model from a BertForSequenceClassification model).
2026-05-22 00:04:54,763 - INFO - Processed __main__.dot: Score=0.8214 (1 paths)
2026-05-22 00:04:55,467 - INFO - Processed test_case_0.dot: Score=0.2621 (10 paths)
2026-05-22 00:04:56,766 - INFO - Processed test_case_1.dot: Score=0.3545 (9 paths)
2026-05-22 00:04:56,951 - INFO - Processed test_case_2.dot: Score=0.5200 (3 paths)
2026-05-22 00:04:57,071 - INFO - Processed test_case_3.dot: Score=0.4166 (2 paths)
2026-05-22 00:04:57,212 - INFO - Processed test_case_4.dot: Score=0.3706 (2 paths)
2026-05-22 00:04:57,343 - INFO - Processed test_case_5.dot: Score=0.6266 (2 paths)
2026-05-22 00:04:57,475 - INFO - Processed test_case_6.dot: Score=0.6387 (2 paths)
2026-05-22 00:04:57,755 - INFO - Processed test_case_7.dot: Score=0.2639 (4 paths)
2026-05-22 00:04:57,960 - INFO - Processed test_case_8.dot: Score=0.2760 (3 paths)
2026-05-22 00:04:58,435 - INFO - Processed test_case_9.dot: Score=0.3517 (7 paths)
2026-05-22 00:04:58,503 - INFO - Processed test_case_10.dot: Score=0.7147 (1 paths)
2026-05-22 00:04:58,638 - INFO - Processed test_case_11.dot: Score=0.5872 (2 paths)
2026-05-22 00:04:58,771 - INFO - Processed test_case_12.dot: Score=0.5387 (2 paths)
2026-05-22 00:04:58,841 - INFO - Processed test_case_13.dot: Score=0.6897 (1 paths)
2026-05-22 00:04:59,046 - INFO - Processed test_case_14.dot: Score=0.5443 (3 paths)
2026-05-22 00:04:59,096 - INFO - Processed test_case_15.dot: Score=0.6536 (1 paths)
2026-05-22 00:04:59,227 - INFO - Processed test_case_16.dot: Score=0.6411 (2 paths)
2026-05-22 00:04:59,358 - INFO - Processed test_case_17.dot: Score=0.6048 (2 paths)
2026-05-22 00:04:59,612 - INFO - Processed test_case_18.dot: Score=0.3376 (4 paths)
2026-05-22 00:04:59,809 - INFO - Processed test_case_19.dot: Score=0.4667 (3 paths)
2026-05-22 00:05:01,281 - INFO - Processed test_case_20.dot: Score=0.3443 (14 paths)
2026-05-22 00:05:02,319 - INFO - Processed test_case_21.dot: Score=0.3126 (10 paths)
2026-05-22 00:05:02,591 - INFO - Processed test_case_22.dot: Score=0.5441 (4 paths)
2026-05-22 00:05:02,707 - INFO - Processed __main__.dot: Score=0.6474 (1 paths)
2026-05-22 00:05:03,418 - INFO - Processed test_empty_immutable_list_operations.dot: Score=0.2817 (10 paths)
2026-05-22 00:05:06,064 - INFO - Processed test_immutable_list_operations_do_not_raise_exceptions.dot: Score=0.2090 (9 paths)
2026-05-22 00:05:06,278 - INFO - Processed test_find_on_immutable_list_with_boolean_elements.dot: Score=0.3669 (3 paths)
2026-05-22 00:05:06,431 - INFO - Processed test_immutable_list_add_with_none_does_not_raise_exception.dot: Score=0.2899 (2 paths)
2026-05-22 00:05:06,591 - INFO - Processed test_find_self_in_nonempty_list_returns_none.dot: Score=0.4122 (2 paths)
2026-05-22 00:05:06,741 - INFO - Processed test_immutable_list_find_on_empty_list_returns_self.dot: Score=0.3406 (2 paths)
2026-05-22 00:05:06,897 - INFO - Processed test_find_on_empty_list_with_non_empty_target_returns_none.dot: Score=0.3707 (2 paths)
2026-05-22 00:05:07,222 - INFO - Processed test_find_returns_none_for_missing_value_and_appended_list_to_list.dot: Score=0.2307 (4 paths)
2026-05-22 00:05:07,487 - INFO - Processed test_to_list_returns_empty_list_for_non_empty_immutable_list_and_map_works.dot: Score=0.2446 (3 paths)
2026-05-22 00:05:08,429 - INFO - Processed test_immutable_list_unshift_append_with_none_values.dot: Score=0.2448 (7 paths)
2026-05-22 00:05:08,521 - INFO - Processed test_filter_on_empty_immutable_list_returns_self_when_checking_if_empty.dot: Score=0.4178 (1 paths)
2026-05-22 00:05:08,686 - INFO - Processed test_filter_immutable_list_with_length_as_threshold.dot: Score=0.2791 (2 paths)
2026-05-22 00:05:08,840 - INFO - Processed test_find_returns_non_none_result_with_len_method.dot: Score=0.4629 (2 paths)
2026-05-22 00:05:08,927 - INFO - Processed test_find_on_empty_immutable_list_with_false_is_empty_returns_default.dot: Score=0.3318 (1 paths)
2026-05-22 00:05:09,164 - INFO - Processed test_reduce_with_boolean_and_find_self_in_list.dot: Score=0.3833 (3 paths)
2026-05-22 00:05:09,230 - INFO - Processed test_immutable_list_creation_without_arguments.dot: Score=0.4873 (1 paths)
2026-05-22 00:05:09,516 - INFO - Processed test_immutable_list_str_and_find_with_false_values.dot: Score=0.3655 (4 paths)
2026-05-22 00:05:09,682 - INFO - Processed test_find_on_non_empty_immutable_list_with_boolean_self_reference.dot: Score=0.3507 (2 paths)
2026-05-22 00:05:09,984 - INFO - Processed test_find_on_immutable_list_with_nested_append_returns_none.dot: Score=0.2537 (4 paths)
2026-05-22 00:05:10,214 - INFO - Processed test_ImmutableList_find_after_append_and_length_check.dot: Score=0.2773 (3 paths)
2026-05-22 00:05:12,106 - INFO - Processed test_reduce_with_self_references_and_find_after_unshift.dot: Score=0.3238 (14 paths)
2026-05-22 00:05:13,444 - INFO - Processed test_reduce_on_empty_list_with_empty_cumulator_find_does_not_raise.dot: Score=0.2419 (10 paths)
2026-05-22 00:05:14,720 - INFO - Processed test_reduce_with_bool_and_empty_dict_tail_returns_correct_list.dot: Score=0.2386 (4 paths)
<unknown>:24: SyntaxWarning: invalid escape sequence '\['
<unknown>:25: SyntaxWarning: invalid escape sequence '\['
<unknown>:26: SyntaxWarning: invalid escape sequence '\('
<unknown>:27: SyntaxWarning: invalid escape sequence '\('
<unknown>:28: SyntaxWarning: invalid escape sequence '\e'
2026-05-22 00:05:25,952 - INFO - HTTP Request: POST https://api.deepseek.com/chat/completions "HTTP/1.1 200 OK"
2026-05-22 00:05:36,605 - INFO - HTTP Request: POST https://api.deepseek.com/chat/completions "HTTP/1.1 200 OK"
2026-05-22 00:05:38,008 - INFO - HTTP Request: POST https://api.deepseek.com/chat/completions "HTTP/1.1 200 OK"
2026-05-22 00:05:47,863 - INFO - HTTP Request: POST https://api.deepseek.com/chat/completions "HTTP/1.1 200 OK"
2026-05-22 00:05:49,126 - INFO - HTTP Request: POST https://api.deepseek.com/chat/completions "HTTP/1.1 200 OK"
2026-05-22 00:05:59,108 - INFO - HTTP Request: POST https://api.deepseek.com/chat/completions "HTTP/1.1 200 OK"
2026-05-22 00:06:02,231 - INFO - HTTP Request: POST https://api.deepseek.com/chat/completions "HTTP/1.1 200 OK"
2026-05-22 00:06:14,298 - INFO - HTTP Request: POST https://api.deepseek.com/chat/completions "HTTP/1.1 200 OK"
2026-05-22 00:06:15,486 - INFO - HTTP Request: POST https://api.deepseek.com/chat/completions "HTTP/1.1 200 OK"
2026-05-22 00:06:25,645 - INFO - HTTP Request: POST https://api.deepseek.com/chat/completions "HTTP/1.1 200 OK"
2026-05-22 00:06:27,050 - INFO - HTTP Request: POST https://api.deepseek.com/chat/completions "HTTP/1.1 200 OK"
2026-05-22 00:06:37,305 - INFO - HTTP Request: POST https://api.deepseek.com/chat/completions "HTTP/1.1 200 OK"
2026-05-22 00:06:38,455 - INFO - HTTP Request: POST https://api.deepseek.com/chat/completions "HTTP/1.1 200 OK"
2026-05-22 00:06:48,517 - INFO - HTTP Request: POST https://api.deepseek.com/chat/completions "HTTP/1.1 200 OK"
2026-05-22 00:06:49,837 - INFO - HTTP Request: POST https://api.deepseek.com/chat/completions "HTTP/1.1 200 OK"
2026-05-22 00:06:59,776 - INFO - HTTP Request: POST https://api.deepseek.com/chat/completions "HTTP/1.1 200 OK"
2026-05-22 00:07:02,309 - INFO - HTTP Request: POST https://api.deepseek.com/chat/completions "HTTP/1.1 200 OK"
2026-05-22 00:07:13,178 - INFO - HTTP Request: POST https://api.deepseek.com/chat/completions "HTTP/1.1 200 OK"
2026-05-22 00:07:14,723 - INFO - HTTP Request: POST https://api.deepseek.com/chat/completions "HTTP/1.1 200 OK"
2026-05-22 00:07:25,177 - INFO - HTTP Request: POST https://api.deepseek.com/chat/completions "HTTP/1.1 200 OK"
2026-05-22 00:07:27,315 - INFO - HTTP Request: POST https://api.deepseek.com/chat/completions "HTTP/1.1 200 OK"
2026-05-22 00:07:38,195 - INFO - HTTP Request: POST https://api.deepseek.com/chat/completions "HTTP/1.1 200 OK"
2026-05-22 00:07:40,431 - INFO - HTTP Request: POST https://api.deepseek.com/chat/completions "HTTP/1.1 200 OK"
2026-05-22 00:07:50,482 - INFO - HTTP Request: POST https://api.deepseek.com/chat/completions "HTTP/1.1 200 OK"
2026-05-22 00:07:52,579 - INFO - HTTP Request: POST https://api.deepseek.com/chat/completions "HTTP/1.1 200 OK"
2026-05-22 00:08:03,038 - INFO - HTTP Request: POST https://api.deepseek.com/chat/completions "HTTP/1.1 200 OK"
2026-05-22 00:08:05,397 - INFO - HTTP Request: POST https://api.deepseek.com/chat/completions "HTTP/1.1 200 OK"
2026-05-22 00:08:15,878 - INFO - HTTP Request: POST https://api.deepseek.com/chat/completions "HTTP/1.1 200 OK"
2026-05-22 00:08:17,614 - INFO - HTTP Request: POST https://api.deepseek.com/chat/completions "HTTP/1.1 200 OK"
2026-05-22 00:08:27,965 - INFO - HTTP Request: POST https://api.deepseek.com/chat/completions "HTTP/1.1 200 OK"
2026-05-22 00:08:29,962 - INFO - HTTP Request: POST https://api.deepseek.com/chat/completions "HTTP/1.1 200 OK"
2026-05-22 00:08:40,093 - INFO - HTTP Request: POST https://api.deepseek.com/chat/completions "HTTP/1.1 200 OK"
2026-05-22 00:08:41,421 - INFO - HTTP Request: POST https://api.deepseek.com/chat/completions "HTTP/1.1 200 OK"
2026-05-22 00:08:51,216 - INFO - HTTP Request: POST https://api.deepseek.com/chat/completions "HTTP/1.1 200 OK"
2026-05-22 00:08:54,215 - INFO - HTTP Request: POST https://api.deepseek.com/chat/completions "HTTP/1.1 200 OK"
2026-05-22 00:09:05,521 - INFO - HTTP Request: POST https://api.deepseek.com/chat/completions "HTTP/1.1 200 OK"
2026-05-22 00:09:08,048 - INFO - HTTP Request: POST https://api.deepseek.com/chat/completions "HTTP/1.1 200 OK"
2026-05-22 00:09:18,791 - INFO - HTTP Request: POST https://api.deepseek.com/chat/completions "HTTP/1.1 200 OK"
2026-05-22 00:09:20,490 - INFO - HTTP Request: POST https://api.deepseek.com/chat/completions "HTTP/1.1 200 OK"
2026-05-22 00:09:30,753 - INFO - HTTP Request: POST https://api.deepseek.com/chat/completions "HTTP/1.1 200 OK"
2026-05-22 00:09:32,272 - INFO - HTTP Request: POST https://api.deepseek.com/chat/completions "HTTP/1.1 200 OK"
2026-05-22 00:09:36,835 - INFO - HTTP Request: POST https://api.deepseek.com/chat/completions "HTTP/1.1 200 OK"
2026-05-22 00:09:54,931 - INFO - Loading model: microsoft/codebert-base-mlm
/data/users/eliassam/miniforge3/lib/python3.12/site-packages/transformers/tokenization_utils_base.py:1601: FutureWarning: `clean_up_tokenization_spaces` was not set. It will be set to `True` by default. This behavior will be depracted in transformers v4.45, and will be then set to `False` by default. For more details check this issue: https://github.com/huggingface/transformers/issues/31884
  warnings.warn(
Some weights of the model checkpoint at microsoft/codebert-base-mlm were not used when initializing RobertaForMaskedLM: ['roberta.pooler.dense.bias', 'roberta.pooler.dense.weight']
- This IS expected if you are initializing RobertaForMaskedLM from the checkpoint of a model trained on another task or with another architecture (e.g. initializing a BertForSequenceClassification model from a BertForPreTraining model).
- This IS NOT expected if you are initializing RobertaForMaskedLM from the checkpoint of a model that you expect to be exactly identical (initializing a BertForSequenceClassification model from a BertForSequenceClassification model).
2026-05-22 00:09:57,334 - INFO - Processed __main__.dot: Score=0.8692 (1 paths)
2026-05-22 00:09:58,637 - INFO - Processed test_case_0.dot: Score=0.3918 (1 paths)
2026-05-22 00:09:58,712 - INFO - Processed test_case_1.dot: Score=0.4033 (1 paths)
2026-05-22 00:10:05,947 - INFO - Processed test_case_2.dot: Score=0.1618 (50 paths)
2026-05-22 00:10:07,008 - INFO - Processed test_case_3.dot: Score=0.3069 (2 paths)
2026-05-22 00:10:07,378 - INFO - Processed test_case_4.dot: Score=0.2873 (5 paths)
2026-05-22 00:10:07,558 - INFO - Processed test_case_5.dot: Score=0.4323 (3 paths)
2026-05-22 00:10:07,752 - INFO - Processed test_case_6.dot: Score=0.2701 (3 paths)
2026-05-22 00:10:10,847 - INFO - Processed test_case_7.dot: Score=0.1339 (38 paths)
2026-05-22 00:10:10,994 - INFO - Processed test_case_8.dot: Score=0.4911 (3 paths)
2026-05-22 00:10:11,698 - INFO - Processed test_case_9.dot: Score=0.2056 (12 paths)
2026-05-22 00:10:12,089 - INFO - Processed test_case_10.dot: Score=0.2094 (6 paths)
2026-05-22 00:10:13,710 - INFO - Processed test_case_11.dot: Score=0.1839 (24 paths)
2026-05-22 00:10:16,060 - INFO - Processed test_case_12.dot: Score=0.1645 (34 paths)
2026-05-22 00:10:16,639 - INFO - Processed test_case_13.dot: Score=0.1918 (10 paths)
2026-05-22 00:10:17,734 - INFO - Processed test_case_14.dot: Score=0.1790 (18 paths)
2026-05-22 00:10:17,844 - INFO - Processed test_case_15.dot: Score=0.2980 (2 paths)
2026-05-22 00:10:20,671 - INFO - Processed test_case_16.dot: Score=0.1663 (40 paths)
2026-05-22 00:10:26,458 - INFO - Processed test_case_17.dot: Score=0.1025 (50 paths)
2026-05-22 00:10:27,205 - INFO - Processed test_case_18.dot: Score=0.2135 (13 paths)
2026-05-22 00:10:27,320 - INFO - Processed test_case_19.dot: Score=0.2928 (2 paths)
2026-05-22 00:10:27,452 - INFO - Processed __main__.dot: Score=0.7725 (1 paths)
2026-05-22 00:10:27,527 - INFO - Processed test_maybe_constructor_with_bytes_and_bytes.dot: Score=0.2485 (1 paths)
2026-05-22 00:10:27,591 - INFO - Processed test_maybe_constructor_with_none_values.dot: Score=0.4425 (1 paths)
2026-05-22 00:10:33,262 - INFO - Processed test_maybe_equality_ap_get_or_else_map_filter_bind_to_validation_to_either.dot: Score=0.1267 (50 paths)
2026-05-22 00:10:33,395 - INFO - Processed test_maybe_equality_with_set_containing_false.dot: Score=0.4482 (2 paths)
2026-05-22 00:10:33,746 - INFO - Processed test_maybe_bind_and_map_with_boolean_and_tuple_wrapping.dot: Score=0.3105 (5 paths)
2026-05-22 00:10:33,907 - INFO - Processed test_maybe_map_with_false_flag_on_none_returns_none.dot: Score=0.2848 (3 paths)
2026-05-22 00:10:34,102 - INFO - Processed test_maybe_bind_with_none_and_false_returns_none.dot: Score=0.2528 (3 paths)
2026-05-22 00:10:37,821 - INFO - Processed test_maybe_to_box_filter_ap_lazy_with_bytes_and_none.dot: Score=0.1098 (38 paths)
2026-05-22 00:10:37,978 - INFO - Processed test_maybe_ap_with_none_false_and_int.dot: Score=0.4961 (3 paths)
2026-05-22 00:10:38,806 - INFO - Processed test_filter_and_lazy_conversion_with_try_chain.dot: Score=0.1810 (12 paths)
2026-05-22 00:10:39,257 - INFO - Processed test_filter_on_lazy_maybe_with_none_values.dot: Score=0.2169 (6 paths)
2026-05-22 00:10:41,051 - INFO - Processed test_filter_on_maybe_with_integer_fallback.dot: Score=0.1825 (24 paths)
2026-05-22 00:10:44,807 - INFO - Processed test_maybe_to_validation_to_try_and_bind_chain.dot: Score=0.1355 (42 paths)
2026-05-22 00:10:45,502 - INFO - Processed test_maybe_map_with_set_on_none_and_to_either_with_negative_int.dot: Score=0.2318 (10 paths)
2026-05-22 00:10:46,820 - INFO - Processed test_maybe_with_none_and_lazy_to_either_to_try_conversion_chain.dot: Score=0.3034 (18 paths)
2026-05-22 00:10:46,954 - INFO - Processed test_maybe_to_try_and_to_box_chain.dot: Score=0.2303 (2 paths)
2026-05-22 00:10:50,674 - INFO - Processed test_maybe_ap_to_lazy_to_validation_filter_get_or_else_to_either_to_try_operations.dot: Score=0.1359 (40 paths)
2026-05-22 00:10:58,221 - INFO - Processed test_maybe_complex_chain_ap_validation_either_bind_operations.dot: Score=0.1544 (50 paths)
2026-05-22 00:10:59,146 - INFO - Processed test_maybe_to_either_to_lazy_to_validation_map_with_equal_check.dot: Score=0.1587 (13 paths)
2026-05-22 00:10:59,281 - INFO - Processed test_maybe_equality_and_conversion_to_try_then_validation.dot: Score=0.2537 (2 paths)
<unknown>:24: SyntaxWarning: invalid escape sequence '\['
<unknown>:25: SyntaxWarning: invalid escape sequence '\['
<unknown>:26: SyntaxWarning: invalid escape sequence '\('
<unknown>:27: SyntaxWarning: invalid escape sequence '\('
<unknown>:28: SyntaxWarning: invalid escape sequence '\e'
2026-05-22 00:11:09,884 - INFO - HTTP Request: POST https://api.deepseek.com/chat/completions "HTTP/1.1 200 OK"
2026-05-22 00:11:20,246 - INFO - HTTP Request: POST https://api.deepseek.com/chat/completions "HTTP/1.1 200 OK"
2026-05-22 00:11:21,349 - INFO - HTTP Request: POST https://api.deepseek.com/chat/completions "HTTP/1.1 200 OK"
2026-05-22 00:11:31,039 - INFO - HTTP Request: POST https://api.deepseek.com/chat/completions "HTTP/1.1 200 OK"
2026-05-22 00:11:32,065 - INFO - HTTP Request: POST https://api.deepseek.com/chat/completions "HTTP/1.1 200 OK"
2026-05-22 00:11:41,706 - INFO - HTTP Request: POST https://api.deepseek.com/chat/completions "HTTP/1.1 200 OK"
2026-05-22 00:11:44,030 - INFO - HTTP Request: POST https://api.deepseek.com/chat/completions "HTTP/1.1 200 OK"
2026-05-22 00:11:54,915 - INFO - HTTP Request: POST https://api.deepseek.com/chat/completions "HTTP/1.1 200 OK"
2026-05-22 00:11:56,642 - INFO - HTTP Request: POST https://api.deepseek.com/chat/completions "HTTP/1.1 200 OK"
2026-05-22 00:12:07,007 - INFO - HTTP Request: POST https://api.deepseek.com/chat/completions "HTTP/1.1 200 OK"
2026-05-22 00:12:08,671 - INFO - HTTP Request: POST https://api.deepseek.com/chat/completions "HTTP/1.1 200 OK"
2026-05-22 00:12:18,574 - INFO - HTTP Request: POST https://api.deepseek.com/chat/completions "HTTP/1.1 200 OK"
2026-05-22 00:12:19,863 - INFO - HTTP Request: POST https://api.deepseek.com/chat/completions "HTTP/1.1 200 OK"
2026-05-22 00:12:29,889 - INFO - HTTP Request: POST https://api.deepseek.com/chat/completions "HTTP/1.1 200 OK"
2026-05-22 00:12:31,438 - INFO - HTTP Request: POST https://api.deepseek.com/chat/completions "HTTP/1.1 200 OK"
2026-05-22 00:12:41,444 - INFO - HTTP Request: POST https://api.deepseek.com/chat/completions "HTTP/1.1 200 OK"
2026-05-22 00:12:43,598 - INFO - HTTP Request: POST https://api.deepseek.com/chat/completions "HTTP/1.1 200 OK"
2026-05-22 00:12:53,719 - INFO - HTTP Request: POST https://api.deepseek.com/chat/completions "HTTP/1.1 200 OK"
2026-05-22 00:12:55,350 - INFO - HTTP Request: POST https://api.deepseek.com/chat/completions "HTTP/1.1 200 OK"
2026-05-22 00:13:05,782 - INFO - HTTP Request: POST https://api.deepseek.com/chat/completions "HTTP/1.1 200 OK"
2026-05-22 00:13:08,030 - INFO - HTTP Request: POST https://api.deepseek.com/chat/completions "HTTP/1.1 200 OK"
2026-05-22 00:13:18,339 - INFO - HTTP Request: POST https://api.deepseek.com/chat/completions "HTTP/1.1 200 OK"
2026-05-22 00:13:20,340 - INFO - HTTP Request: POST https://api.deepseek.com/chat/completions "HTTP/1.1 200 OK"
2026-05-22 00:13:30,449 - INFO - HTTP Request: POST https://api.deepseek.com/chat/completions "HTTP/1.1 200 OK"
2026-05-22 00:13:32,287 - INFO - HTTP Request: POST https://api.deepseek.com/chat/completions "HTTP/1.1 200 OK"
2026-05-22 00:13:42,605 - INFO - HTTP Request: POST https://api.deepseek.com/chat/completions "HTTP/1.1 200 OK"
2026-05-22 00:13:44,272 - INFO - HTTP Request: POST https://api.deepseek.com/chat/completions "HTTP/1.1 200 OK"
2026-05-22 00:13:54,442 - INFO - HTTP Request: POST https://api.deepseek.com/chat/completions "HTTP/1.1 200 OK"
2026-05-22 00:13:56,164 - INFO - HTTP Request: POST https://api.deepseek.com/chat/completions "HTTP/1.1 200 OK"
2026-05-22 00:14:06,538 - INFO - HTTP Request: POST https://api.deepseek.com/chat/completions "HTTP/1.1 200 OK"
2026-05-22 00:14:08,555 - INFO - HTTP Request: POST https://api.deepseek.com/chat/completions "HTTP/1.1 200 OK"
2026-05-22 00:14:18,801 - INFO - HTTP Request: POST https://api.deepseek.com/chat/completions "HTTP/1.1 200 OK"
2026-05-22 00:14:19,984 - INFO - HTTP Request: POST https://api.deepseek.com/chat/completions "HTTP/1.1 200 OK"
2026-05-22 00:14:29,787 - INFO - HTTP Request: POST https://api.deepseek.com/chat/completions "HTTP/1.1 200 OK"
2026-05-22 00:14:31,662 - INFO - HTTP Request: POST https://api.deepseek.com/chat/completions "HTTP/1.1 200 OK"
2026-05-22 00:14:42,235 - INFO - HTTP Request: POST https://api.deepseek.com/chat/completions "HTTP/1.1 200 OK"
2026-05-22 00:14:45,461 - INFO - HTTP Request: POST https://api.deepseek.com/chat/completions "HTTP/1.1 200 OK"
2026-05-22 00:14:56,809 - INFO - HTTP Request: POST https://api.deepseek.com/chat/completions "HTTP/1.1 200 OK"
2026-05-22 00:14:58,687 - INFO - HTTP Request: POST https://api.deepseek.com/chat/completions "HTTP/1.1 200 OK"
2026-05-22 00:15:09,574 - INFO - HTTP Request: POST https://api.deepseek.com/chat/completions "HTTP/1.1 200 OK"
2026-05-22 00:15:11,011 - INFO - HTTP Request: POST https://api.deepseek.com/chat/completions "HTTP/1.1 200 OK"
2026-05-22 00:15:15,183 - INFO - HTTP Request: POST https://api.deepseek.com/chat/completions "HTTP/1.1 200 OK"
2026-05-22 00:15:32,838 - INFO - Loading model: microsoft/codebert-base-mlm
/data/users/eliassam/miniforge3/lib/python3.12/site-packages/transformers/tokenization_utils_base.py:1601: FutureWarning: `clean_up_tokenization_spaces` was not set. It will be set to `True` by default. This behavior will be depracted in transformers v4.45, and will be then set to `False` by default. For more details check this issue: https://github.com/huggingface/transformers/issues/31884
  warnings.warn(
Some weights of the model checkpoint at microsoft/codebert-base-mlm were not used when initializing RobertaForMaskedLM: ['roberta.pooler.dense.bias', 'roberta.pooler.dense.weight']
- This IS expected if you are initializing RobertaForMaskedLM from the checkpoint of a model trained on another task or with another architecture (e.g. initializing a BertForSequenceClassification model from a BertForPreTraining model).
- This IS NOT expected if you are initializing RobertaForMaskedLM from the checkpoint of a model that you expect to be exactly identical (initializing a BertForSequenceClassification model from a BertForSequenceClassification model).
2026-05-22 00:15:35,231 - INFO - Processed __main__.dot: Score=0.8692 (1 paths)
2026-05-22 00:15:35,838 - INFO - Processed test_case_0.dot: Score=0.3918 (1 paths)
2026-05-22 00:15:35,911 - INFO - Processed test_case_1.dot: Score=0.4033 (1 paths)
2026-05-22 00:15:42,691 - INFO - Processed test_case_2.dot: Score=0.1618 (50 paths)
2026-05-22 00:15:42,811 - INFO - Processed test_case_3.dot: Score=0.3069 (2 paths)
2026-05-22 00:15:43,109 - INFO - Processed test_case_4.dot: Score=0.2873 (5 paths)
2026-05-22 00:15:43,253 - INFO - Processed test_case_5.dot: Score=0.4323 (3 paths)
2026-05-22 00:15:43,428 - INFO - Processed test_case_6.dot: Score=0.2701 (3 paths)
2026-05-22 00:15:46,553 - INFO - Processed test_case_7.dot: Score=0.1339 (38 paths)
2026-05-22 00:15:46,700 - INFO - Processed test_case_8.dot: Score=0.4911 (3 paths)
2026-05-22 00:15:47,427 - INFO - Processed test_case_9.dot: Score=0.2056 (12 paths)
2026-05-22 00:15:47,827 - INFO - Processed test_case_10.dot: Score=0.2094 (6 paths)
2026-05-22 00:15:49,455 - INFO - Processed test_case_11.dot: Score=0.1839 (24 paths)
2026-05-22 00:15:51,860 - INFO - Processed test_case_12.dot: Score=0.1645 (34 paths)
2026-05-22 00:15:52,462 - INFO - Processed test_case_13.dot: Score=0.1918 (10 paths)
2026-05-22 00:15:53,612 - INFO - Processed test_case_14.dot: Score=0.1790 (18 paths)
2026-05-22 00:15:53,726 - INFO - Processed test_case_15.dot: Score=0.2980 (2 paths)
2026-05-22 00:15:56,645 - INFO - Processed test_case_16.dot: Score=0.1663 (40 paths)
2026-05-22 00:16:02,519 - INFO - Processed test_case_17.dot: Score=0.1025 (50 paths)
2026-05-22 00:16:03,293 - INFO - Processed test_case_18.dot: Score=0.2135 (13 paths)
2026-05-22 00:16:03,411 - INFO - Processed test_case_19.dot: Score=0.2928 (2 paths)
2026-05-22 00:16:03,546 - INFO - Processed __main__.dot: Score=0.7725 (1 paths)
2026-05-22 00:16:03,620 - INFO - Processed test_maybe_initialization_with_bytes.dot: Score=0.2499 (1 paths)
2026-05-22 00:16:03,678 - INFO - Processed test_maybe_init_with_none.dot: Score=0.3801 (1 paths)
2026-05-22 00:16:09,796 - INFO - Processed test_maybe_equality_and_functor_operations.dot: Score=0.1373 (50 paths)
2026-05-22 00:16:09,931 - INFO - Processed test_maybe_equality_with_set_containing_false.dot: Score=0.2804 (2 paths)
2026-05-22 00:16:10,276 - INFO - Processed test_maybe_chaining_with_booleans_and_set_to_box.dot: Score=0.2063 (5 paths)
2026-05-22 00:16:10,438 - INFO - Processed test_maybe_map_boolean_callable.dot: Score=0.3345 (3 paths)
2026-05-22 00:16:10,825 - INFO - Processed test_maybe_bind_with_none_and_false_valid_returns_expected_maybe.dot: Score=0.2633 (6 paths)
2026-05-22 00:16:14,471 - INFO - Processed test_maybe_filter_and_ap_with_lazy_box.dot: Score=0.1120 (38 paths)
2026-05-22 00:16:14,641 - INFO - Processed test_maybe_ap_with_false_none_and_integer.dot: Score=0.3061 (3 paths)
2026-05-22 00:16:15,225 - INFO - Processed test_filter_with_non_callable_identity_and_lazy_to_try_conversion.dot: Score=0.2318 (8 paths)
2026-05-22 00:16:15,518 - INFO - Processed test_filter_on_maybe_with_predicate_tuple_returns_lazy_result.dot: Score=0.3387 (4 paths)
2026-05-22 00:16:17,504 - INFO - Processed test_maybe_filter_returns_none_when_predicate_fails_with_non_callable_value.dot: Score=0.1741 (24 paths)
2026-05-22 00:16:20,472 - INFO - Processed test_maybe_to_validation_multiple_instances_and_chaining.dot: Score=0.1729 (34 paths)
2026-05-22 00:16:21,235 - INFO - Processed test_maybe_map_with_set_and_to_either_with_boolean_flags.dot: Score=0.1390 (10 paths)
2026-05-22 00:16:22,726 - INFO - Processed test_to_lazy_either_try_chain_with_none_and_tuple.dot: Score=0.1977 (18 paths)
2026-05-22 00:16:22,861 - INFO - Processed test_maybe_with_true_false_converts_to_try_and_box.dot: Score=0.2444 (2 paths)
2026-05-22 00:16:26,375 - INFO - Processed test_chaining_maybe_ap_filter_either_try_operations.dot: Score=0.1369 (40 paths)
2026-05-22 00:16:34,222 - INFO - Processed test_maybe_ap_validation_bind_either_try_chaining_with_none_and_bytes.dot: Score=0.1657 (50 paths)
2026-05-22 00:16:35,229 - INFO - Processed test_maybe_equality_with_false_and_chaining_to_either_lazy_validation.dot: Score=0.2423 (13 paths)
2026-05-22 00:16:35,368 - INFO - Processed test_maybe_self_equality_and_conversion_to_try_then_validation.dot: Score=0.2460 (2 paths)
<unknown>:24: SyntaxWarning: invalid escape sequence '\['
<unknown>:25: SyntaxWarning: invalid escape sequence '\['
<unknown>:26: SyntaxWarning: invalid escape sequence '\('
<unknown>:27: SyntaxWarning: invalid escape sequence '\('
<unknown>:28: SyntaxWarning: invalid escape sequence '\e'
2026-05-22 00:16:46,011 - INFO - HTTP Request: POST https://api.deepseek.com/chat/completions "HTTP/1.1 200 OK"
2026-05-22 00:16:56,515 - INFO - HTTP Request: POST https://api.deepseek.com/chat/completions "HTTP/1.1 200 OK"
2026-05-22 00:16:57,864 - INFO - HTTP Request: POST https://api.deepseek.com/chat/completions "HTTP/1.1 200 OK"
2026-05-22 00:17:07,586 - INFO - HTTP Request: POST https://api.deepseek.com/chat/completions "HTTP/1.1 200 OK"
2026-05-22 00:17:08,965 - INFO - HTTP Request: POST https://api.deepseek.com/chat/completions "HTTP/1.1 200 OK"
2026-05-22 00:17:18,664 - INFO - HTTP Request: POST https://api.deepseek.com/chat/completions "HTTP/1.1 200 OK"
2026-05-22 00:17:21,384 - INFO - HTTP Request: POST https://api.deepseek.com/chat/completions "HTTP/1.1 200 OK"
2026-05-22 00:17:31,903 - INFO - HTTP Request: POST https://api.deepseek.com/chat/completions "HTTP/1.1 200 OK"
2026-05-22 00:17:33,132 - INFO - HTTP Request: POST https://api.deepseek.com/chat/completions "HTTP/1.1 200 OK"
2026-05-22 00:17:46,937 - INFO - HTTP Request: POST https://api.deepseek.com/chat/completions "HTTP/1.1 200 OK"
2026-05-22 00:17:48,802 - INFO - HTTP Request: POST https://api.deepseek.com/chat/completions "HTTP/1.1 200 OK"
2026-05-22 00:17:59,016 - INFO - HTTP Request: POST https://api.deepseek.com/chat/completions "HTTP/1.1 200 OK"
2026-05-22 00:18:00,099 - INFO - HTTP Request: POST https://api.deepseek.com/chat/completions "HTTP/1.1 200 OK"
2026-05-22 00:18:10,110 - INFO - HTTP Request: POST https://api.deepseek.com/chat/completions "HTTP/1.1 200 OK"
2026-05-22 00:18:11,880 - INFO - HTTP Request: POST https://api.deepseek.com/chat/completions "HTTP/1.1 200 OK"
2026-05-22 00:18:21,776 - INFO - HTTP Request: POST https://api.deepseek.com/chat/completions "HTTP/1.1 200 OK"
2026-05-22 00:18:24,171 - INFO - HTTP Request: POST https://api.deepseek.com/chat/completions "HTTP/1.1 200 OK"
2026-05-22 00:18:34,668 - INFO - HTTP Request: POST https://api.deepseek.com/chat/completions "HTTP/1.1 200 OK"
2026-05-22 00:18:36,009 - INFO - HTTP Request: POST https://api.deepseek.com/chat/completions "HTTP/1.1 200 OK"
2026-05-22 00:18:46,008 - INFO - HTTP Request: POST https://api.deepseek.com/chat/completions "HTTP/1.1 200 OK"
2026-05-22 00:18:48,053 - INFO - HTTP Request: POST https://api.deepseek.com/chat/completions "HTTP/1.1 200 OK"
2026-05-22 00:18:58,655 - INFO - HTTP Request: POST https://api.deepseek.com/chat/completions "HTTP/1.1 200 OK"
2026-05-22 00:19:00,871 - INFO - HTTP Request: POST https://api.deepseek.com/chat/completions "HTTP/1.1 200 OK"
2026-05-22 00:19:11,387 - INFO - HTTP Request: POST https://api.deepseek.com/chat/completions "HTTP/1.1 200 OK"
2026-05-22 00:19:13,667 - INFO - HTTP Request: POST https://api.deepseek.com/chat/completions "HTTP/1.1 200 OK"
2026-05-22 00:19:23,979 - INFO - HTTP Request: POST https://api.deepseek.com/chat/completions "HTTP/1.1 200 OK"
2026-05-22 00:19:25,920 - INFO - HTTP Request: POST https://api.deepseek.com/chat/completions "HTTP/1.1 200 OK"
2026-05-22 00:19:36,352 - INFO - HTTP Request: POST https://api.deepseek.com/chat/completions "HTTP/1.1 200 OK"
2026-05-22 00:19:37,924 - INFO - HTTP Request: POST https://api.deepseek.com/chat/completions "HTTP/1.1 200 OK"
2026-05-22 00:19:47,943 - INFO - HTTP Request: POST https://api.deepseek.com/chat/completions "HTTP/1.1 200 OK"
2026-05-22 00:19:49,900 - INFO - HTTP Request: POST https://api.deepseek.com/chat/completions "HTTP/1.1 200 OK"
2026-05-22 00:20:00,300 - INFO - HTTP Request: POST https://api.deepseek.com/chat/completions "HTTP/1.1 200 OK"
2026-05-22 00:20:01,535 - INFO - HTTP Request: POST https://api.deepseek.com/chat/completions "HTTP/1.1 200 OK"
2026-05-22 00:20:12,353 - INFO - HTTP Request: POST https://api.deepseek.com/chat/completions "HTTP/1.1 200 OK"
2026-05-22 00:20:14,933 - INFO - HTTP Request: POST https://api.deepseek.com/chat/completions "HTTP/1.1 200 OK"
2026-05-22 00:20:25,447 - INFO - HTTP Request: POST https://api.deepseek.com/chat/completions "HTTP/1.1 200 OK"
2026-05-22 00:20:27,881 - INFO - HTTP Request: POST https://api.deepseek.com/chat/completions "HTTP/1.1 200 OK"
2026-05-22 00:20:38,680 - INFO - HTTP Request: POST https://api.deepseek.com/chat/completions "HTTP/1.1 200 OK"
2026-05-22 00:20:40,597 - INFO - HTTP Request: POST https://api.deepseek.com/chat/completions "HTTP/1.1 200 OK"
2026-05-22 00:20:50,782 - INFO - HTTP Request: POST https://api.deepseek.com/chat/completions "HTTP/1.1 200 OK"
2026-05-22 00:20:52,399 - INFO - HTTP Request: POST https://api.deepseek.com/chat/completions "HTTP/1.1 200 OK"
2026-05-22 00:20:55,545 - INFO - HTTP Request: POST https://api.deepseek.com/chat/completions "HTTP/1.1 200 OK"
2026-05-22 00:21:12,496 - INFO - Loading model: microsoft/codebert-base-mlm
/data/users/eliassam/miniforge3/lib/python3.12/site-packages/transformers/tokenization_utils_base.py:1601: FutureWarning: `clean_up_tokenization_spaces` was not set. It will be set to `True` by default. This behavior will be depracted in transformers v4.45, and will be then set to `False` by default. For more details check this issue: https://github.com/huggingface/transformers/issues/31884
  warnings.warn(
Some weights of the model checkpoint at microsoft/codebert-base-mlm were not used when initializing RobertaForMaskedLM: ['roberta.pooler.dense.bias', 'roberta.pooler.dense.weight']
- This IS expected if you are initializing RobertaForMaskedLM from the checkpoint of a model trained on another task or with another architecture (e.g. initializing a BertForSequenceClassification model from a BertForPreTraining model).
- This IS NOT expected if you are initializing RobertaForMaskedLM from the checkpoint of a model that you expect to be exactly identical (initializing a BertForSequenceClassification model from a BertForSequenceClassification model).
2026-05-22 00:21:15,046 - INFO - Processed __main__.dot: Score=0.8692 (1 paths)
2026-05-22 00:21:16,232 - INFO - Processed test_case_0.dot: Score=0.3918 (1 paths)
2026-05-22 00:21:16,306 - INFO - Processed test_case_1.dot: Score=0.4033 (1 paths)
2026-05-22 00:21:23,479 - INFO - Processed test_case_2.dot: Score=0.1618 (50 paths)
2026-05-22 00:21:23,620 - INFO - Processed test_case_3.dot: Score=0.3069 (2 paths)
2026-05-22 00:21:23,977 - INFO - Processed test_case_4.dot: Score=0.2873 (5 paths)
2026-05-22 00:21:24,146 - INFO - Processed test_case_5.dot: Score=0.4323 (3 paths)
2026-05-22 00:21:24,351 - INFO - Processed test_case_6.dot: Score=0.2701 (3 paths)
2026-05-22 00:21:28,265 - INFO - Processed test_case_7.dot: Score=0.1339 (38 paths)
2026-05-22 00:21:28,434 - INFO - Processed test_case_8.dot: Score=0.4911 (3 paths)
2026-05-22 00:21:29,318 - INFO - Processed test_case_9.dot: Score=0.2056 (12 paths)
2026-05-22 00:21:29,804 - INFO - Processed test_case_10.dot: Score=0.2094 (6 paths)
2026-05-22 00:21:31,820 - INFO - Processed test_case_11.dot: Score=0.1839 (24 paths)
2026-05-22 00:21:34,810 - INFO - Processed test_case_12.dot: Score=0.1645 (34 paths)
2026-05-22 00:21:35,397 - INFO - Processed test_case_13.dot: Score=0.1918 (10 paths)
2026-05-22 00:21:36,511 - INFO - Processed test_case_14.dot: Score=0.1790 (18 paths)
2026-05-22 00:21:36,622 - INFO - Processed test_case_15.dot: Score=0.2980 (2 paths)
2026-05-22 00:21:39,578 - INFO - Processed test_case_16.dot: Score=0.1663 (40 paths)
2026-05-22 00:21:45,281 - INFO - Processed test_case_17.dot: Score=0.1025 (50 paths)
2026-05-22 00:21:46,020 - INFO - Processed test_case_18.dot: Score=0.2135 (13 paths)
2026-05-22 00:21:46,133 - INFO - Processed test_case_19.dot: Score=0.2928 (2 paths)
2026-05-22 00:21:46,254 - INFO - Processed __main__.dot: Score=0.5889 (1 paths)
2026-05-22 00:21:46,316 - INFO - Processed test_maybe_initialization_with_two_identical_bytes_values.dot: Score=0.2615 (1 paths)
2026-05-22 00:21:46,376 - INFO - Processed test_maybe_initialization_with_none_for_both_value_and_default.dot: Score=0.3370 (1 paths)
2026-05-22 00:21:51,553 - INFO - Processed test_maybe_operations_with_string_value.dot: Score=0.1449 (50 paths)
2026-05-22 00:21:51,683 - INFO - Processed test_maybe_equality_with_set_containing_false.dot: Score=0.2695 (2 paths)
2026-05-22 00:21:52,013 - INFO - Processed test_maybe_bind_and_map_with_tuple_and_set.dot: Score=0.2341 (5 paths)
2026-05-22 00:21:52,171 - INFO - Processed test_maybe_creation_with_none_and_false_flag_maps_false.dot: Score=0.2941 (3 paths)
2026-05-22 00:21:52,292 - INFO - Processed test_maybe_bind_should_update_falsy_value.dot: Score=0.2676 (2 paths)
2026-05-22 00:21:55,968 - INFO - Processed test_maybe_chain_box_filter_lazy_ap_and_equality.dot: Score=0.1521 (38 paths)
2026-05-22 00:21:56,133 - INFO - Processed test_maybe_ap_with_non_maybe_argument_updates_value.dot: Score=0.3197 (3 paths)
2026-05-22 00:21:57,055 - INFO - Processed test_maybe_filter_lazy_and_try_chaining_with_zero_value.dot: Score=0.2036 (12 paths)
2026-05-22 00:21:57,523 - INFO - Processed test_filter_returns_lazy_maybe_when_predicate_fails_on_non_boolean_sequence.dot: Score=0.1791 (6 paths)
2026-05-22 00:21:59,364 - INFO - Processed test_maybe_to_box_filter_with_generic_using_get_or_else.dot: Score=0.3150 (24 paths)
2026-05-22 00:22:02,504 - INFO - Processed test_maybe_to_validation_and_bind_with_various_types.dot: Score=0.1390 (34 paths)
2026-05-22 00:22:03,159 - INFO - Processed test_maybe_map_none_and_true_converts_to_either.dot: Score=0.2238 (10 paths)
2026-05-22 00:22:04,584 - INFO - Processed test_maybe_to_lazy_to_either_to_try_chaining_with_none_and_tuple.dot: Score=0.1716 (18 paths)
2026-05-22 00:22:04,711 - INFO - Processed test_maybe_to_try_creates_try_with_expected_values.dot: Score=0.2996 (2 paths)
2026-05-22 00:22:07,991 - INFO - Processed test_maybe_ap_filter_either_try_chaining_with_bytes.dot: Score=0.1391 (40 paths)
2026-05-22 00:22:14,462 - INFO - Processed test_maybe_operations_with_none_and_bytes.dot: Score=0.1532 (50 paths)
2026-05-22 00:22:15,360 - INFO - Processed test_maybe_equal_and_conversion_to_either_lazy_validation.dot: Score=0.2216 (13 paths)
2026-05-22 00:22:15,494 - INFO - Processed test_maybe_equality_and_conversion_chain_with_false_values.dot: Score=0.3723 (2 paths)
<unknown>:24: SyntaxWarning: invalid escape sequence '\['
<unknown>:25: SyntaxWarning: invalid escape sequence '\['
<unknown>:26: SyntaxWarning: invalid escape sequence '\('
<unknown>:27: SyntaxWarning: invalid escape sequence '\('
<unknown>:28: SyntaxWarning: invalid escape sequence '\e'
2026-05-22 00:22:27,183 - INFO - HTTP Request: POST https://api.deepseek.com/chat/completions "HTTP/1.1 200 OK"
2026-05-22 00:22:37,352 - INFO - HTTP Request: POST https://api.deepseek.com/chat/completions "HTTP/1.1 200 OK"
2026-05-22 00:22:39,088 - INFO - HTTP Request: POST https://api.deepseek.com/chat/completions "HTTP/1.1 200 OK"
2026-05-22 00:22:49,052 - INFO - HTTP Request: POST https://api.deepseek.com/chat/completions "HTTP/1.1 200 OK"
2026-05-22 00:22:50,627 - INFO - HTTP Request: POST https://api.deepseek.com/chat/completions "HTTP/1.1 200 OK"
2026-05-22 00:23:00,650 - INFO - HTTP Request: POST https://api.deepseek.com/chat/completions "HTTP/1.1 200 OK"
2026-05-22 00:23:01,853 - INFO - HTTP Request: POST https://api.deepseek.com/chat/completions "HTTP/1.1 200 OK"
2026-05-22 00:23:11,571 - INFO - HTTP Request: POST https://api.deepseek.com/chat/completions "HTTP/1.1 200 OK"
2026-05-22 00:23:12,844 - INFO - HTTP Request: POST https://api.deepseek.com/chat/completions "HTTP/1.1 200 OK"
2026-05-22 00:23:22,919 - INFO - HTTP Request: POST https://api.deepseek.com/chat/completions "HTTP/1.1 200 OK"
2026-05-22 00:23:24,361 - INFO - HTTP Request: POST https://api.deepseek.com/chat/completions "HTTP/1.1 200 OK"
2026-05-22 00:23:34,422 - INFO - HTTP Request: POST https://api.deepseek.com/chat/completions "HTTP/1.1 200 OK"
2026-05-22 00:23:35,826 - INFO - HTTP Request: POST https://api.deepseek.com/chat/completions "HTTP/1.1 200 OK"
2026-05-22 00:23:45,694 - INFO - HTTP Request: POST https://api.deepseek.com/chat/completions "HTTP/1.1 200 OK"
2026-05-22 00:23:46,994 - INFO - HTTP Request: POST https://api.deepseek.com/chat/completions "HTTP/1.1 200 OK"
2026-05-22 00:23:56,538 - INFO - HTTP Request: POST https://api.deepseek.com/chat/completions "HTTP/1.1 200 OK"
2026-05-22 00:23:57,503 - INFO - HTTP Request: POST https://api.deepseek.com/chat/completions "HTTP/1.1 200 OK"
2026-05-22 00:24:07,671 - INFO - HTTP Request: POST https://api.deepseek.com/chat/completions "HTTP/1.1 200 OK"
2026-05-22 00:24:08,914 - INFO - HTTP Request: POST https://api.deepseek.com/chat/completions "HTTP/1.1 200 OK"
2026-05-22 00:24:18,817 - INFO - HTTP Request: POST https://api.deepseek.com/chat/completions "HTTP/1.1 200 OK"
2026-05-22 00:24:20,528 - INFO - HTTP Request: POST https://api.deepseek.com/chat/completions "HTTP/1.1 200 OK"
2026-05-22 00:24:30,614 - INFO - HTTP Request: POST https://api.deepseek.com/chat/completions "HTTP/1.1 200 OK"
2026-05-22 00:24:32,013 - INFO - HTTP Request: POST https://api.deepseek.com/chat/completions "HTTP/1.1 200 OK"
2026-05-22 00:24:41,880 - INFO - HTTP Request: POST https://api.deepseek.com/chat/completions "HTTP/1.1 200 OK"
2026-05-22 00:24:43,493 - INFO - HTTP Request: POST https://api.deepseek.com/chat/completions "HTTP/1.1 200 OK"
2026-05-22 00:24:53,371 - INFO - HTTP Request: POST https://api.deepseek.com/chat/completions "HTTP/1.1 200 OK"
2026-05-22 00:24:54,689 - INFO - HTTP Request: POST https://api.deepseek.com/chat/completions "HTTP/1.1 200 OK"
2026-05-22 00:25:04,480 - INFO - HTTP Request: POST https://api.deepseek.com/chat/completions "HTTP/1.1 200 OK"
2026-05-22 00:25:05,824 - INFO - HTTP Request: POST https://api.deepseek.com/chat/completions "HTTP/1.1 200 OK"
2026-05-22 00:25:15,493 - INFO - HTTP Request: POST https://api.deepseek.com/chat/completions "HTTP/1.1 200 OK"
2026-05-22 00:25:16,669 - INFO - HTTP Request: POST https://api.deepseek.com/chat/completions "HTTP/1.1 200 OK"
2026-05-22 00:25:26,478 - INFO - HTTP Request: POST https://api.deepseek.com/chat/completions "HTTP/1.1 200 OK"
2026-05-22 00:25:27,540 - INFO - HTTP Request: POST https://api.deepseek.com/chat/completions "HTTP/1.1 200 OK"
2026-05-22 00:25:37,207 - INFO - HTTP Request: POST https://api.deepseek.com/chat/completions "HTTP/1.1 200 OK"
2026-05-22 00:25:39,765 - INFO - HTTP Request: POST https://api.deepseek.com/chat/completions "HTTP/1.1 200 OK"
2026-05-22 00:25:50,644 - INFO - HTTP Request: POST https://api.deepseek.com/chat/completions "HTTP/1.1 200 OK"
2026-05-22 00:25:52,363 - INFO - HTTP Request: POST https://api.deepseek.com/chat/completions "HTTP/1.1 200 OK"
2026-05-22 00:26:02,826 - INFO - HTTP Request: POST https://api.deepseek.com/chat/completions "HTTP/1.1 200 OK"
2026-05-22 00:26:04,689 - INFO - HTTP Request: POST https://api.deepseek.com/chat/completions "HTTP/1.1 200 OK"
2026-05-22 00:26:10,780 - INFO - HTTP Request: POST https://api.deepseek.com/chat/completions "HTTP/1.1 200 OK"
2026-05-22 00:26:23,622 - INFO - Loading model: microsoft/codebert-base-mlm
/data/users/eliassam/miniforge3/lib/python3.12/site-packages/transformers/tokenization_utils_base.py:1601: FutureWarning: `clean_up_tokenization_spaces` was not set. It will be set to `True` by default. This behavior will be depracted in transformers v4.45, and will be then set to `False` by default. For more details check this issue: https://github.com/huggingface/transformers/issues/31884
  warnings.warn(
Some weights of the model checkpoint at microsoft/codebert-base-mlm were not used when initializing RobertaForMaskedLM: ['roberta.pooler.dense.bias', 'roberta.pooler.dense.weight']
- This IS expected if you are initializing RobertaForMaskedLM from the checkpoint of a model trained on another task or with another architecture (e.g. initializing a BertForSequenceClassification model from a BertForPreTraining model).
- This IS NOT expected if you are initializing RobertaForMaskedLM from the checkpoint of a model that you expect to be exactly identical (initializing a BertForSequenceClassification model from a BertForSequenceClassification model).
2026-05-22 00:26:25,862 - INFO - Processed __main__.dot: Score=0.6366 (1 paths)
2026-05-22 00:26:26,250 - INFO - Processed test_case_0.dot: Score=0.1988 (3 paths)
2026-05-22 00:26:26,526 - INFO - Processed test_case_1.dot: Score=0.2951 (3 paths)
2026-05-22 00:26:26,625 - INFO - Processed test_case_2.dot: Score=0.3315 (1 paths)
2026-05-22 00:26:26,809 - INFO - Processed test_case_3.dot: Score=0.3254 (2 paths)
2026-05-22 00:26:27,142 - INFO - Processed test_case_4.dot: Score=0.2015 (3 paths)
2026-05-22 00:26:27,242 - INFO - Processed test_case_5.dot: Score=0.3145 (1 paths)
2026-05-22 00:26:27,331 - INFO - Processed test_case_6.dot: Score=0.4208 (1 paths)
2026-05-22 00:26:27,426 - INFO - Processed test_case_7.dot: Score=0.4330 (1 paths)
2026-05-22 00:26:27,520 - INFO - Processed test_case_8.dot: Score=0.3603 (1 paths)
2026-05-22 00:26:27,998 - INFO - Processed test_case_9.dot: Score=0.3010 (5 paths)
2026-05-22 00:26:28,204 - INFO - Processed test_case_10.dot: Score=0.2613 (2 paths)
2026-05-22 00:26:28,455 - INFO - Processed test_case_11.dot: Score=0.3964 (3 paths)
2026-05-22 00:26:28,553 - INFO - Processed test_case_12.dot: Score=0.3346 (1 paths)
2026-05-22 00:26:28,736 - INFO - Processed test_case_13.dot: Score=0.3121 (2 paths)
2026-05-22 00:26:29,004 - INFO - Processed test_case_14.dot: Score=0.2706 (4 paths)
2026-05-22 00:26:29,138 - INFO - Processed test_case_15.dot: Score=0.3106 (2 paths)
2026-05-22 00:26:38,928 - INFO - Processed test_case_16.dot: Score=0.1145 (50 paths)
2026-05-22 00:26:39,666 - INFO - Processed test_case_17.dot: Score=0.2567 (8 paths)
2026-05-22 00:26:40,367 - INFO - Processed test_case_18.dot: Score=0.2356 (8 paths)
2026-05-22 00:26:40,508 - INFO - Processed __main__.dot: Score=0.5641 (1 paths)
2026-05-22 00:26:40,813 - INFO - Processed test_validation_is_success_and_is_fail_returns_maybe.dot: Score=0.2690 (3 paths)
2026-05-22 00:26:41,050 - INFO - Processed test_validation_equality_with_none_returns_unsuccessful.dot: Score=0.3107 (3 paths)
2026-05-22 00:26:41,137 - INFO - Processed test_validation_str_returns_failing_result.dot: Score=0.2795 (1 paths)
2026-05-22 00:26:41,294 - INFO - Processed test_validation_to_either_and_maybe_conversion.dot: Score=0.4263 (2 paths)
2026-05-22 00:26:41,558 - INFO - Processed test_validation_to_either_and_fail_maybe_conversion.dot: Score=0.2713 (3 paths)
2026-05-22 00:26:41,648 - INFO - Processed test_validation_to_maybe_returns_maybe_from_empty_sets.dot: Score=0.2508 (1 paths)
2026-05-22 00:26:41,779 - INFO - Processed test_validation_creation_with_none_input.dot: Score=0.5715 (2 paths)
2026-05-22 00:26:41,860 - INFO - Processed test_validation_to_maybe_with_none_value.dot: Score=0.5274 (1 paths)
2026-05-22 00:26:41,944 - INFO - Processed test_validation_is_fail_returns_none_for_self_validated_object.dot: Score=0.3299 (1 paths)
2026-05-22 00:26:42,258 - INFO - Processed test_validation_map_with_none_does_not_error.dot: Score=0.2470 (4 paths)
2026-05-22 00:26:42,429 - INFO - Processed test_validation_bind_with_none.dot: Score=0.2431 (2 paths)
2026-05-22 00:26:42,650 - INFO - Processed test_validation_ap_method_accepts_list_of_booleans.dot: Score=0.2887 (3 paths)
2026-05-22 00:26:42,735 - INFO - Processed test_validation_box_success_returns_success_flag.dot: Score=0.3326 (1 paths)
2026-05-22 00:26:42,907 - INFO - Processed test_validation_to_lazy_bind_none_to_lazy.dot: Score=0.2816 (2 paths)
2026-05-22 00:26:43,217 - INFO - Processed test_validation_try_from_lazy_success_verification.dot: Score=0.2427 (4 paths)
2026-05-22 00:26:43,379 - INFO - Processed test_validation_to_try_returns_success_for_valid_input.dot: Score=0.2653 (2 paths)
2026-05-22 00:26:52,931 - INFO - Processed test_validation_eq_and_conversion_operations_with_none_key.dot: Score=0.1336 (50 paths)
2026-05-22 00:26:54,715 - INFO - Processed test_validation_equality_and_maybe_conversion_with_bytes.dot: Score=0.1802 (8 paths)
2026-05-22 00:26:55,493 - INFO - Processed test_validation_equality_with_bytes_and_none_types.dot: Score=0.1890 (8 paths)
<unknown>:24: SyntaxWarning: invalid escape sequence '\['
<unknown>:25: SyntaxWarning: invalid escape sequence '\['
<unknown>:26: SyntaxWarning: invalid escape sequence '\('
<unknown>:27: SyntaxWarning: invalid escape sequence '\('
<unknown>:28: SyntaxWarning: invalid escape sequence '\e'
2026-05-22 00:27:08,539 - INFO - HTTP Request: POST https://api.deepseek.com/chat/completions "HTTP/1.1 200 OK"
2026-05-22 00:27:19,256 - INFO - HTTP Request: POST https://api.deepseek.com/chat/completions "HTTP/1.1 200 OK"
2026-05-22 00:27:21,213 - INFO - HTTP Request: POST https://api.deepseek.com/chat/completions "HTTP/1.1 200 OK"
2026-05-22 00:27:31,658 - INFO - HTTP Request: POST https://api.deepseek.com/chat/completions "HTTP/1.1 200 OK"
2026-05-22 00:27:32,978 - INFO - HTTP Request: POST https://api.deepseek.com/chat/completions "HTTP/1.1 200 OK"
2026-05-22 00:27:42,913 - INFO - HTTP Request: POST https://api.deepseek.com/chat/completions "HTTP/1.1 200 OK"
2026-05-22 00:27:44,316 - INFO - HTTP Request: POST https://api.deepseek.com/chat/completions "HTTP/1.1 200 OK"
2026-05-22 00:27:54,267 - INFO - HTTP Request: POST https://api.deepseek.com/chat/completions "HTTP/1.1 200 OK"
2026-05-22 00:27:55,420 - INFO - HTTP Request: POST https://api.deepseek.com/chat/completions "HTTP/1.1 200 OK"
2026-05-22 00:28:05,506 - INFO - HTTP Request: POST https://api.deepseek.com/chat/completions "HTTP/1.1 200 OK"
2026-05-22 00:28:07,062 - INFO - HTTP Request: POST https://api.deepseek.com/chat/completions "HTTP/1.1 200 OK"
2026-05-22 00:28:17,218 - INFO - HTTP Request: POST https://api.deepseek.com/chat/completions "HTTP/1.1 200 OK"
2026-05-22 00:28:18,518 - INFO - HTTP Request: POST https://api.deepseek.com/chat/completions "HTTP/1.1 200 OK"
2026-05-22 00:28:28,506 - INFO - HTTP Request: POST https://api.deepseek.com/chat/completions "HTTP/1.1 200 OK"
2026-05-22 00:28:29,380 - INFO - HTTP Request: POST https://api.deepseek.com/chat/completions "HTTP/1.1 200 OK"
2026-05-22 00:28:38,863 - INFO - HTTP Request: POST https://api.deepseek.com/chat/completions "HTTP/1.1 200 OK"
2026-05-22 00:28:40,266 - INFO - HTTP Request: POST https://api.deepseek.com/chat/completions "HTTP/1.1 200 OK"
2026-05-22 00:28:50,269 - INFO - HTTP Request: POST https://api.deepseek.com/chat/completions "HTTP/1.1 200 OK"
2026-05-22 00:28:51,202 - INFO - HTTP Request: POST https://api.deepseek.com/chat/completions "HTTP/1.1 200 OK"
2026-05-22 00:29:00,999 - INFO - HTTP Request: POST https://api.deepseek.com/chat/completions "HTTP/1.1 200 OK"
2026-05-22 00:29:02,576 - INFO - HTTP Request: POST https://api.deepseek.com/chat/completions "HTTP/1.1 200 OK"
2026-05-22 00:29:12,557 - INFO - HTTP Request: POST https://api.deepseek.com/chat/completions "HTTP/1.1 200 OK"
2026-05-22 00:29:13,731 - INFO - HTTP Request: POST https://api.deepseek.com/chat/completions "HTTP/1.1 200 OK"
2026-05-22 00:29:23,449 - INFO - HTTP Request: POST https://api.deepseek.com/chat/completions "HTTP/1.1 200 OK"
2026-05-22 00:29:24,765 - INFO - HTTP Request: POST https://api.deepseek.com/chat/completions "HTTP/1.1 200 OK"
2026-05-22 00:29:34,564 - INFO - HTTP Request: POST https://api.deepseek.com/chat/completions "HTTP/1.1 200 OK"
2026-05-22 00:29:35,956 - INFO - HTTP Request: POST https://api.deepseek.com/chat/completions "HTTP/1.1 200 OK"
2026-05-22 00:29:46,135 - INFO - HTTP Request: POST https://api.deepseek.com/chat/completions "HTTP/1.1 200 OK"
2026-05-22 00:29:47,612 - INFO - HTTP Request: POST https://api.deepseek.com/chat/completions "HTTP/1.1 200 OK"
2026-05-22 00:29:57,477 - INFO - HTTP Request: POST https://api.deepseek.com/chat/completions "HTTP/1.1 200 OK"
2026-05-22 00:29:59,062 - INFO - HTTP Request: POST https://api.deepseek.com/chat/completions "HTTP/1.1 200 OK"
2026-05-22 00:30:09,822 - INFO - HTTP Request: POST https://api.deepseek.com/chat/completions "HTTP/1.1 200 OK"
2026-05-22 00:30:10,957 - INFO - HTTP Request: POST https://api.deepseek.com/chat/completions "HTTP/1.1 200 OK"
2026-05-22 00:30:20,916 - INFO - HTTP Request: POST https://api.deepseek.com/chat/completions "HTTP/1.1 200 OK"
2026-05-22 00:30:23,490 - INFO - HTTP Request: POST https://api.deepseek.com/chat/completions "HTTP/1.1 200 OK"
2026-05-22 00:30:34,591 - INFO - HTTP Request: POST https://api.deepseek.com/chat/completions "HTTP/1.1 200 OK"
2026-05-22 00:30:36,807 - INFO - HTTP Request: POST https://api.deepseek.com/chat/completions "HTTP/1.1 200 OK"
2026-05-22 00:30:47,354 - INFO - HTTP Request: POST https://api.deepseek.com/chat/completions "HTTP/1.1 200 OK"
2026-05-22 00:30:48,852 - INFO - HTTP Request: POST https://api.deepseek.com/chat/completions "HTTP/1.1 200 OK"
2026-05-22 00:30:52,316 - INFO - HTTP Request: POST https://api.deepseek.com/chat/completions "HTTP/1.1 200 OK"
2026-05-22 00:31:03,904 - INFO - Loading model: microsoft/codebert-base-mlm
/data/users/eliassam/miniforge3/lib/python3.12/site-packages/transformers/tokenization_utils_base.py:1601: FutureWarning: `clean_up_tokenization_spaces` was not set. It will be set to `True` by default. This behavior will be depracted in transformers v4.45, and will be then set to `False` by default. For more details check this issue: https://github.com/huggingface/transformers/issues/31884
  warnings.warn(
Some weights of the model checkpoint at microsoft/codebert-base-mlm were not used when initializing RobertaForMaskedLM: ['roberta.pooler.dense.bias', 'roberta.pooler.dense.weight']
- This IS expected if you are initializing RobertaForMaskedLM from the checkpoint of a model trained on another task or with another architecture (e.g. initializing a BertForSequenceClassification model from a BertForPreTraining model).
- This IS NOT expected if you are initializing RobertaForMaskedLM from the checkpoint of a model that you expect to be exactly identical (initializing a BertForSequenceClassification model from a BertForSequenceClassification model).
2026-05-22 00:31:05,449 - INFO - Processed __main__.dot: Score=0.6366 (1 paths)
2026-05-22 00:31:05,718 - INFO - Processed test_case_0.dot: Score=0.1988 (3 paths)
2026-05-22 00:31:05,940 - INFO - Processed test_case_1.dot: Score=0.2951 (3 paths)
2026-05-22 00:31:06,023 - INFO - Processed test_case_2.dot: Score=0.3315 (1 paths)
2026-05-22 00:31:06,171 - INFO - Processed test_case_3.dot: Score=0.3254 (2 paths)
2026-05-22 00:31:06,435 - INFO - Processed test_case_4.dot: Score=0.2015 (3 paths)
2026-05-22 00:31:06,519 - INFO - Processed test_case_5.dot: Score=0.3145 (1 paths)
2026-05-22 00:31:06,592 - INFO - Processed test_case_6.dot: Score=0.4208 (1 paths)
2026-05-22 00:31:06,673 - INFO - Processed test_case_7.dot: Score=0.4330 (1 paths)
2026-05-22 00:31:06,754 - INFO - Processed test_case_8.dot: Score=0.3603 (1 paths)
2026-05-22 00:31:07,130 - INFO - Processed test_case_9.dot: Score=0.3010 (5 paths)
2026-05-22 00:31:07,294 - INFO - Processed test_case_10.dot: Score=0.2613 (2 paths)
2026-05-22 00:31:07,495 - INFO - Processed test_case_11.dot: Score=0.3964 (3 paths)
2026-05-22 00:31:07,577 - INFO - Processed test_case_12.dot: Score=0.3346 (1 paths)
2026-05-22 00:31:07,731 - INFO - Processed test_case_13.dot: Score=0.3121 (2 paths)
2026-05-22 00:31:08,013 - INFO - Processed test_case_14.dot: Score=0.2706 (4 paths)
2026-05-22 00:31:08,157 - INFO - Processed test_case_15.dot: Score=0.3106 (2 paths)
2026-05-22 00:31:17,628 - INFO - Processed test_case_16.dot: Score=0.1145 (50 paths)
2026-05-22 00:31:19,035 - INFO - Processed test_case_17.dot: Score=0.2567 (8 paths)
2026-05-22 00:31:19,741 - INFO - Processed test_case_18.dot: Score=0.2356 (8 paths)
2026-05-22 00:31:19,871 - INFO - Processed __main__.dot: Score=0.6411 (1 paths)
2026-05-22 00:31:20,156 - INFO - Processed test_validation_is_success_and_is_fail_with_empty_maybe.dot: Score=0.2043 (3 paths)
2026-05-22 00:31:20,756 - INFO - Processed test_validation_equality_with_none_returns_success.dot: Score=0.2933 (3 paths)
2026-05-22 00:31:20,847 - INFO - Processed test_validation_str_returns_fail_status_for_empty_dicts.dot: Score=0.2442 (1 paths)
2026-05-22 00:31:21,002 - INFO - Processed test_validation_empty_sets_to_either_and_maybe.dot: Score=0.2607 (2 paths)
2026-05-22 00:31:21,290 - INFO - Processed test_validation_to_either_and_is_fail_with_string_arguments.dot: Score=0.2329 (3 paths)
2026-05-22 00:31:21,381 - INFO - Processed test_validation_to_maybe_returns_maybe_that_supports_chaining.dot: Score=0.2680 (1 paths)
2026-05-22 00:31:21,451 - INFO - Processed test_validation_with_none_input.dot: Score=0.3755 (1 paths)
2026-05-22 00:31:21,539 - INFO - Processed test_validation_to_maybe_returns_none_for_none_input.dot: Score=0.2946 (1 paths)
2026-05-22 00:31:21,621 - INFO - Processed test_validation_is_fail_returns_false_for_valid_object.dot: Score=0.3561 (1 paths)
2026-05-22 00:31:22,016 - INFO - Processed test_validation_map_with_none_input.dot: Score=0.2424 (5 paths)
2026-05-22 00:31:22,182 - INFO - Processed test_validation_bind_accepts_none.dot: Score=0.2655 (2 paths)
2026-05-22 00:31:22,395 - INFO - Processed test_validation_ap_with_list_of_true_values_on_false_instance.dot: Score=0.2914 (3 paths)
2026-05-22 00:31:22,486 - INFO - Processed test_validation_to_box_returns_success_for_true_initial_value.dot: Score=0.2577 (1 paths)
2026-05-22 00:31:22,586 - INFO - Processed test_validation_bind_and_to_lazy_work_together.dot: Score=0.2896 (1 paths)
2026-05-22 00:31:22,923 - INFO - Processed test_validation_to_lazy_and_try_ap_returns_success.dot: Score=0.2902 (4 paths)
2026-05-22 00:31:23,081 - INFO - Processed test_validation_to_try_returns_success_result.dot: Score=0.2559 (2 paths)
2026-05-22 00:31:32,843 - INFO - Processed test_validation_equality_and_transformations_complex.dot: Score=0.1471 (50 paths)
2026-05-22 00:31:33,772 - INFO - Processed test_custom_validation_equality_and_bind_with_bytes_keys.dot: Score=0.2100 (8 paths)
2026-05-22 00:31:34,874 - INFO - Processed test_validation_equality_and_box_conversion.dot: Score=0.2431 (8 paths)
<unknown>:24: SyntaxWarning: invalid escape sequence '\['
<unknown>:25: SyntaxWarning: invalid escape sequence '\['
<unknown>:26: SyntaxWarning: invalid escape sequence '\('
<unknown>:27: SyntaxWarning: invalid escape sequence '\('
<unknown>:28: SyntaxWarning: invalid escape sequence '\e'
2026-05-22 00:31:45,346 - INFO - HTTP Request: POST https://api.deepseek.com/chat/completions "HTTP/1.1 200 OK"
2026-05-22 00:31:55,920 - INFO - HTTP Request: POST https://api.deepseek.com/chat/completions "HTTP/1.1 200 OK"
2026-05-22 00:31:57,351 - INFO - HTTP Request: POST https://api.deepseek.com/chat/completions "HTTP/1.1 200 OK"
2026-05-22 00:32:07,476 - INFO - HTTP Request: POST https://api.deepseek.com/chat/completions "HTTP/1.1 200 OK"
2026-05-22 00:32:08,935 - INFO - HTTP Request: POST https://api.deepseek.com/chat/completions "HTTP/1.1 200 OK"
2026-05-22 00:32:18,839 - INFO - HTTP Request: POST https://api.deepseek.com/chat/completions "HTTP/1.1 200 OK"
2026-05-22 00:32:20,002 - INFO - HTTP Request: POST https://api.deepseek.com/chat/completions "HTTP/1.1 200 OK"
2026-05-22 00:32:29,843 - INFO - HTTP Request: POST https://api.deepseek.com/chat/completions "HTTP/1.1 200 OK"
2026-05-22 00:32:31,023 - INFO - HTTP Request: POST https://api.deepseek.com/chat/completions "HTTP/1.1 200 OK"
2026-05-22 00:32:40,602 - INFO - HTTP Request: POST https://api.deepseek.com/chat/completions "HTTP/1.1 200 OK"
2026-05-22 00:32:42,314 - INFO - HTTP Request: POST https://api.deepseek.com/chat/completions "HTTP/1.1 200 OK"
2026-05-22 00:32:52,521 - INFO - HTTP Request: POST https://api.deepseek.com/chat/completions "HTTP/1.1 200 OK"
2026-05-22 00:32:53,788 - INFO - HTTP Request: POST https://api.deepseek.com/chat/completions "HTTP/1.1 200 OK"
2026-05-22 00:33:03,786 - INFO - HTTP Request: POST https://api.deepseek.com/chat/completions "HTTP/1.1 200 OK"
2026-05-22 00:33:04,827 - INFO - HTTP Request: POST https://api.deepseek.com/chat/completions "HTTP/1.1 200 OK"
2026-05-22 00:33:14,311 - INFO - HTTP Request: POST https://api.deepseek.com/chat/completions "HTTP/1.1 200 OK"
2026-05-22 00:33:15,791 - INFO - HTTP Request: POST https://api.deepseek.com/chat/completions "HTTP/1.1 200 OK"
2026-05-22 00:33:25,893 - INFO - HTTP Request: POST https://api.deepseek.com/chat/completions "HTTP/1.1 200 OK"
2026-05-22 00:33:27,183 - INFO - HTTP Request: POST https://api.deepseek.com/chat/completions "HTTP/1.1 200 OK"
2026-05-22 00:33:37,016 - INFO - HTTP Request: POST https://api.deepseek.com/chat/completions "HTTP/1.1 200 OK"
2026-05-22 00:33:38,342 - INFO - HTTP Request: POST https://api.deepseek.com/chat/completions "HTTP/1.1 200 OK"
2026-05-22 00:33:48,232 - INFO - HTTP Request: POST https://api.deepseek.com/chat/completions "HTTP/1.1 200 OK"
2026-05-22 00:33:49,532 - INFO - HTTP Request: POST https://api.deepseek.com/chat/completions "HTTP/1.1 200 OK"
2026-05-22 00:33:59,517 - INFO - HTTP Request: POST https://api.deepseek.com/chat/completions "HTTP/1.1 200 OK"
2026-05-22 00:34:00,918 - INFO - HTTP Request: POST https://api.deepseek.com/chat/completions "HTTP/1.1 200 OK"
2026-05-22 00:34:11,129 - INFO - HTTP Request: POST https://api.deepseek.com/chat/completions "HTTP/1.1 200 OK"
2026-05-22 00:34:12,187 - INFO - HTTP Request: POST https://api.deepseek.com/chat/completions "HTTP/1.1 200 OK"
2026-05-22 00:34:22,106 - INFO - HTTP Request: POST https://api.deepseek.com/chat/completions "HTTP/1.1 200 OK"
2026-05-22 00:34:23,580 - INFO - HTTP Request: POST https://api.deepseek.com/chat/completions "HTTP/1.1 200 OK"
2026-05-22 00:34:33,444 - INFO - HTTP Request: POST https://api.deepseek.com/chat/completions "HTTP/1.1 200 OK"
2026-05-22 00:34:34,892 - INFO - HTTP Request: POST https://api.deepseek.com/chat/completions "HTTP/1.1 200 OK"
2026-05-22 00:34:44,927 - INFO - HTTP Request: POST https://api.deepseek.com/chat/completions "HTTP/1.1 200 OK"
2026-05-22 00:34:46,033 - INFO - HTTP Request: POST https://api.deepseek.com/chat/completions "HTTP/1.1 200 OK"
2026-05-22 00:34:55,699 - INFO - HTTP Request: POST https://api.deepseek.com/chat/completions "HTTP/1.1 200 OK"
2026-05-22 00:34:58,755 - INFO - HTTP Request: POST https://api.deepseek.com/chat/completions "HTTP/1.1 200 OK"
2026-05-22 00:35:10,498 - INFO - HTTP Request: POST https://api.deepseek.com/chat/completions "HTTP/1.1 200 OK"
2026-05-22 00:35:12,189 - INFO - HTTP Request: POST https://api.deepseek.com/chat/completions "HTTP/1.1 200 OK"
2026-05-22 00:35:22,563 - INFO - HTTP Request: POST https://api.deepseek.com/chat/completions "HTTP/1.1 200 OK"
2026-05-22 00:35:24,482 - INFO - HTTP Request: POST https://api.deepseek.com/chat/completions "HTTP/1.1 200 OK"
2026-05-22 00:35:28,348 - INFO - HTTP Request: POST https://api.deepseek.com/chat/completions "HTTP/1.1 200 OK"
2026-05-22 00:35:40,926 - INFO - Loading model: microsoft/codebert-base-mlm
/data/users/eliassam/miniforge3/lib/python3.12/site-packages/transformers/tokenization_utils_base.py:1601: FutureWarning: `clean_up_tokenization_spaces` was not set. It will be set to `True` by default. This behavior will be depracted in transformers v4.45, and will be then set to `False` by default. For more details check this issue: https://github.com/huggingface/transformers/issues/31884
  warnings.warn(
Some weights of the model checkpoint at microsoft/codebert-base-mlm were not used when initializing RobertaForMaskedLM: ['roberta.pooler.dense.bias', 'roberta.pooler.dense.weight']
- This IS expected if you are initializing RobertaForMaskedLM from the checkpoint of a model trained on another task or with another architecture (e.g. initializing a BertForSequenceClassification model from a BertForPreTraining model).
- This IS NOT expected if you are initializing RobertaForMaskedLM from the checkpoint of a model that you expect to be exactly identical (initializing a BertForSequenceClassification model from a BertForSequenceClassification model).
2026-05-22 00:35:42,491 - INFO - Processed __main__.dot: Score=0.6366 (1 paths)
2026-05-22 00:35:42,755 - INFO - Processed test_case_0.dot: Score=0.1988 (3 paths)
2026-05-22 00:35:42,977 - INFO - Processed test_case_1.dot: Score=0.2951 (3 paths)
2026-05-22 00:35:43,059 - INFO - Processed test_case_2.dot: Score=0.3315 (1 paths)
2026-05-22 00:35:43,208 - INFO - Processed test_case_3.dot: Score=0.3254 (2 paths)
2026-05-22 00:35:43,475 - INFO - Processed test_case_4.dot: Score=0.2015 (3 paths)
2026-05-22 00:35:43,559 - INFO - Processed test_case_5.dot: Score=0.3145 (1 paths)
2026-05-22 00:35:43,631 - INFO - Processed test_case_6.dot: Score=0.4208 (1 paths)
2026-05-22 00:35:43,712 - INFO - Processed test_case_7.dot: Score=0.4330 (1 paths)
2026-05-22 00:35:43,793 - INFO - Processed test_case_8.dot: Score=0.3603 (1 paths)
2026-05-22 00:35:44,167 - INFO - Processed test_case_9.dot: Score=0.3010 (5 paths)
2026-05-22 00:35:44,330 - INFO - Processed test_case_10.dot: Score=0.2613 (2 paths)
2026-05-22 00:35:44,530 - INFO - Processed test_case_11.dot: Score=0.3964 (3 paths)
2026-05-22 00:35:44,612 - INFO - Processed test_case_12.dot: Score=0.3346 (1 paths)
2026-05-22 00:35:44,765 - INFO - Processed test_case_13.dot: Score=0.3121 (2 paths)
2026-05-22 00:35:45,046 - INFO - Processed test_case_14.dot: Score=0.2706 (4 paths)
2026-05-22 00:35:45,191 - INFO - Processed test_case_15.dot: Score=0.3106 (2 paths)
2026-05-22 00:35:54,727 - INFO - Processed test_case_16.dot: Score=0.1145 (50 paths)
2026-05-22 00:35:55,508 - INFO - Processed test_case_17.dot: Score=0.2567 (8 paths)
2026-05-22 00:35:56,215 - INFO - Processed test_case_18.dot: Score=0.2356 (8 paths)
2026-05-22 00:35:56,344 - INFO - Processed __main__.dot: Score=0.5531 (1 paths)
2026-05-22 00:35:56,626 - INFO - Processed test_validation_with_string_input_returns_success_failure_and_maybe.dot: Score=0.2365 (3 paths)
2026-05-22 00:35:56,789 - INFO - Processed test_validation_equality_with_none_returns_success.dot: Score=0.3952 (2 paths)
2026-05-22 00:35:56,880 - INFO - Processed test_validation_str_returns_fail_for_empty_dicts.dot: Score=0.3137 (1 paths)
2026-05-22 00:35:57,041 - INFO - Processed test_validation_conversion_to_either_and_maybe.dot: Score=0.4679 (2 paths)
2026-05-22 00:35:57,313 - INFO - Processed test_validation_to_either_equality_and_fail_maybe.dot: Score=0.1841 (3 paths)
2026-05-22 00:35:57,472 - INFO - Processed test_to_maybe_returns_object_that_supports_to_maybe.dot: Score=0.2636 (2 paths)
2026-05-22 00:35:57,599 - INFO - Processed test_validation_creation_with_both_fields_none.dot: Score=0.4188 (2 paths)
2026-05-22 00:35:57,687 - INFO - Processed test_to_maybe_handles_none_value_and_error.dot: Score=0.2970 (1 paths)
2026-05-22 00:35:57,772 - INFO - Processed test_is_fail_returns_something_with_no_errors.dot: Score=0.3530 (1 paths)
2026-05-22 00:35:58,161 - INFO - Processed test_validation_map_handles_none_gracefully.dot: Score=0.3280 (5 paths)
2026-05-22 00:35:58,332 - INFO - Processed test_validation_bind_with_none_after_arbitrary_bytes.dot: Score=0.2397 (2 paths)
2026-05-22 00:35:58,545 - INFO - Processed test_validation_append_with_all_positive_values.dot: Score=0.3320 (3 paths)
2026-05-22 00:35:58,644 - INFO - Processed test_validation_to_box_is_success_returns_correctly.dot: Score=0.2463 (1 paths)
2026-05-22 00:36:00,604 - INFO - Processed test_validation_to_lazy_and_bind_followed_by_to_lazy.dot: Score=0.3743 (3 paths)
2026-05-22 00:36:01,653 - INFO - Processed test_validation_to_lazy_try_ap_and_is_success_with_empty_dicts.dot: Score=0.2879 (8 paths)
2026-05-22 00:36:01,814 - INFO - Processed test_validation_to_try_returns_success_when_valid.dot: Score=0.2642 (2 paths)
2026-05-22 00:36:15,355 - INFO - Processed test_validation_equality_chain_conversion_and_lazy_combination.dot: Score=0.1023 (50 paths)
2026-05-22 00:36:16,162 - INFO - Processed test_validation_equality_and_to_maybe_conversion.dot: Score=0.2071 (8 paths)
2026-05-22 00:36:17,035 - INFO - Processed test_validation_eq_returns_object_with_to_box.dot: Score=0.1979 (8 paths)
<unknown>:24: SyntaxWarning: invalid escape sequence '\['
<unknown>:25: SyntaxWarning: invalid escape sequence '\['
<unknown>:26: SyntaxWarning: invalid escape sequence '\('
<unknown>:27: SyntaxWarning: invalid escape sequence '\('
<unknown>:28: SyntaxWarning: invalid escape sequence '\e'
2026-05-22 00:36:27,456 - INFO - HTTP Request: POST https://api.deepseek.com/chat/completions "HTTP/1.1 200 OK"
2026-05-22 00:36:37,802 - INFO - HTTP Request: POST https://api.deepseek.com/chat/completions "HTTP/1.1 200 OK"
2026-05-22 00:36:39,051 - INFO - HTTP Request: POST https://api.deepseek.com/chat/completions "HTTP/1.1 200 OK"
2026-05-22 00:36:48,515 - INFO - HTTP Request: POST https://api.deepseek.com/chat/completions "HTTP/1.1 200 OK"
2026-05-22 00:36:49,766 - INFO - HTTP Request: POST https://api.deepseek.com/chat/completions "HTTP/1.1 200 OK"
2026-05-22 00:36:53,023 - INFO - HTTP Request: POST https://api.deepseek.com/chat/completions "HTTP/1.1 200 OK"
2026-05-22 00:36:55,643 - INFO - Loading model: microsoft/codebert-base-mlm
/data/users/eliassam/miniforge3/lib/python3.12/site-packages/transformers/tokenization_utils_base.py:1601: FutureWarning: `clean_up_tokenization_spaces` was not set. It will be set to `True` by default. This behavior will be depracted in transformers v4.45, and will be then set to `False` by default. For more details check this issue: https://github.com/huggingface/transformers/issues/31884
  warnings.warn(
Some weights of the model checkpoint at microsoft/codebert-base-mlm were not used when initializing RobertaForMaskedLM: ['roberta.pooler.dense.bias', 'roberta.pooler.dense.weight']
- This IS expected if you are initializing RobertaForMaskedLM from the checkpoint of a model trained on another task or with another architecture (e.g. initializing a BertForSequenceClassification model from a BertForPreTraining model).
- This IS NOT expected if you are initializing RobertaForMaskedLM from the checkpoint of a model that you expect to be exactly identical (initializing a BertForSequenceClassification model from a BertForSequenceClassification model).
2026-05-22 00:36:57,286 - INFO - Processed __main__.dot: Score=0.8122 (1 paths)
2026-05-22 00:36:58,033 - INFO - Processed test_case_0.dot: Score=0.9248 (1 paths)
2026-05-22 00:36:58,115 - INFO - Processed test_case_1.dot: Score=0.5091 (1 paths)
2026-05-22 00:36:58,196 - INFO - Processed __main__.dot: Score=0.6912 (1 paths)
2026-05-22 00:36:58,266 - INFO - Processed test_read_journal_entries.dot: Score=0.5800 (1 paths)
2026-05-22 00:36:58,364 - INFO - Processed test_journal_entry_validate_returns_none_for_none_inputs.dot: Score=0.3416 (1 paths)
<unknown>:24: SyntaxWarning: invalid escape sequence '\['
<unknown>:25: SyntaxWarning: invalid escape sequence '\['
<unknown>:26: SyntaxWarning: invalid escape sequence '\('
<unknown>:27: SyntaxWarning: invalid escape sequence '\('
<unknown>:28: SyntaxWarning: invalid escape sequence '\e'
2026-05-22 00:37:08,261 - INFO - HTTP Request: POST https://api.deepseek.com/chat/completions "HTTP/1.1 200 OK"
2026-05-22 00:37:18,426 - INFO - HTTP Request: POST https://api.deepseek.com/chat/completions "HTTP/1.1 200 OK"
2026-05-22 00:37:19,229 - INFO - HTTP Request: POST https://api.deepseek.com/chat/completions "HTTP/1.1 200 OK"
2026-05-22 00:37:28,897 - INFO - HTTP Request: POST https://api.deepseek.com/chat/completions "HTTP/1.1 200 OK"
2026-05-22 00:37:29,790 - INFO - HTTP Request: POST https://api.deepseek.com/chat/completions "HTTP/1.1 200 OK"
2026-05-22 00:37:32,260 - INFO - HTTP Request: POST https://api.deepseek.com/chat/completions "HTTP/1.1 200 OK"
2026-05-22 00:37:34,476 - INFO - Loading model: microsoft/codebert-base-mlm
/data/users/eliassam/miniforge3/lib/python3.12/site-packages/transformers/tokenization_utils_base.py:1601: FutureWarning: `clean_up_tokenization_spaces` was not set. It will be set to `True` by default. This behavior will be depracted in transformers v4.45, and will be then set to `False` by default. For more details check this issue: https://github.com/huggingface/transformers/issues/31884
  warnings.warn(
Some weights of the model checkpoint at microsoft/codebert-base-mlm were not used when initializing RobertaForMaskedLM: ['roberta.pooler.dense.bias', 'roberta.pooler.dense.weight']
- This IS expected if you are initializing RobertaForMaskedLM from the checkpoint of a model trained on another task or with another architecture (e.g. initializing a BertForSequenceClassification model from a BertForPreTraining model).
- This IS NOT expected if you are initializing RobertaForMaskedLM from the checkpoint of a model that you expect to be exactly identical (initializing a BertForSequenceClassification model from a BertForSequenceClassification model).
2026-05-22 00:37:36,699 - INFO - Processed __main__.dot: Score=0.8122 (1 paths)
2026-05-22 00:37:36,836 - INFO - Processed test_case_0.dot: Score=0.9248 (1 paths)
2026-05-22 00:37:36,918 - INFO - Processed test_case_1.dot: Score=0.5091 (1 paths)
2026-05-22 00:37:37,001 - INFO - Processed __main__.dot: Score=0.6912 (1 paths)
2026-05-22 00:37:37,072 - INFO - Processed test_read_journal_entries_returns_correctly.dot: Score=0.5699 (1 paths)
2026-05-22 00:37:37,157 - INFO - Processed test_journal_entry_validate_with_all_none_values_returns_none.dot: Score=0.3942 (1 paths)
<unknown>:24: SyntaxWarning: invalid escape sequence '\['
<unknown>:25: SyntaxWarning: invalid escape sequence '\['
<unknown>:26: SyntaxWarning: invalid escape sequence '\('
<unknown>:27: SyntaxWarning: invalid escape sequence '\('
<unknown>:28: SyntaxWarning: invalid escape sequence '\e'
2026-05-22 00:37:49,598 - INFO - HTTP Request: POST https://api.deepseek.com/chat/completions "HTTP/1.1 200 OK"
2026-05-22 00:38:01,452 - INFO - HTTP Request: POST https://api.deepseek.com/chat/completions "HTTP/1.1 200 OK"
2026-05-22 00:38:02,322 - INFO - HTTP Request: POST https://api.deepseek.com/chat/completions "HTTP/1.1 200 OK"
2026-05-22 00:38:12,952 - INFO - HTTP Request: POST https://api.deepseek.com/chat/completions "HTTP/1.1 200 OK"
2026-05-22 00:38:13,948 - INFO - HTTP Request: POST https://api.deepseek.com/chat/completions "HTTP/1.1 200 OK"
2026-05-22 00:38:18,001 - INFO - HTTP Request: POST https://api.deepseek.com/chat/completions "HTTP/1.1 200 OK"
2026-05-22 00:38:21,111 - INFO - Loading model: microsoft/codebert-base-mlm
/data/users/eliassam/miniforge3/lib/python3.12/site-packages/transformers/tokenization_utils_base.py:1601: FutureWarning: `clean_up_tokenization_spaces` was not set. It will be set to `True` by default. This behavior will be depracted in transformers v4.45, and will be then set to `False` by default. For more details check this issue: https://github.com/huggingface/transformers/issues/31884
  warnings.warn(
Some weights of the model checkpoint at microsoft/codebert-base-mlm were not used when initializing RobertaForMaskedLM: ['roberta.pooler.dense.bias', 'roberta.pooler.dense.weight']
- This IS expected if you are initializing RobertaForMaskedLM from the checkpoint of a model trained on another task or with another architecture (e.g. initializing a BertForSequenceClassification model from a BertForPreTraining model).
- This IS NOT expected if you are initializing RobertaForMaskedLM from the checkpoint of a model that you expect to be exactly identical (initializing a BertForSequenceClassification model from a BertForSequenceClassification model).
2026-05-22 00:38:23,071 - INFO - Processed __main__.dot: Score=0.8122 (1 paths)
2026-05-22 00:38:23,146 - INFO - Processed test_case_0.dot: Score=0.9248 (1 paths)
2026-05-22 00:38:23,250 - INFO - Processed test_case_1.dot: Score=0.5091 (1 paths)
2026-05-22 00:38:23,900 - INFO - Processed __main__.dot: Score=0.6912 (1 paths)
2026-05-22 00:38:23,984 - INFO - Processed test_read_journal_entries.dot: Score=0.5756 (1 paths)
2026-05-22 00:38:24,099 - INFO - Processed test_journal_entry_validate_returns_none_for_none_fields.dot: Score=0.4020 (1 paths)
<unknown>:24: SyntaxWarning: invalid escape sequence '\['
<unknown>:25: SyntaxWarning: invalid escape sequence '\['
<unknown>:26: SyntaxWarning: invalid escape sequence '\('
<unknown>:27: SyntaxWarning: invalid escape sequence '\('
<unknown>:28: SyntaxWarning: invalid escape sequence '\e'
2026-05-22 00:38:35,363 - INFO - HTTP Request: POST https://api.deepseek.com/chat/completions "HTTP/1.1 200 OK"
2026-05-22 00:38:46,883 - INFO - HTTP Request: POST https://api.deepseek.com/chat/completions "HTTP/1.1 200 OK"
2026-05-22 00:38:48,648 - INFO - HTTP Request: POST https://api.deepseek.com/chat/completions "HTTP/1.1 200 OK"
2026-05-22 00:38:59,449 - INFO - HTTP Request: POST https://api.deepseek.com/chat/completions "HTTP/1.1 200 OK"
2026-05-22 00:39:00,883 - INFO - HTTP Request: POST https://api.deepseek.com/chat/completions "HTTP/1.1 200 OK"
2026-05-22 00:39:14,059 - INFO - HTTP Request: POST https://api.deepseek.com/chat/completions "HTTP/1.1 200 OK"
2026-05-22 00:39:15,528 - INFO - HTTP Request: POST https://api.deepseek.com/chat/completions "HTTP/1.1 200 OK"
2026-05-22 00:39:26,294 - INFO - HTTP Request: POST https://api.deepseek.com/chat/completions "HTTP/1.1 200 OK"
2026-05-22 00:39:27,389 - INFO - HTTP Request: POST https://api.deepseek.com/chat/completions "HTTP/1.1 200 OK"
2026-05-22 00:39:37,847 - INFO - HTTP Request: POST https://api.deepseek.com/chat/completions "HTTP/1.1 200 OK"
2026-05-22 00:39:38,762 - INFO - HTTP Request: POST https://api.deepseek.com/chat/completions "HTTP/1.1 200 OK"
2026-05-22 00:39:48,913 - INFO - HTTP Request: POST https://api.deepseek.com/chat/completions "HTTP/1.1 200 OK"
2026-05-22 00:39:49,936 - INFO - HTTP Request: POST https://api.deepseek.com/chat/completions "HTTP/1.1 200 OK"
2026-05-22 00:40:00,174 - INFO - HTTP Request: POST https://api.deepseek.com/chat/completions "HTTP/1.1 200 OK"
2026-05-22 00:40:01,432 - INFO - HTTP Request: POST https://api.deepseek.com/chat/completions "HTTP/1.1 200 OK"
2026-05-22 00:40:12,141 - INFO - HTTP Request: POST https://api.deepseek.com/chat/completions "HTTP/1.1 200 OK"
2026-05-22 00:40:13,387 - INFO - HTTP Request: POST https://api.deepseek.com/chat/completions "HTTP/1.1 200 OK"
2026-05-22 00:40:24,234 - INFO - HTTP Request: POST https://api.deepseek.com/chat/completions "HTTP/1.1 200 OK"
2026-05-22 00:40:25,350 - INFO - HTTP Request: POST https://api.deepseek.com/chat/completions "HTTP/1.1 200 OK"
2026-05-22 00:40:35,733 - INFO - HTTP Request: POST https://api.deepseek.com/chat/completions "HTTP/1.1 200 OK"
2026-05-22 00:40:37,095 - INFO - HTTP Request: POST https://api.deepseek.com/chat/completions "HTTP/1.1 200 OK"
2026-05-22 00:40:47,852 - INFO - HTTP Request: POST https://api.deepseek.com/chat/completions "HTTP/1.1 200 OK"
2026-05-22 00:40:49,121 - INFO - HTTP Request: POST https://api.deepseek.com/chat/completions "HTTP/1.1 200 OK"
2026-05-22 00:41:00,005 - INFO - HTTP Request: POST https://api.deepseek.com/chat/completions "HTTP/1.1 200 OK"
2026-05-22 00:41:01,556 - INFO - HTTP Request: POST https://api.deepseek.com/chat/completions "HTTP/1.1 200 OK"
2026-05-22 00:41:12,158 - INFO - HTTP Request: POST https://api.deepseek.com/chat/completions "HTTP/1.1 200 OK"
2026-05-22 00:41:13,105 - INFO - HTTP Request: POST https://api.deepseek.com/chat/completions "HTTP/1.1 200 OK"
2026-05-22 00:41:23,844 - INFO - HTTP Request: POST https://api.deepseek.com/chat/completions "HTTP/1.1 200 OK"
2026-05-22 00:41:25,556 - INFO - HTTP Request: POST https://api.deepseek.com/chat/completions "HTTP/1.1 200 OK"
2026-05-22 00:41:36,471 - INFO - HTTP Request: POST https://api.deepseek.com/chat/completions "HTTP/1.1 200 OK"
2026-05-22 00:41:37,801 - INFO - HTTP Request: POST https://api.deepseek.com/chat/completions "HTTP/1.1 200 OK"
2026-05-22 00:41:48,321 - INFO - HTTP Request: POST https://api.deepseek.com/chat/completions "HTTP/1.1 200 OK"
2026-05-22 00:41:49,570 - INFO - HTTP Request: POST https://api.deepseek.com/chat/completions "HTTP/1.1 200 OK"
2026-05-22 00:41:59,854 - INFO - HTTP Request: POST https://api.deepseek.com/chat/completions "HTTP/1.1 200 OK"
2026-05-22 00:42:01,347 - INFO - HTTP Request: POST https://api.deepseek.com/chat/completions "HTTP/1.1 200 OK"
2026-05-22 00:42:12,129 - INFO - HTTP Request: POST https://api.deepseek.com/chat/completions "HTTP/1.1 200 OK"
2026-05-22 00:42:13,671 - INFO - HTTP Request: POST https://api.deepseek.com/chat/completions "HTTP/1.1 200 OK"
2026-05-22 00:42:24,230 - INFO - HTTP Request: POST https://api.deepseek.com/chat/completions "HTTP/1.1 200 OK"
2026-05-22 00:42:25,711 - INFO - HTTP Request: POST https://api.deepseek.com/chat/completions "HTTP/1.1 200 OK"
2026-05-22 00:42:38,250 - INFO - HTTP Request: POST https://api.deepseek.com/chat/completions "HTTP/1.1 200 OK"
2026-05-22 00:42:40,038 - INFO - HTTP Request: POST https://api.deepseek.com/chat/completions "HTTP/1.1 200 OK"
2026-05-22 00:42:50,867 - INFO - HTTP Request: POST https://api.deepseek.com/chat/completions "HTTP/1.1 200 OK"
2026-05-22 00:42:52,629 - INFO - HTTP Request: POST https://api.deepseek.com/chat/completions "HTTP/1.1 200 OK"
2026-05-22 00:43:03,809 - INFO - HTTP Request: POST https://api.deepseek.com/chat/completions "HTTP/1.1 200 OK"
2026-05-22 00:43:05,193 - INFO - HTTP Request: POST https://api.deepseek.com/chat/completions "HTTP/1.1 200 OK"
2026-05-22 00:43:09,783 - INFO - HTTP Request: POST https://api.deepseek.com/chat/completions "HTTP/1.1 200 OK"
2026-05-22 00:43:22,419 - INFO - Loading model: microsoft/codebert-base-mlm
/data/users/eliassam/miniforge3/lib/python3.12/site-packages/transformers/tokenization_utils_base.py:1601: FutureWarning: `clean_up_tokenization_spaces` was not set. It will be set to `True` by default. This behavior will be depracted in transformers v4.45, and will be then set to `False` by default. For more details check this issue: https://github.com/huggingface/transformers/issues/31884
  warnings.warn(
Some weights of the model checkpoint at microsoft/codebert-base-mlm were not used when initializing RobertaForMaskedLM: ['roberta.pooler.dense.bias', 'roberta.pooler.dense.weight']
- This IS expected if you are initializing RobertaForMaskedLM from the checkpoint of a model trained on another task or with another architecture (e.g. initializing a BertForSequenceClassification model from a BertForPreTraining model).
- This IS NOT expected if you are initializing RobertaForMaskedLM from the checkpoint of a model that you expect to be exactly identical (initializing a BertForSequenceClassification model from a BertForSequenceClassification model).
2026-05-22 00:43:24,806 - INFO - Processed __main__.dot: Score=0.6150 (1 paths)
2026-05-22 00:43:25,609 - INFO - Processed test_case_0.dot: Score=0.3128 (1 paths)
2026-05-22 00:43:25,689 - INFO - Processed test_case_1.dot: Score=0.4646 (1 paths)
2026-05-22 00:43:25,894 - INFO - Processed test_case_2.dot: Score=0.4144 (3 paths)
2026-05-22 00:43:25,970 - INFO - Processed test_case_3.dot: Score=0.3976 (1 paths)
2026-05-22 00:43:26,028 - INFO - Processed test_case_4.dot: Score=0.6781 (1 paths)
2026-05-22 00:43:26,100 - INFO - Processed test_case_5.dot: Score=0.4099 (1 paths)
2026-05-22 00:43:26,157 - INFO - Processed test_case_6.dot: Score=0.6312 (1 paths)
2026-05-22 00:43:26,237 - INFO - Processed test_case_7.dot: Score=0.4711 (1 paths)
2026-05-22 00:43:26,307 - INFO - Processed test_case_8.dot: Score=0.5279 (1 paths)
2026-05-22 00:43:26,516 - INFO - Processed test_case_9.dot: Score=0.3671 (3 paths)
2026-05-22 00:43:26,670 - INFO - Processed test_case_10.dot: Score=0.3866 (2 paths)
2026-05-22 00:43:26,804 - INFO - Processed test_case_11.dot: Score=0.3483 (2 paths)
2026-05-22 00:43:26,878 - INFO - Processed test_case_12.dot: Score=0.3994 (1 paths)
2026-05-22 00:43:26,952 - INFO - Processed test_case_13.dot: Score=0.3853 (1 paths)
2026-05-22 00:43:27,092 - INFO - Processed test_case_14.dot: Score=0.3140 (2 paths)
2026-05-22 00:43:27,168 - INFO - Processed test_case_15.dot: Score=0.3285 (1 paths)
2026-05-22 00:43:27,245 - INFO - Processed test_case_16.dot: Score=0.4410 (1 paths)
2026-05-22 00:43:27,319 - INFO - Processed test_case_17.dot: Score=0.4847 (1 paths)
2026-05-22 00:43:27,517 - INFO - Processed test_case_18.dot: Score=0.4395 (3 paths)
2026-05-22 00:43:27,968 - INFO - Processed test_case_19.dot: Score=0.2762 (6 paths)
2026-05-22 00:43:28,045 - INFO - Processed test_case_20.dot: Score=0.4823 (1 paths)
2026-05-22 00:43:28,251 - INFO - Processed test_case_21.dot: Score=0.3992 (3 paths)
2026-05-22 00:43:28,392 - INFO - Processed __main__.dot: Score=0.5197 (1 paths)
2026-05-22 00:43:28,495 - INFO - Processed test_illegal_use_of_scope_replacer_repr_executes_without_error.dot: Score=0.3500 (1 paths)
2026-05-22 00:43:28,589 - INFO - Processed test_illegal_use_of_scope_replacer_unicode_executes_without_error.dot: Score=0.2579 (1 paths)
2026-05-22 00:43:28,818 - INFO - Processed test_lazy_import_accepts_exception_instance_as_first_arg.dot: Score=0.3073 (3 paths)
2026-05-22 00:43:28,902 - INFO - Processed test_import_replacer_with_complex_number.dot: Score=0.3196 (1 paths)
2026-05-22 00:43:28,974 - INFO - Processed test_import_processor_creation.dot: Score=0.5414 (1 paths)
2026-05-22 00:43:29,057 - INFO - Processed test_lazy_import_with_apostrophe_in_name.dot: Score=0.3334 (1 paths)
2026-05-22 00:43:29,134 - INFO - Processed test_disallow_proxying_returns_none_successfully.dot: Score=0.4320 (1 paths)
2026-05-22 00:43:29,226 - INFO - Processed test_illegal_use_of_scope_replacer_repr_with_boolean.dot: Score=0.3296 (1 paths)
2026-05-22 00:43:29,307 - INFO - Processed test_lazy_import_with_string_name_and_source.dot: Score=0.3626 (1 paths)
2026-05-22 00:43:29,556 - INFO - Processed test_illegal_use_of_scope_replacer_unicode_with_boolean.dot: Score=0.2706 (3 paths)
2026-05-22 00:43:29,718 - INFO - Processed test_illegal_use_of_scope_replacer_equality_and_unicode.dot: Score=0.3407 (2 paths)
2026-05-22 00:43:29,943 - INFO - Processed test_lazy_import_with_malformed_module_and_attr.dot: Score=0.3474 (3 paths)
2026-05-22 00:43:30,027 - INFO - Processed test_lazy_import_with_string_formatting_pattern_as_arguments.dot: Score=0.3375 (1 paths)
2026-05-22 00:43:30,114 - INFO - Processed test_lazy_import_with_long_docstring_as_name_and_source.dot: Score=0.2939 (1 paths)
2026-05-22 00:43:30,287 - INFO - Processed test_disallow_proxying_then_lazy_import_with_empty_string_and_none.dot: Score=0.2936 (2 paths)
2026-05-22 00:43:30,374 - INFO - Processed test_lazy_import_with_docstring_like_string.dot: Score=0.3098 (1 paths)
2026-05-22 00:43:30,467 - INFO - Processed test_lazy_import_with_special_control_and_whitespace_characters.dot: Score=0.3036 (1 paths)
2026-05-22 00:43:30,547 - INFO - Processed test_import_replacer_constructor_with_dash_strings.dot: Score=0.4077 (1 paths)
2026-05-22 00:43:30,775 - INFO - Processed test_import_replacer_initialization_with_invalid_name.dot: Score=0.2765 (3 paths)
2026-05-22 00:43:31,273 - INFO - Processed test_cherry_pick_scope_replacer_with_empty_import_map.dot: Score=0.2483 (6 paths)
2026-05-22 00:43:31,364 - INFO - Processed test_lazy_import_with_garbled_text_as_name_does_not_raise_error.dot: Score=0.3442 (1 paths)
2026-05-22 00:43:31,608 - INFO - Processed test_import_replacer_setattr_with_dict_children.dot: Score=0.3486 (3 paths)
<unknown>:24: SyntaxWarning: invalid escape sequence '\['
<unknown>:25: SyntaxWarning: invalid escape sequence '\['
<unknown>:26: SyntaxWarning: invalid escape sequence '\('
<unknown>:27: SyntaxWarning: invalid escape sequence '\('
<unknown>:28: SyntaxWarning: invalid escape sequence '\e'
2026-05-22 00:43:44,039 - INFO - HTTP Request: POST https://api.deepseek.com/chat/completions "HTTP/1.1 200 OK"
2026-05-22 00:43:55,538 - INFO - HTTP Request: POST https://api.deepseek.com/chat/completions "HTTP/1.1 200 OK"
2026-05-22 00:43:56,810 - INFO - HTTP Request: POST https://api.deepseek.com/chat/completions "HTTP/1.1 200 OK"
2026-05-22 00:44:08,355 - INFO - HTTP Request: POST https://api.deepseek.com/chat/completions "HTTP/1.1 200 OK"
2026-05-22 00:44:09,689 - INFO - HTTP Request: POST https://api.deepseek.com/chat/completions "HTTP/1.1 200 OK"
2026-05-22 00:44:22,156 - INFO - HTTP Request: POST https://api.deepseek.com/chat/completions "HTTP/1.1 200 OK"
2026-05-22 00:44:23,442 - INFO - HTTP Request: POST https://api.deepseek.com/chat/completions "HTTP/1.1 200 OK"
2026-05-22 00:44:34,347 - INFO - HTTP Request: POST https://api.deepseek.com/chat/completions "HTTP/1.1 200 OK"
2026-05-22 00:44:35,605 - INFO - HTTP Request: POST https://api.deepseek.com/chat/completions "HTTP/1.1 200 OK"
2026-05-22 00:44:46,254 - INFO - HTTP Request: POST https://api.deepseek.com/chat/completions "HTTP/1.1 200 OK"
2026-05-22 00:44:47,244 - INFO - HTTP Request: POST https://api.deepseek.com/chat/completions "HTTP/1.1 200 OK"
2026-05-22 00:44:57,686 - INFO - HTTP Request: POST https://api.deepseek.com/chat/completions "HTTP/1.1 200 OK"
2026-05-22 00:44:59,015 - INFO - HTTP Request: POST https://api.deepseek.com/chat/completions "HTTP/1.1 200 OK"
2026-05-22 00:45:10,666 - INFO - HTTP Request: POST https://api.deepseek.com/chat/completions "HTTP/1.1 200 OK"
2026-05-22 00:45:12,241 - INFO - HTTP Request: POST https://api.deepseek.com/chat/completions "HTTP/1.1 200 OK"
2026-05-22 00:45:22,581 - INFO - HTTP Request: POST https://api.deepseek.com/chat/completions "HTTP/1.1 200 OK"
2026-05-22 00:45:23,785 - INFO - HTTP Request: POST https://api.deepseek.com/chat/completions "HTTP/1.1 200 OK"
2026-05-22 00:45:34,325 - INFO - HTTP Request: POST https://api.deepseek.com/chat/completions "HTTP/1.1 200 OK"
2026-05-22 00:45:35,478 - INFO - HTTP Request: POST https://api.deepseek.com/chat/completions "HTTP/1.1 200 OK"
2026-05-22 00:45:45,968 - INFO - HTTP Request: POST https://api.deepseek.com/chat/completions "HTTP/1.1 200 OK"
2026-05-22 00:45:47,484 - INFO - HTTP Request: POST https://api.deepseek.com/chat/completions "HTTP/1.1 200 OK"
2026-05-22 00:45:58,314 - INFO - HTTP Request: POST https://api.deepseek.com/chat/completions "HTTP/1.1 200 OK"
2026-05-22 00:45:59,759 - INFO - HTTP Request: POST https://api.deepseek.com/chat/completions "HTTP/1.1 200 OK"
2026-05-22 00:46:11,367 - INFO - HTTP Request: POST https://api.deepseek.com/chat/completions "HTTP/1.1 200 OK"
2026-05-22 00:46:12,791 - INFO - HTTP Request: POST https://api.deepseek.com/chat/completions "HTTP/1.1 200 OK"
2026-05-22 00:46:23,523 - INFO - HTTP Request: POST https://api.deepseek.com/chat/completions "HTTP/1.1 200 OK"
2026-05-22 00:46:24,739 - INFO - HTTP Request: POST https://api.deepseek.com/chat/completions "HTTP/1.1 200 OK"
2026-05-22 00:46:35,074 - INFO - HTTP Request: POST https://api.deepseek.com/chat/completions "HTTP/1.1 200 OK"
2026-05-22 00:46:36,902 - INFO - HTTP Request: POST https://api.deepseek.com/chat/completions "HTTP/1.1 200 OK"
2026-05-22 00:46:47,706 - INFO - HTTP Request: POST https://api.deepseek.com/chat/completions "HTTP/1.1 200 OK"
2026-05-22 00:46:49,310 - INFO - HTTP Request: POST https://api.deepseek.com/chat/completions "HTTP/1.1 200 OK"
2026-05-22 00:47:00,152 - INFO - HTTP Request: POST https://api.deepseek.com/chat/completions "HTTP/1.1 200 OK"
2026-05-22 00:47:01,448 - INFO - HTTP Request: POST https://api.deepseek.com/chat/completions "HTTP/1.1 200 OK"
2026-05-22 00:47:12,309 - INFO - HTTP Request: POST https://api.deepseek.com/chat/completions "HTTP/1.1 200 OK"
2026-05-22 00:47:13,815 - INFO - HTTP Request: POST https://api.deepseek.com/chat/completions "HTTP/1.1 200 OK"
2026-05-22 00:47:24,560 - INFO - HTTP Request: POST https://api.deepseek.com/chat/completions "HTTP/1.1 200 OK"
2026-05-22 00:47:25,608 - INFO - HTTP Request: POST https://api.deepseek.com/chat/completions "HTTP/1.1 200 OK"
2026-05-22 00:47:36,285 - INFO - HTTP Request: POST https://api.deepseek.com/chat/completions "HTTP/1.1 200 OK"
2026-05-22 00:47:37,862 - INFO - HTTP Request: POST https://api.deepseek.com/chat/completions "HTTP/1.1 200 OK"
2026-05-22 00:47:50,583 - INFO - HTTP Request: POST https://api.deepseek.com/chat/completions "HTTP/1.1 200 OK"
2026-05-22 00:47:52,172 - INFO - HTTP Request: POST https://api.deepseek.com/chat/completions "HTTP/1.1 200 OK"
2026-05-22 00:48:03,643 - INFO - HTTP Request: POST https://api.deepseek.com/chat/completions "HTTP/1.1 200 OK"
2026-05-22 00:48:05,681 - INFO - HTTP Request: POST https://api.deepseek.com/chat/completions "HTTP/1.1 200 OK"
2026-05-22 00:48:17,041 - INFO - HTTP Request: POST https://api.deepseek.com/chat/completions "HTTP/1.1 200 OK"
2026-05-22 00:48:18,609 - INFO - HTTP Request: POST https://api.deepseek.com/chat/completions "HTTP/1.1 200 OK"
2026-05-22 00:48:23,093 - INFO - HTTP Request: POST https://api.deepseek.com/chat/completions "HTTP/1.1 200 OK"
2026-05-22 00:48:36,364 - INFO - Loading model: microsoft/codebert-base-mlm
/data/users/eliassam/miniforge3/lib/python3.12/site-packages/transformers/tokenization_utils_base.py:1601: FutureWarning: `clean_up_tokenization_spaces` was not set. It will be set to `True` by default. This behavior will be depracted in transformers v4.45, and will be then set to `False` by default. For more details check this issue: https://github.com/huggingface/transformers/issues/31884
  warnings.warn(
Some weights of the model checkpoint at microsoft/codebert-base-mlm were not used when initializing RobertaForMaskedLM: ['roberta.pooler.dense.bias', 'roberta.pooler.dense.weight']
- This IS expected if you are initializing RobertaForMaskedLM from the checkpoint of a model trained on another task or with another architecture (e.g. initializing a BertForSequenceClassification model from a BertForPreTraining model).
- This IS NOT expected if you are initializing RobertaForMaskedLM from the checkpoint of a model that you expect to be exactly identical (initializing a BertForSequenceClassification model from a BertForSequenceClassification model).
2026-05-22 00:48:38,777 - INFO - Processed __main__.dot: Score=0.6150 (1 paths)
2026-05-22 00:48:38,865 - INFO - Processed test_case_0.dot: Score=0.3128 (1 paths)
2026-05-22 00:48:38,946 - INFO - Processed test_case_1.dot: Score=0.4646 (1 paths)
2026-05-22 00:48:39,150 - INFO - Processed test_case_2.dot: Score=0.4144 (3 paths)
2026-05-22 00:48:39,228 - INFO - Processed test_case_3.dot: Score=0.3976 (1 paths)
2026-05-22 00:48:39,287 - INFO - Processed test_case_4.dot: Score=0.6781 (1 paths)
2026-05-22 00:48:39,362 - INFO - Processed test_case_5.dot: Score=0.4099 (1 paths)
2026-05-22 00:48:39,420 - INFO - Processed test_case_6.dot: Score=0.6312 (1 paths)
2026-05-22 00:48:39,499 - INFO - Processed test_case_7.dot: Score=0.4711 (1 paths)
2026-05-22 00:48:39,569 - INFO - Processed test_case_8.dot: Score=0.5279 (1 paths)
2026-05-22 00:48:39,777 - INFO - Processed test_case_9.dot: Score=0.3671 (3 paths)
2026-05-22 00:48:39,929 - INFO - Processed test_case_10.dot: Score=0.3866 (2 paths)
2026-05-22 00:48:40,063 - INFO - Processed test_case_11.dot: Score=0.3483 (2 paths)
2026-05-22 00:48:40,136 - INFO - Processed test_case_12.dot: Score=0.3994 (1 paths)
2026-05-22 00:48:40,216 - INFO - Processed test_case_13.dot: Score=0.3853 (1 paths)
2026-05-22 00:48:40,388 - INFO - Processed test_case_14.dot: Score=0.3140 (2 paths)
2026-05-22 00:48:40,466 - INFO - Processed test_case_15.dot: Score=0.3285 (1 paths)
2026-05-22 00:48:40,545 - INFO - Processed test_case_16.dot: Score=0.4410 (1 paths)
2026-05-22 00:48:40,617 - INFO - Processed test_case_17.dot: Score=0.4847 (1 paths)
2026-05-22 00:48:40,804 - INFO - Processed test_case_18.dot: Score=0.4395 (3 paths)
2026-05-22 00:48:41,232 - INFO - Processed test_case_19.dot: Score=0.2762 (6 paths)
2026-05-22 00:48:41,297 - INFO - Processed test_case_20.dot: Score=0.4823 (1 paths)
2026-05-22 00:48:41,490 - INFO - Processed test_case_21.dot: Score=0.3992 (3 paths)
2026-05-22 00:48:41,623 - INFO - Processed __main__.dot: Score=0.4937 (1 paths)
2026-05-22 00:48:41,692 - INFO - Processed test_illegal_use_of_scope_replacer_repr.dot: Score=0.4619 (1 paths)
2026-05-22 00:48:41,776 - INFO - Processed test_illegal_use_of_scope_replacer_unicode_call.dot: Score=0.2770 (1 paths)
2026-05-22 00:48:42,003 - INFO - Processed test_lazy_import_with_import_replacer_and_exception_instance.dot: Score=0.3648 (3 paths)
2026-05-22 00:48:42,079 - INFO - Processed test_cherry_picking_import_replacer_complex_numbers.dot: Score=0.3246 (1 paths)
2026-05-22 00:48:42,140 - INFO - Processed test_import_processor_initialization.dot: Score=0.5754 (1 paths)
2026-05-22 00:48:42,213 - INFO - Processed test_lazy_import_with_special_character_string_argument.dot: Score=0.4253 (1 paths)
2026-05-22 00:48:42,278 - INFO - Processed test_disallow_proxying_completes_without_error.dot: Score=0.3937 (1 paths)
2026-05-22 00:48:42,354 - INFO - Processed test_lazy_import_with_nonexistent_module_string_as_both_module_and_attribute.dot: Score=0.3769 (1 paths)
2026-05-22 00:48:42,561 - INFO - Processed test_illegal_use_of_scope_replacer_negation_and_unicode.dot: Score=0.4314 (3 paths)
2026-05-22 00:48:42,726 - INFO - Processed test_illegal_use_of_scope_replacer_equality_comparison.dot: Score=0.3028 (2 paths)
2026-05-22 00:48:42,885 - INFO - Processed test_lazy_import_should_crash_when_using_special_character_string_as_both_source_and_target.dot: Score=0.3814 (2 paths)
2026-05-22 00:48:42,957 - INFO - Processed test_lazy_import_with_format_string_as_pattern_and_args.dot: Score=0.3518 (1 paths)
2026-05-22 00:48:43,034 - INFO - Processed test_lazy_import_with_docstring_as_module_and_name_repeated.dot: Score=0.2636 (1 paths)
2026-05-22 00:48:43,266 - INFO - Processed test_lazy_import_with_empty_string_and_none.dot: Score=0.4968 (3 paths)
2026-05-22 00:48:43,343 - INFO - Processed test_lazy_import_with_multiline_string_as_both_name_and_source.dot: Score=0.2597 (1 paths)
2026-05-22 00:48:43,424 - INFO - Processed test_lazy_import_with_special_and_control_characters_in_module_name.dot: Score=0.4131 (1 paths)
2026-05-22 00:48:43,494 - INFO - Processed test_import_replacer_with_hyphen_separator.dot: Score=0.3270 (1 paths)
2026-05-22 00:48:43,720 - INFO - Processed test_lazy_import_with_import_replacer_instance_should_not_raise_error.dot: Score=0.3167 (3 paths)
2026-05-22 00:48:44,210 - INFO - Processed test_lazy_import_with_import_processor_none_and_scope_replacer.dot: Score=0.3181 (6 paths)
2026-05-22 00:48:44,291 - INFO - Processed test_lazy_import_with_nonsensical_module_name_should_not_raise_exception.dot: Score=0.3423 (1 paths)
2026-05-22 00:48:44,522 - INFO - Processed test_import_replacer_initialization_with_circular_setattr.dot: Score=0.2911 (3 paths)
<unknown>:24: SyntaxWarning: invalid escape sequence '\['
<unknown>:25: SyntaxWarning: invalid escape sequence '\['
<unknown>:26: SyntaxWarning: invalid escape sequence '\('
<unknown>:27: SyntaxWarning: invalid escape sequence '\('
<unknown>:28: SyntaxWarning: invalid escape sequence '\e'
2026-05-22 00:48:54,522 - INFO - HTTP Request: POST https://api.deepseek.com/chat/completions "HTTP/1.1 200 OK"
2026-05-22 00:49:06,065 - INFO - HTTP Request: POST https://api.deepseek.com/chat/completions "HTTP/1.1 200 OK"
2026-05-22 00:49:07,510 - INFO - HTTP Request: POST https://api.deepseek.com/chat/completions "HTTP/1.1 200 OK"
2026-05-22 00:49:18,268 - INFO - HTTP Request: POST https://api.deepseek.com/chat/completions "HTTP/1.1 200 OK"
2026-05-22 00:49:19,499 - INFO - HTTP Request: POST https://api.deepseek.com/chat/completions "HTTP/1.1 200 OK"
2026-05-22 00:49:32,260 - INFO - HTTP Request: POST https://api.deepseek.com/chat/completions "HTTP/1.1 200 OK"
2026-05-22 00:49:34,113 - INFO - HTTP Request: POST https://api.deepseek.com/chat/completions "HTTP/1.1 200 OK"
2026-05-22 00:49:44,958 - INFO - HTTP Request: POST https://api.deepseek.com/chat/completions "HTTP/1.1 200 OK"
2026-05-22 00:49:46,340 - INFO - HTTP Request: POST https://api.deepseek.com/chat/completions "HTTP/1.1 200 OK"
2026-05-22 00:49:57,170 - INFO - HTTP Request: POST https://api.deepseek.com/chat/completions "HTTP/1.1 200 OK"
2026-05-22 00:49:58,037 - INFO - HTTP Request: POST https://api.deepseek.com/chat/completions "HTTP/1.1 200 OK"
2026-05-22 00:50:08,476 - INFO - HTTP Request: POST https://api.deepseek.com/chat/completions "HTTP/1.1 200 OK"
2026-05-22 00:50:09,812 - INFO - HTTP Request: POST https://api.deepseek.com/chat/completions "HTTP/1.1 200 OK"
2026-05-22 00:50:20,763 - INFO - HTTP Request: POST https://api.deepseek.com/chat/completions "HTTP/1.1 200 OK"
2026-05-22 00:50:21,681 - INFO - HTTP Request: POST https://api.deepseek.com/chat/completions "HTTP/1.1 200 OK"
2026-05-22 00:50:32,248 - INFO - HTTP Request: POST https://api.deepseek.com/chat/completions "HTTP/1.1 200 OK"
2026-05-22 00:50:33,428 - INFO - HTTP Request: POST https://api.deepseek.com/chat/completions "HTTP/1.1 200 OK"
2026-05-22 00:50:44,063 - INFO - HTTP Request: POST https://api.deepseek.com/chat/completions "HTTP/1.1 200 OK"
2026-05-22 00:50:45,420 - INFO - HTTP Request: POST https://api.deepseek.com/chat/completions "HTTP/1.1 200 OK"
2026-05-22 00:50:55,815 - INFO - HTTP Request: POST https://api.deepseek.com/chat/completions "HTTP/1.1 200 OK"
2026-05-22 00:50:57,288 - INFO - HTTP Request: POST https://api.deepseek.com/chat/completions "HTTP/1.1 200 OK"
2026-05-22 00:51:08,188 - INFO - HTTP Request: POST https://api.deepseek.com/chat/completions "HTTP/1.1 200 OK"
2026-05-22 00:51:09,583 - INFO - HTTP Request: POST https://api.deepseek.com/chat/completions "HTTP/1.1 200 OK"
2026-05-22 00:51:20,273 - INFO - HTTP Request: POST https://api.deepseek.com/chat/completions "HTTP/1.1 200 OK"
2026-05-22 00:51:21,845 - INFO - HTTP Request: POST https://api.deepseek.com/chat/completions "HTTP/1.1 200 OK"
2026-05-22 00:51:32,558 - INFO - HTTP Request: POST https://api.deepseek.com/chat/completions "HTTP/1.1 200 OK"
2026-05-22 00:51:34,030 - INFO - HTTP Request: POST https://api.deepseek.com/chat/completions "HTTP/1.1 200 OK"
2026-05-22 00:51:44,941 - INFO - HTTP Request: POST https://api.deepseek.com/chat/completions "HTTP/1.1 200 OK"
2026-05-22 00:51:46,415 - INFO - HTTP Request: POST https://api.deepseek.com/chat/completions "HTTP/1.1 200 OK"
2026-05-22 00:51:57,240 - INFO - HTTP Request: POST https://api.deepseek.com/chat/completions "HTTP/1.1 200 OK"
2026-05-22 00:51:58,722 - INFO - HTTP Request: POST https://api.deepseek.com/chat/completions "HTTP/1.1 200 OK"
2026-05-22 00:52:09,274 - INFO - HTTP Request: POST https://api.deepseek.com/chat/completions "HTTP/1.1 200 OK"
2026-05-22 00:52:10,480 - INFO - HTTP Request: POST https://api.deepseek.com/chat/completions "HTTP/1.1 200 OK"
2026-05-22 00:52:20,847 - INFO - HTTP Request: POST https://api.deepseek.com/chat/completions "HTTP/1.1 200 OK"
2026-05-22 00:52:22,412 - INFO - HTTP Request: POST https://api.deepseek.com/chat/completions "HTTP/1.1 200 OK"
2026-05-22 00:52:33,153 - INFO - HTTP Request: POST https://api.deepseek.com/chat/completions "HTTP/1.1 200 OK"
2026-05-22 00:52:34,404 - INFO - HTTP Request: POST https://api.deepseek.com/chat/completions "HTTP/1.1 200 OK"
2026-05-22 00:52:44,891 - INFO - HTTP Request: POST https://api.deepseek.com/chat/completions "HTTP/1.1 200 OK"
2026-05-22 00:52:46,250 - INFO - HTTP Request: POST https://api.deepseek.com/chat/completions "HTTP/1.1 200 OK"
2026-05-22 00:52:58,799 - INFO - HTTP Request: POST https://api.deepseek.com/chat/completions "HTTP/1.1 200 OK"
2026-05-22 00:53:00,356 - INFO - HTTP Request: POST https://api.deepseek.com/chat/completions "HTTP/1.1 200 OK"
2026-05-22 00:53:11,522 - INFO - HTTP Request: POST https://api.deepseek.com/chat/completions "HTTP/1.1 200 OK"
2026-05-22 00:53:13,890 - INFO - HTTP Request: POST https://api.deepseek.com/chat/completions "HTTP/1.1 200 OK"
2026-05-22 00:53:25,311 - INFO - HTTP Request: POST https://api.deepseek.com/chat/completions "HTTP/1.1 200 OK"
2026-05-22 00:53:26,918 - INFO - HTTP Request: POST https://api.deepseek.com/chat/completions "HTTP/1.1 200 OK"
2026-05-22 00:53:30,462 - INFO - HTTP Request: POST https://api.deepseek.com/chat/completions "HTTP/1.1 200 OK"
2026-05-22 00:53:44,389 - INFO - Loading model: microsoft/codebert-base-mlm
/data/users/eliassam/miniforge3/lib/python3.12/site-packages/transformers/tokenization_utils_base.py:1601: FutureWarning: `clean_up_tokenization_spaces` was not set. It will be set to `True` by default. This behavior will be depracted in transformers v4.45, and will be then set to `False` by default. For more details check this issue: https://github.com/huggingface/transformers/issues/31884
  warnings.warn(
Some weights of the model checkpoint at microsoft/codebert-base-mlm were not used when initializing RobertaForMaskedLM: ['roberta.pooler.dense.bias', 'roberta.pooler.dense.weight']
- This IS expected if you are initializing RobertaForMaskedLM from the checkpoint of a model trained on another task or with another architecture (e.g. initializing a BertForSequenceClassification model from a BertForPreTraining model).
- This IS NOT expected if you are initializing RobertaForMaskedLM from the checkpoint of a model that you expect to be exactly identical (initializing a BertForSequenceClassification model from a BertForSequenceClassification model).
2026-05-22 00:53:46,043 - INFO - Processed __main__.dot: Score=0.6150 (1 paths)
2026-05-22 00:53:46,132 - INFO - Processed test_case_0.dot: Score=0.3128 (1 paths)
2026-05-22 00:53:46,213 - INFO - Processed test_case_1.dot: Score=0.4646 (1 paths)
2026-05-22 00:53:46,418 - INFO - Processed test_case_2.dot: Score=0.4144 (3 paths)
2026-05-22 00:53:46,494 - INFO - Processed test_case_3.dot: Score=0.3976 (1 paths)
2026-05-22 00:53:46,554 - INFO - Processed test_case_4.dot: Score=0.6781 (1 paths)
2026-05-22 00:53:46,626 - INFO - Processed test_case_5.dot: Score=0.4099 (1 paths)
2026-05-22 00:53:46,682 - INFO - Processed test_case_6.dot: Score=0.6312 (1 paths)
2026-05-22 00:53:46,761 - INFO - Processed test_case_7.dot: Score=0.4711 (1 paths)
2026-05-22 00:53:46,830 - INFO - Processed test_case_8.dot: Score=0.5279 (1 paths)
2026-05-22 00:53:47,037 - INFO - Processed test_case_9.dot: Score=0.3671 (3 paths)
2026-05-22 00:53:47,190 - INFO - Processed test_case_10.dot: Score=0.3866 (2 paths)
2026-05-22 00:53:47,322 - INFO - Processed test_case_11.dot: Score=0.3483 (2 paths)
2026-05-22 00:53:47,395 - INFO - Processed test_case_12.dot: Score=0.3994 (1 paths)
2026-05-22 00:53:47,469 - INFO - Processed test_case_13.dot: Score=0.3853 (1 paths)
2026-05-22 00:53:47,608 - INFO - Processed test_case_14.dot: Score=0.3140 (2 paths)
2026-05-22 00:53:47,685 - INFO - Processed test_case_15.dot: Score=0.3285 (1 paths)
2026-05-22 00:53:47,762 - INFO - Processed test_case_16.dot: Score=0.4410 (1 paths)
2026-05-22 00:53:47,836 - INFO - Processed test_case_17.dot: Score=0.4847 (1 paths)
2026-05-22 00:53:48,032 - INFO - Processed test_case_18.dot: Score=0.4395 (3 paths)
2026-05-22 00:53:48,478 - INFO - Processed test_case_19.dot: Score=0.2762 (6 paths)
2026-05-22 00:53:48,554 - INFO - Processed test_case_20.dot: Score=0.4823 (1 paths)
2026-05-22 00:53:48,758 - INFO - Processed test_case_21.dot: Score=0.3992 (3 paths)
2026-05-22 00:53:48,894 - INFO - Processed __main__.dot: Score=0.4883 (1 paths)
2026-05-22 00:53:48,995 - INFO - Processed test_illegal_use_of_scope_replacer_repr_with_various_strings.dot: Score=0.2953 (1 paths)
2026-05-22 00:53:49,083 - INFO - Processed test_illegal_use_of_scope_replacer_unicode_method.dot: Score=0.4506 (1 paths)
2026-05-22 00:53:49,319 - INFO - Processed test_lazy_import_with_replacer_and_exception_as_spec.dot: Score=0.3569 (3 paths)
2026-05-22 00:53:49,402 - INFO - Processed test_import_replacer_accepts_complex_numbers.dot: Score=0.3813 (1 paths)
2026-05-22 00:53:49,476 - INFO - Processed test_import_processor_default_initialization.dot: Score=0.4189 (1 paths)
2026-05-22 00:53:49,560 - INFO - Processed test_lazy_import_with_invalid_module_name_exclamation.dot: Score=0.4199 (1 paths)
2026-05-22 00:53:49,633 - INFO - Processed test_disallow_proxying.dot: Score=0.4747 (1 paths)
2026-05-22 00:53:49,727 - INFO - Processed test_illegal_use_of_scope_replacer_repr.dot: Score=0.2942 (1 paths)
2026-05-22 00:53:49,805 - INFO - Processed test_lazy_import_with_invalid_module_name_returns_none_or_raises.dot: Score=0.2982 (1 paths)
2026-05-22 00:53:50,045 - INFO - Processed test_illegal_use_of_scope_replacer_equality_and_unicode.dot: Score=0.2768 (3 paths)
2026-05-22 00:53:50,215 - INFO - Processed test_illegal_use_of_scope_replacer_equality_with_itself.dot: Score=0.2532 (2 paths)
2026-05-22 00:53:50,372 - INFO - Processed test_lazy_import_with_special_characters_in_name.dot: Score=0.4598 (2 paths)
2026-05-22 00:53:50,455 - INFO - Processed test_lazy_import_with_format_string_placeholders.dot: Score=0.3057 (1 paths)
2026-05-22 00:53:50,544 - INFO - Processed test_lazy_import_with_long_docstring_passed_as_both_params.dot: Score=0.2541 (1 paths)
2026-05-22 00:53:50,717 - INFO - Processed test_disallow_proxying_then_lazy_import_with_empty_and_none.dot: Score=0.2888 (2 paths)
2026-05-22 00:53:50,805 - INFO - Processed test_lazy_import_with_python_2_nonlocal_keyword_docstring.dot: Score=0.3116 (1 paths)
2026-05-22 00:53:50,897 - INFO - Processed test_lazy_import_rejects_invalid_module_name_with_special_chars.dot: Score=0.3225 (1 paths)
2026-05-22 00:53:50,977 - INFO - Processed test_import_replacer_creates_instance_with_hyphen_separator.dot: Score=0.3981 (1 paths)
2026-05-22 00:53:51,222 - INFO - Processed test_lazy_import_with_invalid_string_and_empty_mapping.dot: Score=0.2366 (3 paths)
2026-05-22 00:53:51,726 - INFO - Processed test_lazy_import_with_scope_replacer_none_type_and_import_processor.dot: Score=0.2803 (6 paths)
2026-05-22 00:53:51,818 - INFO - Processed test_lazy_import_with_malformed_function_name_and_special_chars.dot: Score=0.2794 (1 paths)
2026-05-22 00:53:52,060 - INFO - Processed test_import_replacer_setattr_with_dict_and_instance.dot: Score=0.2886 (3 paths)
<unknown>:24: SyntaxWarning: invalid escape sequence '\['
<unknown>:25: SyntaxWarning: invalid escape sequence '\['
<unknown>:26: SyntaxWarning: invalid escape sequence '\('
<unknown>:27: SyntaxWarning: invalid escape sequence '\('
<unknown>:28: SyntaxWarning: invalid escape sequence '\e'
2026-05-22 00:54:01,792 - INFO - HTTP Request: POST https://api.deepseek.com/chat/completions "HTTP/1.1 200 OK"
2026-05-22 00:54:12,773 - INFO - HTTP Request: POST https://api.deepseek.com/chat/completions "HTTP/1.1 200 OK"
2026-05-22 00:54:13,650 - INFO - HTTP Request: POST https://api.deepseek.com/chat/completions "HTTP/1.1 200 OK"
2026-05-22 00:54:15,461 - INFO - Loading model: microsoft/codebert-base-mlm
/data/users/eliassam/miniforge3/lib/python3.12/site-packages/transformers/tokenization_utils_base.py:1601: FutureWarning: `clean_up_tokenization_spaces` was not set. It will be set to `True` by default. This behavior will be depracted in transformers v4.45, and will be then set to `False` by default. For more details check this issue: https://github.com/huggingface/transformers/issues/31884
  warnings.warn(
Some weights of the model checkpoint at microsoft/codebert-base-mlm were not used when initializing RobertaForMaskedLM: ['roberta.pooler.dense.bias', 'roberta.pooler.dense.weight']
- This IS expected if you are initializing RobertaForMaskedLM from the checkpoint of a model trained on another task or with another architecture (e.g. initializing a BertForSequenceClassification model from a BertForPreTraining model).
- This IS NOT expected if you are initializing RobertaForMaskedLM from the checkpoint of a model that you expect to be exactly identical (initializing a BertForSequenceClassification model from a BertForSequenceClassification model).
2026-05-22 00:54:17,378 - INFO - Processed __main__.dot: Score=0.8854 (1 paths)
2026-05-22 00:54:17,435 - INFO - Processed test_case_0.dot: Score=0.7043 (1 paths)
2026-05-22 00:54:17,506 - INFO - Processed __main__.dot: Score=0.7337 (1 paths)
2026-05-22 00:54:17,578 - INFO - Processed test_pyinfo_default_creation.dot: Score=0.5828 (1 paths)
<unknown>:24: SyntaxWarning: invalid escape sequence '\['
<unknown>:25: SyntaxWarning: invalid escape sequence '\['
<unknown>:26: SyntaxWarning: invalid escape sequence '\('
<unknown>:27: SyntaxWarning: invalid escape sequence '\('
<unknown>:28: SyntaxWarning: invalid escape sequence '\e'
2026-05-22 00:54:27,865 - INFO - HTTP Request: POST https://api.deepseek.com/chat/completions "HTTP/1.1 200 OK"
2026-05-22 00:54:38,965 - INFO - HTTP Request: POST https://api.deepseek.com/chat/completions "HTTP/1.1 200 OK"
2026-05-22 00:54:39,834 - INFO - HTTP Request: POST https://api.deepseek.com/chat/completions "HTTP/1.1 200 OK"
2026-05-22 00:54:42,056 - INFO - Loading model: microsoft/codebert-base-mlm
/data/users/eliassam/miniforge3/lib/python3.12/site-packages/transformers/tokenization_utils_base.py:1601: FutureWarning: `clean_up_tokenization_spaces` was not set. It will be set to `True` by default. This behavior will be depracted in transformers v4.45, and will be then set to `False` by default. For more details check this issue: https://github.com/huggingface/transformers/issues/31884
  warnings.warn(
Some weights of the model checkpoint at microsoft/codebert-base-mlm were not used when initializing RobertaForMaskedLM: ['roberta.pooler.dense.bias', 'roberta.pooler.dense.weight']
- This IS expected if you are initializing RobertaForMaskedLM from the checkpoint of a model trained on another task or with another architecture (e.g. initializing a BertForSequenceClassification model from a BertForPreTraining model).
- This IS NOT expected if you are initializing RobertaForMaskedLM from the checkpoint of a model that you expect to be exactly identical (initializing a BertForSequenceClassification model from a BertForSequenceClassification model).
2026-05-22 00:54:44,362 - INFO - Processed __main__.dot: Score=0.8854 (1 paths)
2026-05-22 00:54:44,859 - INFO - Processed test_case_0.dot: Score=0.7043 (1 paths)
2026-05-22 00:54:44,950 - INFO - Processed __main__.dot: Score=0.7337 (1 paths)
2026-05-22 00:54:45,022 - INFO - Processed test_pyinfo_creation.dot: Score=0.5328 (1 paths)
<unknown>:24: SyntaxWarning: invalid escape sequence '\['
<unknown>:25: SyntaxWarning: invalid escape sequence '\['
<unknown>:26: SyntaxWarning: invalid escape sequence '\('
<unknown>:27: SyntaxWarning: invalid escape sequence '\('
<unknown>:28: SyntaxWarning: invalid escape sequence '\e'
2026-05-22 00:54:56,325 - INFO - HTTP Request: POST https://api.deepseek.com/chat/completions "HTTP/1.1 200 OK"
2026-05-22 00:55:07,714 - INFO - HTTP Request: POST https://api.deepseek.com/chat/completions "HTTP/1.1 200 OK"
2026-05-22 00:55:08,836 - INFO - HTTP Request: POST https://api.deepseek.com/chat/completions "HTTP/1.1 200 OK"
2026-05-22 00:55:11,053 - INFO - Loading model: microsoft/codebert-base-mlm
/data/users/eliassam/miniforge3/lib/python3.12/site-packages/transformers/tokenization_utils_base.py:1601: FutureWarning: `clean_up_tokenization_spaces` was not set. It will be set to `True` by default. This behavior will be depracted in transformers v4.45, and will be then set to `False` by default. For more details check this issue: https://github.com/huggingface/transformers/issues/31884
  warnings.warn(
Some weights of the model checkpoint at microsoft/codebert-base-mlm were not used when initializing RobertaForMaskedLM: ['roberta.pooler.dense.bias', 'roberta.pooler.dense.weight']
- This IS expected if you are initializing RobertaForMaskedLM from the checkpoint of a model trained on another task or with another architecture (e.g. initializing a BertForSequenceClassification model from a BertForPreTraining model).
- This IS NOT expected if you are initializing RobertaForMaskedLM from the checkpoint of a model that you expect to be exactly identical (initializing a BertForSequenceClassification model from a BertForSequenceClassification model).
2026-05-22 00:55:13,348 - INFO - Processed __main__.dot: Score=0.8854 (1 paths)
2026-05-22 00:55:14,384 - INFO - Processed test_case_0.dot: Score=0.7043 (1 paths)
2026-05-22 00:55:14,454 - INFO - Processed __main__.dot: Score=0.7436 (1 paths)
2026-05-22 00:55:14,529 - INFO - Processed test_pyinfo_default_initialization.dot: Score=0.5209 (1 paths)
