<unknown>:24: SyntaxWarning: invalid escape sequence '\['
<unknown>:25: SyntaxWarning: invalid escape sequence '\['
<unknown>:26: SyntaxWarning: invalid escape sequence '\('
<unknown>:27: SyntaxWarning: invalid escape sequence '\('
<unknown>:28: SyntaxWarning: invalid escape sequence '\e'
2026-05-21 23:06:43,801 - INFO - HTTP Request: POST https://api.deepseek.com/chat/completions "HTTP/1.1 200 OK"
2026-05-21 23:06:59,692 - INFO - HTTP Request: POST https://api.deepseek.com/chat/completions "HTTP/1.1 200 OK"
2026-05-21 23:07:04,682 - INFO - HTTP Request: POST https://api.deepseek.com/chat/completions "HTTP/1.1 200 OK"
2026-05-21 23:07:17,221 - INFO - HTTP Request: POST https://api.deepseek.com/chat/completions "HTTP/1.1 200 OK"
2026-05-21 23:07:26,155 - INFO - HTTP Request: POST https://api.deepseek.com/chat/completions "HTTP/1.1 200 OK"
2026-05-21 23:07:38,351 - INFO - HTTP Request: POST https://api.deepseek.com/chat/completions "HTTP/1.1 200 OK"
2026-05-21 23:07:44,158 - INFO - HTTP Request: POST https://api.deepseek.com/chat/completions "HTTP/1.1 200 OK"
2026-05-21 23:07:56,252 - INFO - HTTP Request: POST https://api.deepseek.com/chat/completions "HTTP/1.1 200 OK"
2026-05-21 23:08:04,457 - INFO - HTTP Request: POST https://api.deepseek.com/chat/completions "HTTP/1.1 200 OK"
2026-05-21 23:08:16,755 - INFO - HTTP Request: POST https://api.deepseek.com/chat/completions "HTTP/1.1 200 OK"
2026-05-21 23:08:28,917 - INFO - HTTP Request: POST https://api.deepseek.com/chat/completions "HTTP/1.1 200 OK"
2026-05-21 23:08:41,211 - INFO - HTTP Request: POST https://api.deepseek.com/chat/completions "HTTP/1.1 200 OK"
2026-05-21 23:08:48,188 - INFO - HTTP Request: POST https://api.deepseek.com/chat/completions "HTTP/1.1 200 OK"
2026-05-21 23:09:01,009 - INFO - HTTP Request: POST https://api.deepseek.com/chat/completions "HTTP/1.1 200 OK"
2026-05-21 23:09:09,819 - INFO - HTTP Request: POST https://api.deepseek.com/chat/completions "HTTP/1.1 200 OK"
2026-05-21 23:09:22,458 - INFO - HTTP Request: POST https://api.deepseek.com/chat/completions "HTTP/1.1 200 OK"
2026-05-21 23:09:28,415 - INFO - HTTP Request: POST https://api.deepseek.com/chat/completions "HTTP/1.1 200 OK"
2026-05-21 23:09:41,108 - INFO - HTTP Request: POST https://api.deepseek.com/chat/completions "HTTP/1.1 200 OK"
2026-05-21 23:09:47,584 - INFO - HTTP Request: POST https://api.deepseek.com/chat/completions "HTTP/1.1 200 OK"
2026-05-21 23:10:00,188 - INFO - HTTP Request: POST https://api.deepseek.com/chat/completions "HTTP/1.1 200 OK"
2026-05-21 23:10:05,815 - INFO - HTTP Request: POST https://api.deepseek.com/chat/completions "HTTP/1.1 200 OK"
2026-05-21 23:10:08,764 - INFO - HTTP Request: POST https://api.deepseek.com/chat/completions "HTTP/1.1 200 OK"
2026-05-21 23:10:26,413 - INFO - Loading model: microsoft/codebert-base-mlm
/data/users/eliassam/miniforge3/lib/python3.12/site-packages/transformers/tokenization_utils_base.py:1601: FutureWarning: `clean_up_tokenization_spaces` was not set. It will be set to `True` by default. This behavior will be depracted in transformers v4.45, and will be then set to `False` by default. For more details check this issue: https://github.com/huggingface/transformers/issues/31884
  warnings.warn(
Some weights of the model checkpoint at microsoft/codebert-base-mlm were not used when initializing RobertaForMaskedLM: ['roberta.pooler.dense.bias', 'roberta.pooler.dense.weight']
- This IS expected if you are initializing RobertaForMaskedLM from the checkpoint of a model trained on another task or with another architecture (e.g. initializing a BertForSequenceClassification model from a BertForPreTraining model).
- This IS NOT expected if you are initializing RobertaForMaskedLM from the checkpoint of a model that you expect to be exactly identical (initializing a BertForSequenceClassification model from a BertForSequenceClassification model).
2026-05-21 23:10:28,631 - INFO - Processed __main__.dot: Score=0.7027 (1 paths)
2026-05-21 23:10:29,633 - INFO - Processed test_case_0.dot: Score=0.7557 (1 paths)
2026-05-21 23:10:30,649 - INFO - Processed test_case_1.dot: Score=0.4087 (4 paths)
2026-05-21 23:10:30,777 - INFO - Processed test_case_2.dot: Score=0.4158 (2 paths)
2026-05-21 23:10:30,860 - INFO - Processed test_case_3.dot: Score=0.3199 (1 paths)
2026-05-21 23:10:32,518 - INFO - Processed test_case_4.dot: Score=0.2098 (2 paths)
2026-05-21 23:10:39,778 - INFO - Processed test_case_5.dot: Score=0.2289 (31 paths)
2026-05-21 23:10:42,113 - INFO - Processed test_case_6.dot: Score=0.2354 (34 paths)
2026-05-21 23:10:42,601 - INFO - Processed test_case_7.dot: Score=0.1935 (8 paths)
2026-05-21 23:10:43,122 - INFO - Processed test_case_8.dot: Score=0.3195 (9 paths)
2026-05-21 23:10:43,326 - INFO - Processed test_case_9.dot: Score=0.3653 (4 paths)
2026-05-21 23:10:43,430 - INFO - Processed __main__.dot: Score=0.6514 (1 paths)
2026-05-21 23:10:43,489 - INFO - Processed test_timer_error_instantiation_without_args.dot: Score=0.4367 (1 paths)
2026-05-21 23:10:43,784 - INFO - Processed test_timer_start_raises_error_when_already_running.dot: Score=0.3765 (5 paths)
2026-05-21 23:10:44,158 - INFO - Processed test_timer_context_manager_basic_usage.dot: Score=0.3342 (2 paths)
2026-05-21 23:10:44,293 - INFO - Processed test_timer_exit_without_enter_raises_error.dot: Score=0.2764 (2 paths)
2026-05-21 23:10:44,448 - INFO - Processed test_timer_with_logger_none_and_dict_operations.dot: Score=0.2535 (2 paths)
2026-05-21 23:10:50,626 - INFO - Processed test_timer_context_manager_with_initial_text_complex_scenario.dot: Score=0.2419 (50 paths)
2026-05-21 23:10:53,440 - INFO - Processed test_timer_context_manager_initial_text_and_equality.dot: Score=0.2006 (34 paths)
2026-05-21 23:10:53,986 - INFO - Processed test_timer_start_and_exit_with_no_errors.dot: Score=0.2700 (8 paths)
2026-05-21 23:10:54,562 - INFO - Processed test_timer_edge_cases_with_invalid_parameters.dot: Score=0.2821 (9 paths)
2026-05-21 23:10:54,799 - INFO - Processed test_timer_start_stop_then_context_manager.dot: Score=0.2950 (4 paths)
<unknown>:24: SyntaxWarning: invalid escape sequence '\['
<unknown>:25: SyntaxWarning: invalid escape sequence '\['
<unknown>:26: SyntaxWarning: invalid escape sequence '\('
<unknown>:27: SyntaxWarning: invalid escape sequence '\('
<unknown>:28: SyntaxWarning: invalid escape sequence '\e'
2026-05-21 23:11:05,538 - INFO - HTTP Request: POST https://api.deepseek.com/chat/completions "HTTP/1.1 200 OK"
2026-05-21 23:11:18,458 - INFO - HTTP Request: POST https://api.deepseek.com/chat/completions "HTTP/1.1 200 OK"
2026-05-21 23:11:23,704 - INFO - HTTP Request: POST https://api.deepseek.com/chat/completions "HTTP/1.1 200 OK"
2026-05-21 23:11:35,566 - INFO - HTTP Request: POST https://api.deepseek.com/chat/completions "HTTP/1.1 200 OK"
2026-05-21 23:11:42,147 - INFO - HTTP Request: POST https://api.deepseek.com/chat/completions "HTTP/1.1 200 OK"
2026-05-21 23:11:54,537 - INFO - HTTP Request: POST https://api.deepseek.com/chat/completions "HTTP/1.1 200 OK"
2026-05-21 23:12:00,121 - INFO - HTTP Request: POST https://api.deepseek.com/chat/completions "HTTP/1.1 200 OK"
2026-05-21 23:12:12,234 - INFO - HTTP Request: POST https://api.deepseek.com/chat/completions "HTTP/1.1 200 OK"
2026-05-21 23:12:20,152 - INFO - HTTP Request: POST https://api.deepseek.com/chat/completions "HTTP/1.1 200 OK"
2026-05-21 23:12:32,176 - INFO - HTTP Request: POST https://api.deepseek.com/chat/completions "HTTP/1.1 200 OK"
2026-05-21 23:12:38,961 - INFO - HTTP Request: POST https://api.deepseek.com/chat/completions "HTTP/1.1 200 OK"
2026-05-21 23:12:51,154 - INFO - HTTP Request: POST https://api.deepseek.com/chat/completions "HTTP/1.1 200 OK"
2026-05-21 23:12:59,660 - INFO - HTTP Request: POST https://api.deepseek.com/chat/completions "HTTP/1.1 200 OK"
2026-05-21 23:13:13,572 - INFO - HTTP Request: POST https://api.deepseek.com/chat/completions "HTTP/1.1 200 OK"
2026-05-21 23:13:22,247 - INFO - HTTP Request: POST https://api.deepseek.com/chat/completions "HTTP/1.1 200 OK"
2026-05-21 23:13:35,197 - INFO - HTTP Request: POST https://api.deepseek.com/chat/completions "HTTP/1.1 200 OK"
2026-05-21 23:13:42,640 - INFO - HTTP Request: POST https://api.deepseek.com/chat/completions "HTTP/1.1 200 OK"
2026-05-21 23:13:55,834 - INFO - HTTP Request: POST https://api.deepseek.com/chat/completions "HTTP/1.1 200 OK"
2026-05-21 23:14:02,740 - INFO - HTTP Request: POST https://api.deepseek.com/chat/completions "HTTP/1.1 200 OK"
2026-05-21 23:14:15,665 - INFO - HTTP Request: POST https://api.deepseek.com/chat/completions "HTTP/1.1 200 OK"
2026-05-21 23:14:24,474 - INFO - HTTP Request: POST https://api.deepseek.com/chat/completions "HTTP/1.1 200 OK"
2026-05-21 23:14:28,646 - INFO - HTTP Request: POST https://api.deepseek.com/chat/completions "HTTP/1.1 200 OK"
2026-05-21 23:14:39,702 - INFO - Loading model: microsoft/codebert-base-mlm
/data/users/eliassam/miniforge3/lib/python3.12/site-packages/transformers/tokenization_utils_base.py:1601: FutureWarning: `clean_up_tokenization_spaces` was not set. It will be set to `True` by default. This behavior will be depracted in transformers v4.45, and will be then set to `False` by default. For more details check this issue: https://github.com/huggingface/transformers/issues/31884
  warnings.warn(
Some weights of the model checkpoint at microsoft/codebert-base-mlm were not used when initializing RobertaForMaskedLM: ['roberta.pooler.dense.bias', 'roberta.pooler.dense.weight']
- This IS expected if you are initializing RobertaForMaskedLM from the checkpoint of a model trained on another task or with another architecture (e.g. initializing a BertForSequenceClassification model from a BertForPreTraining model).
- This IS NOT expected if you are initializing RobertaForMaskedLM from the checkpoint of a model that you expect to be exactly identical (initializing a BertForSequenceClassification model from a BertForSequenceClassification model).
2026-05-21 23:14:41,792 - INFO - Processed __main__.dot: Score=0.7027 (1 paths)
2026-05-21 23:14:41,850 - INFO - Processed test_case_0.dot: Score=0.7557 (1 paths)
2026-05-21 23:14:42,102 - INFO - Processed test_case_1.dot: Score=0.4087 (4 paths)
2026-05-21 23:14:42,230 - INFO - Processed test_case_2.dot: Score=0.4158 (2 paths)
2026-05-21 23:14:42,313 - INFO - Processed test_case_3.dot: Score=0.3199 (1 paths)
2026-05-21 23:14:42,487 - INFO - Processed test_case_4.dot: Score=0.2098 (2 paths)
2026-05-21 23:14:45,326 - INFO - Processed test_case_5.dot: Score=0.2289 (31 paths)
2026-05-21 23:14:49,659 - INFO - Processed test_case_6.dot: Score=0.2354 (34 paths)
2026-05-21 23:14:50,265 - INFO - Processed test_case_7.dot: Score=0.1935 (8 paths)
2026-05-21 23:14:50,900 - INFO - Processed test_case_8.dot: Score=0.3195 (9 paths)
2026-05-21 23:14:51,146 - INFO - Processed test_case_9.dot: Score=0.3653 (4 paths)
2026-05-21 23:14:51,254 - INFO - Processed __main__.dot: Score=0.6514 (1 paths)
2026-05-21 23:14:51,314 - INFO - Processed test_timer_error_instantiation.dot: Score=0.5189 (1 paths)
2026-05-21 23:14:51,887 - INFO - Processed test_start_after_context_manager_exit_succeeds_then_second_start_raises_error.dot: Score=0.2668 (4 paths)
2026-05-21 23:14:52,020 - INFO - Processed test_timer_context_manager_usage.dot: Score=0.4332 (2 paths)
2026-05-21 23:14:52,103 - INFO - Processed test_timer_exit_without_enter_no_logger.dot: Score=0.2644 (1 paths)
2026-05-21 23:14:52,276 - INFO - Processed test_timer_without_logger_and_dict_operations.dot: Score=0.2583 (2 paths)
2026-05-21 23:14:56,744 - INFO - Processed test_timer_with_initial_text_as_timer_and_float_arg_text.dot: Score=0.2333 (31 paths)
2026-05-21 23:15:01,387 - INFO - Processed test_timer_with_string_and_float_edge_cases.dot: Score=0.1826 (49 paths)
2026-05-21 23:15:01,921 - INFO - Processed test_timer_no_logger_with_dict_ops_does_not_crash.dot: Score=0.1702 (6 paths)
2026-05-21 23:15:02,626 - INFO - Processed test_timer_start_with_various_parameter_combinations.dot: Score=0.2396 (9 paths)
2026-05-21 23:15:02,908 - INFO - Processed test_timer_lifecycle_start_stop_and_context_manager.dot: Score=0.2760 (4 paths)
<unknown>:24: SyntaxWarning: invalid escape sequence '\['
<unknown>:25: SyntaxWarning: invalid escape sequence '\['
<unknown>:26: SyntaxWarning: invalid escape sequence '\('
<unknown>:27: SyntaxWarning: invalid escape sequence '\('
<unknown>:28: SyntaxWarning: invalid escape sequence '\e'
2026-05-21 23:15:13,021 - INFO - HTTP Request: POST https://api.deepseek.com/chat/completions "HTTP/1.1 200 OK"
2026-05-21 23:15:25,339 - INFO - HTTP Request: POST https://api.deepseek.com/chat/completions "HTTP/1.1 200 OK"
2026-05-21 23:15:32,614 - INFO - HTTP Request: POST https://api.deepseek.com/chat/completions "HTTP/1.1 200 OK"
2026-05-21 23:15:44,118 - INFO - HTTP Request: POST https://api.deepseek.com/chat/completions "HTTP/1.1 200 OK"
2026-05-21 23:15:54,730 - INFO - HTTP Request: POST https://api.deepseek.com/chat/completions "HTTP/1.1 200 OK"
2026-05-21 23:16:06,673 - INFO - HTTP Request: POST https://api.deepseek.com/chat/completions "HTTP/1.1 200 OK"
2026-05-21 23:16:12,026 - INFO - HTTP Request: POST https://api.deepseek.com/chat/completions "HTTP/1.1 200 OK"
2026-05-21 23:16:23,592 - INFO - HTTP Request: POST https://api.deepseek.com/chat/completions "HTTP/1.1 200 OK"
2026-05-21 23:16:29,160 - INFO - HTTP Request: POST https://api.deepseek.com/chat/completions "HTTP/1.1 200 OK"
2026-05-21 23:16:40,811 - INFO - HTTP Request: POST https://api.deepseek.com/chat/completions "HTTP/1.1 200 OK"
2026-05-21 23:16:45,202 - INFO - HTTP Request: POST https://api.deepseek.com/chat/completions "HTTP/1.1 200 OK"
2026-05-21 23:16:57,530 - INFO - HTTP Request: POST https://api.deepseek.com/chat/completions "HTTP/1.1 200 OK"
2026-05-21 23:17:05,590 - INFO - HTTP Request: POST https://api.deepseek.com/chat/completions "HTTP/1.1 200 OK"
2026-05-21 23:17:18,436 - INFO - HTTP Request: POST https://api.deepseek.com/chat/completions "HTTP/1.1 200 OK"
2026-05-21 23:17:24,463 - INFO - HTTP Request: POST https://api.deepseek.com/chat/completions "HTTP/1.1 200 OK"
2026-05-21 23:17:36,877 - INFO - HTTP Request: POST https://api.deepseek.com/chat/completions "HTTP/1.1 200 OK"
2026-05-21 23:17:44,014 - INFO - HTTP Request: POST https://api.deepseek.com/chat/completions "HTTP/1.1 200 OK"
2026-05-21 23:17:56,568 - INFO - HTTP Request: POST https://api.deepseek.com/chat/completions "HTTP/1.1 200 OK"
2026-05-21 23:18:03,914 - INFO - HTTP Request: POST https://api.deepseek.com/chat/completions "HTTP/1.1 200 OK"
2026-05-21 23:18:16,503 - INFO - HTTP Request: POST https://api.deepseek.com/chat/completions "HTTP/1.1 200 OK"
2026-05-21 23:18:23,182 - INFO - HTTP Request: POST https://api.deepseek.com/chat/completions "HTTP/1.1 200 OK"
2026-05-21 23:18:26,121 - INFO - HTTP Request: POST https://api.deepseek.com/chat/completions "HTTP/1.1 200 OK"
2026-05-21 23:18:35,245 - INFO - Loading model: microsoft/codebert-base-mlm
/data/users/eliassam/miniforge3/lib/python3.12/site-packages/transformers/tokenization_utils_base.py:1601: FutureWarning: `clean_up_tokenization_spaces` was not set. It will be set to `True` by default. This behavior will be depracted in transformers v4.45, and will be then set to `False` by default. For more details check this issue: https://github.com/huggingface/transformers/issues/31884
  warnings.warn(
Some weights of the model checkpoint at microsoft/codebert-base-mlm were not used when initializing RobertaForMaskedLM: ['roberta.pooler.dense.bias', 'roberta.pooler.dense.weight']
- This IS expected if you are initializing RobertaForMaskedLM from the checkpoint of a model trained on another task or with another architecture (e.g. initializing a BertForSequenceClassification model from a BertForPreTraining model).
- This IS NOT expected if you are initializing RobertaForMaskedLM from the checkpoint of a model that you expect to be exactly identical (initializing a BertForSequenceClassification model from a BertForSequenceClassification model).
2026-05-21 23:18:37,316 - INFO - Processed __main__.dot: Score=0.7027 (1 paths)
2026-05-21 23:18:37,375 - INFO - Processed test_case_0.dot: Score=0.7557 (1 paths)
2026-05-21 23:18:37,629 - INFO - Processed test_case_1.dot: Score=0.4087 (4 paths)
2026-05-21 23:18:37,758 - INFO - Processed test_case_2.dot: Score=0.4158 (2 paths)
2026-05-21 23:18:37,842 - INFO - Processed test_case_3.dot: Score=0.3199 (1 paths)
2026-05-21 23:18:38,025 - INFO - Processed test_case_4.dot: Score=0.2098 (2 paths)
2026-05-21 23:18:40,740 - INFO - Processed test_case_5.dot: Score=0.2289 (31 paths)
2026-05-21 23:18:43,754 - INFO - Processed test_case_6.dot: Score=0.2354 (34 paths)
2026-05-21 23:18:44,389 - INFO - Processed test_case_7.dot: Score=0.1935 (8 paths)
2026-05-21 23:18:45,051 - INFO - Processed test_case_8.dot: Score=0.3195 (9 paths)
2026-05-21 23:18:45,314 - INFO - Processed test_case_9.dot: Score=0.3653 (4 paths)
2026-05-21 23:18:45,425 - INFO - Processed __main__.dot: Score=0.6514 (1 paths)
2026-05-21 23:18:45,490 - INFO - Processed test_timer_error_can_be_instantiated.dot: Score=0.4374 (1 paths)
2026-05-21 23:18:45,750 - INFO - Processed test_timer_context_manager_restart_raises_timer_error.dot: Score=0.3161 (4 paths)
2026-05-21 23:18:45,882 - INFO - Processed test_timer_context_manager_basic_usage.dot: Score=0.3520 (2 paths)
2026-05-21 23:18:45,954 - INFO - Processed test_timer_exit_without_start_raises_error.dot: Score=0.3537 (1 paths)
2026-05-21 23:18:46,139 - INFO - Processed test_timer_no_logger_does_not_interfere_with_operations.dot: Score=0.1725 (2 paths)
2026-05-21 23:18:53,001 - INFO - Processed test_timer_initial_text_with_float_format.dot: Score=0.1882 (31 paths)
2026-05-21 23:18:58,003 - INFO - Processed test_timer_context_manager_and_lifecycle_with_parameters.dot: Score=0.1757 (34 paths)
2026-05-21 23:18:58,669 - INFO - Processed test_timer_exit_with_none_logger_and_dict_operations.dot: Score=0.1701 (8 paths)
2026-05-21 23:18:59,384 - INFO - Processed test_timer_creation_with_various_initial_text_and_logger_combinations.dot: Score=0.3494 (9 paths)
2026-05-21 23:18:59,664 - INFO - Processed test_timer_initial_text_start_stop_and_context_manager.dot: Score=0.3590 (4 paths)
<unknown>:24: SyntaxWarning: invalid escape sequence '\['
<unknown>:25: SyntaxWarning: invalid escape sequence '\['
<unknown>:26: SyntaxWarning: invalid escape sequence '\('
<unknown>:27: SyntaxWarning: invalid escape sequence '\('
<unknown>:28: SyntaxWarning: invalid escape sequence '\e'
2026-05-21 23:19:08,910 - INFO - HTTP Request: POST https://api.deepseek.com/chat/completions "HTTP/1.1 200 OK"
2026-05-21 23:19:19,926 - INFO - HTTP Request: POST https://api.deepseek.com/chat/completions "HTTP/1.1 200 OK"
2026-05-21 23:19:25,205 - INFO - HTTP Request: POST https://api.deepseek.com/chat/completions "HTTP/1.1 200 OK"
2026-05-21 23:19:35,579 - INFO - HTTP Request: POST https://api.deepseek.com/chat/completions "HTTP/1.1 200 OK"
2026-05-21 23:19:40,567 - INFO - HTTP Request: POST https://api.deepseek.com/chat/completions "HTTP/1.1 200 OK"
2026-05-21 23:19:50,490 - INFO - HTTP Request: POST https://api.deepseek.com/chat/completions "HTTP/1.1 200 OK"
2026-05-21 23:19:54,324 - INFO - HTTP Request: POST https://api.deepseek.com/chat/completions "HTTP/1.1 200 OK"
2026-05-21 23:19:57,467 - INFO - Loading model: microsoft/codebert-base-mlm
/data/users/eliassam/miniforge3/lib/python3.12/site-packages/transformers/tokenization_utils_base.py:1601: FutureWarning: `clean_up_tokenization_spaces` was not set. It will be set to `True` by default. This behavior will be depracted in transformers v4.45, and will be then set to `False` by default. For more details check this issue: https://github.com/huggingface/transformers/issues/31884
  warnings.warn(
Some weights of the model checkpoint at microsoft/codebert-base-mlm were not used when initializing RobertaForMaskedLM: ['roberta.pooler.dense.bias', 'roberta.pooler.dense.weight']
- This IS expected if you are initializing RobertaForMaskedLM from the checkpoint of a model trained on another task or with another architecture (e.g. initializing a BertForSequenceClassification model from a BertForPreTraining model).
- This IS NOT expected if you are initializing RobertaForMaskedLM from the checkpoint of a model that you expect to be exactly identical (initializing a BertForSequenceClassification model from a BertForSequenceClassification model).
2026-05-21 23:19:59,988 - INFO - Processed __main__.dot: Score=0.8382 (1 paths)
2026-05-21 23:20:00,218 - INFO - Processed test_case_0.dot: Score=0.4452 (3 paths)
2026-05-21 23:20:00,348 - INFO - Processed test_case_1.dot: Score=0.4515 (2 paths)
2026-05-21 23:20:00,420 - INFO - Processed test_case_2.dot: Score=0.4938 (1 paths)
2026-05-21 23:20:01,032 - INFO - Processed __main__.dot: Score=0.6994 (1 paths)
2026-05-21 23:20:01,263 - INFO - Processed test_cached_property_get_with_none_instance.dot: Score=0.2833 (3 paths)
2026-05-21 23:20:01,408 - INFO - Processed test_cached_property_get_with_set_instance.dot: Score=0.2884 (2 paths)
2026-05-21 23:20:01,488 - INFO - Processed test_cached_property_initialized_with_empty_set.dot: Score=0.4618 (1 paths)
<unknown>:24: SyntaxWarning: invalid escape sequence '\['
<unknown>:25: SyntaxWarning: invalid escape sequence '\['
<unknown>:26: SyntaxWarning: invalid escape sequence '\('
<unknown>:27: SyntaxWarning: invalid escape sequence '\('
<unknown>:28: SyntaxWarning: invalid escape sequence '\e'
2026-05-21 23:20:12,410 - INFO - HTTP Request: POST https://api.deepseek.com/chat/completions "HTTP/1.1 200 OK"
2026-05-21 23:20:22,915 - INFO - HTTP Request: POST https://api.deepseek.com/chat/completions "HTTP/1.1 200 OK"
2026-05-21 23:20:28,472 - INFO - HTTP Request: POST https://api.deepseek.com/chat/completions "HTTP/1.1 200 OK"
2026-05-21 23:20:39,074 - INFO - HTTP Request: POST https://api.deepseek.com/chat/completions "HTTP/1.1 200 OK"
2026-05-21 23:20:44,684 - INFO - HTTP Request: POST https://api.deepseek.com/chat/completions "HTTP/1.1 200 OK"
2026-05-21 23:20:54,252 - INFO - HTTP Request: POST https://api.deepseek.com/chat/completions "HTTP/1.1 200 OK"
2026-05-21 23:20:58,156 - INFO - HTTP Request: POST https://api.deepseek.com/chat/completions "HTTP/1.1 200 OK"
2026-05-21 23:21:00,720 - INFO - Loading model: microsoft/codebert-base-mlm
/data/users/eliassam/miniforge3/lib/python3.12/site-packages/transformers/tokenization_utils_base.py:1601: FutureWarning: `clean_up_tokenization_spaces` was not set. It will be set to `True` by default. This behavior will be depracted in transformers v4.45, and will be then set to `False` by default. For more details check this issue: https://github.com/huggingface/transformers/issues/31884
  warnings.warn(
Some weights of the model checkpoint at microsoft/codebert-base-mlm were not used when initializing RobertaForMaskedLM: ['roberta.pooler.dense.bias', 'roberta.pooler.dense.weight']
- This IS expected if you are initializing RobertaForMaskedLM from the checkpoint of a model trained on another task or with another architecture (e.g. initializing a BertForSequenceClassification model from a BertForPreTraining model).
- This IS NOT expected if you are initializing RobertaForMaskedLM from the checkpoint of a model that you expect to be exactly identical (initializing a BertForSequenceClassification model from a BertForSequenceClassification model).
2026-05-21 23:21:03,041 - INFO - Processed __main__.dot: Score=0.8382 (1 paths)
2026-05-21 23:21:03,389 - INFO - Processed test_case_0.dot: Score=0.4452 (3 paths)
2026-05-21 23:21:03,517 - INFO - Processed test_case_1.dot: Score=0.4515 (2 paths)
2026-05-21 23:21:03,587 - INFO - Processed test_case_2.dot: Score=0.4938 (1 paths)
2026-05-21 23:21:03,657 - INFO - Processed __main__.dot: Score=0.6994 (1 paths)
2026-05-21 23:21:03,898 - INFO - Processed test_cached_property_get_on_class_access_with_none_instance.dot: Score=0.2626 (3 paths)
2026-05-21 23:21:04,042 - INFO - Processed test_cached_property_get_with_set_instance.dot: Score=0.3762 (2 paths)
2026-05-21 23:21:04,121 - INFO - Processed test_cached_property_created_with_empty_set.dot: Score=0.3526 (1 paths)
<unknown>:24: SyntaxWarning: invalid escape sequence '\['
<unknown>:25: SyntaxWarning: invalid escape sequence '\['
<unknown>:26: SyntaxWarning: invalid escape sequence '\('
<unknown>:27: SyntaxWarning: invalid escape sequence '\('
<unknown>:28: SyntaxWarning: invalid escape sequence '\e'
2026-05-21 23:21:14,712 - INFO - HTTP Request: POST https://api.deepseek.com/chat/completions "HTTP/1.1 200 OK"
2026-05-21 23:21:24,915 - INFO - HTTP Request: POST https://api.deepseek.com/chat/completions "HTTP/1.1 200 OK"
2026-05-21 23:21:29,903 - INFO - HTTP Request: POST https://api.deepseek.com/chat/completions "HTTP/1.1 200 OK"
2026-05-21 23:21:39,847 - INFO - HTTP Request: POST https://api.deepseek.com/chat/completions "HTTP/1.1 200 OK"
2026-05-21 23:21:44,815 - INFO - HTTP Request: POST https://api.deepseek.com/chat/completions "HTTP/1.1 200 OK"
2026-05-21 23:21:54,568 - INFO - HTTP Request: POST https://api.deepseek.com/chat/completions "HTTP/1.1 200 OK"
2026-05-21 23:21:59,679 - INFO - HTTP Request: POST https://api.deepseek.com/chat/completions "HTTP/1.1 200 OK"
2026-05-21 23:22:02,256 - INFO - HTTP Request: POST https://api.deepseek.com/chat/completions "HTTP/1.1 200 OK"
2026-05-21 23:22:06,259 - INFO - Loading model: microsoft/codebert-base-mlm
/data/users/eliassam/miniforge3/lib/python3.12/site-packages/transformers/tokenization_utils_base.py:1601: FutureWarning: `clean_up_tokenization_spaces` was not set. It will be set to `True` by default. This behavior will be depracted in transformers v4.45, and will be then set to `False` by default. For more details check this issue: https://github.com/huggingface/transformers/issues/31884
  warnings.warn(
Some weights of the model checkpoint at microsoft/codebert-base-mlm were not used when initializing RobertaForMaskedLM: ['roberta.pooler.dense.bias', 'roberta.pooler.dense.weight']
- This IS expected if you are initializing RobertaForMaskedLM from the checkpoint of a model trained on another task or with another architecture (e.g. initializing a BertForSequenceClassification model from a BertForPreTraining model).
- This IS NOT expected if you are initializing RobertaForMaskedLM from the checkpoint of a model that you expect to be exactly identical (initializing a BertForSequenceClassification model from a BertForSequenceClassification model).
2026-05-21 23:22:08,345 - INFO - Processed __main__.dot: Score=0.8382 (1 paths)
2026-05-21 23:22:08,564 - INFO - Processed test_case_0.dot: Score=0.4452 (3 paths)
2026-05-21 23:22:08,692 - INFO - Processed test_case_1.dot: Score=0.4515 (2 paths)
2026-05-21 23:22:08,762 - INFO - Processed test_case_2.dot: Score=0.4938 (1 paths)
2026-05-21 23:22:08,842 - INFO - Processed __main__.dot: Score=0.6868 (1 paths)
2026-05-21 23:22:09,084 - INFO - Processed test_cached_property_get_behavior_with_none_and_self_reference.dot: Score=0.2998 (3 paths)
2026-05-21 23:22:09,243 - INFO - Processed test_cached_property_get_accepts_empty_set_instance.dot: Score=0.3225 (2 paths)
2026-05-21 23:22:09,325 - INFO - Processed test_cached_property_wraps_empty_set_as_callable_descriptor.dot: Score=0.4113 (1 paths)
<unknown>:24: SyntaxWarning: invalid escape sequence '\['
<unknown>:25: SyntaxWarning: invalid escape sequence '\['
<unknown>:26: SyntaxWarning: invalid escape sequence '\('
<unknown>:27: SyntaxWarning: invalid escape sequence '\('
<unknown>:28: SyntaxWarning: invalid escape sequence '\e'
2026-05-21 23:22:19,402 - INFO - HTTP Request: POST https://api.deepseek.com/chat/completions "HTTP/1.1 200 OK"
2026-05-21 23:22:29,706 - INFO - HTTP Request: POST https://api.deepseek.com/chat/completions "HTTP/1.1 200 OK"
2026-05-21 23:22:35,560 - INFO - HTTP Request: POST https://api.deepseek.com/chat/completions "HTTP/1.1 200 OK"
2026-05-21 23:22:45,209 - INFO - HTTP Request: POST https://api.deepseek.com/chat/completions "HTTP/1.1 200 OK"
2026-05-21 23:22:50,329 - INFO - HTTP Request: POST https://api.deepseek.com/chat/completions "HTTP/1.1 200 OK"
2026-05-21 23:23:00,326 - INFO - HTTP Request: POST https://api.deepseek.com/chat/completions "HTTP/1.1 200 OK"
2026-05-21 23:23:07,116 - INFO - HTTP Request: POST https://api.deepseek.com/chat/completions "HTTP/1.1 200 OK"
2026-05-21 23:23:17,640 - INFO - HTTP Request: POST https://api.deepseek.com/chat/completions "HTTP/1.1 200 OK"
2026-05-21 23:23:22,953 - INFO - HTTP Request: POST https://api.deepseek.com/chat/completions "HTTP/1.1 200 OK"
2026-05-21 23:23:32,873 - INFO - HTTP Request: POST https://api.deepseek.com/chat/completions "HTTP/1.1 200 OK"
2026-05-21 23:23:39,447 - INFO - HTTP Request: POST https://api.deepseek.com/chat/completions "HTTP/1.1 200 OK"
2026-05-21 23:23:49,283 - INFO - HTTP Request: POST https://api.deepseek.com/chat/completions "HTTP/1.1 200 OK"
2026-05-21 23:23:57,537 - INFO - HTTP Request: POST https://api.deepseek.com/chat/completions "HTTP/1.1 200 OK"
2026-05-21 23:24:09,042 - INFO - HTTP Request: POST https://api.deepseek.com/chat/completions "HTTP/1.1 200 OK"
2026-05-21 23:24:15,785 - INFO - HTTP Request: POST https://api.deepseek.com/chat/completions "HTTP/1.1 200 OK"
2026-05-21 23:24:26,545 - INFO - HTTP Request: POST https://api.deepseek.com/chat/completions "HTTP/1.1 200 OK"
2026-05-21 23:24:31,461 - INFO - HTTP Request: POST https://api.deepseek.com/chat/completions "HTTP/1.1 200 OK"
2026-05-21 23:24:41,583 - INFO - HTTP Request: POST https://api.deepseek.com/chat/completions "HTTP/1.1 200 OK"
2026-05-21 23:24:51,444 - INFO - HTTP Request: POST https://api.deepseek.com/chat/completions "HTTP/1.1 200 OK"
2026-05-21 23:25:06,012 - INFO - HTTP Request: POST https://api.deepseek.com/chat/completions "HTTP/1.1 200 OK"
2026-05-21 23:25:13,165 - INFO - HTTP Request: POST https://api.deepseek.com/chat/completions "HTTP/1.1 200 OK"
2026-05-21 23:25:23,888 - INFO - HTTP Request: POST https://api.deepseek.com/chat/completions "HTTP/1.1 200 OK"
2026-05-21 23:25:29,930 - INFO - HTTP Request: POST https://api.deepseek.com/chat/completions "HTTP/1.1 200 OK"
2026-05-21 23:25:34,245 - INFO - HTTP Request: POST https://api.deepseek.com/chat/completions "HTTP/1.1 200 OK"
2026-05-21 23:25:48,719 - INFO - Loading model: microsoft/codebert-base-mlm
/data/users/eliassam/miniforge3/lib/python3.12/site-packages/transformers/tokenization_utils_base.py:1601: FutureWarning: `clean_up_tokenization_spaces` was not set. It will be set to `True` by default. This behavior will be depracted in transformers v4.45, and will be then set to `False` by default. For more details check this issue: https://github.com/huggingface/transformers/issues/31884
  warnings.warn(
Some weights of the model checkpoint at microsoft/codebert-base-mlm were not used when initializing RobertaForMaskedLM: ['roberta.pooler.dense.bias', 'roberta.pooler.dense.weight']
- This IS expected if you are initializing RobertaForMaskedLM from the checkpoint of a model trained on another task or with another architecture (e.g. initializing a BertForSequenceClassification model from a BertForPreTraining model).
- This IS NOT expected if you are initializing RobertaForMaskedLM from the checkpoint of a model that you expect to be exactly identical (initializing a BertForSequenceClassification model from a BertForSequenceClassification model).
2026-05-21 23:25:50,425 - INFO - Processed __main__.dot: Score=0.6247 (1 paths)
2026-05-21 23:25:50,495 - INFO - Processed test_case_0.dot: Score=0.5517 (1 paths)
2026-05-21 23:25:50,717 - INFO - Processed test_case_1.dot: Score=0.2750 (3 paths)
2026-05-21 23:25:50,811 - INFO - Processed test_case_2.dot: Score=0.2332 (1 paths)
2026-05-21 23:25:50,888 - INFO - Processed test_case_3.dot: Score=0.3506 (1 paths)
2026-05-21 23:25:50,959 - INFO - Processed test_case_4.dot: Score=0.4858 (1 paths)
2026-05-21 23:25:51,731 - INFO - Processed test_case_5.dot: Score=0.1792 (7 paths)
2026-05-21 23:25:51,846 - INFO - Processed test_case_6.dot: Score=0.1989 (1 paths)
2026-05-21 23:25:51,928 - INFO - Processed test_case_7.dot: Score=0.2615 (1 paths)
2026-05-21 23:25:56,277 - INFO - Processed test_case_8.dot: Score=0.1112 (15 paths)
2026-05-21 23:25:56,622 - INFO - Processed test_case_9.dot: Score=0.1418 (3 paths)
2026-05-21 23:25:56,718 - INFO - Processed test_case_10.dot: Score=0.2798 (1 paths)
2026-05-21 23:25:56,841 - INFO - Processed __main__.dot: Score=0.5169 (1 paths)
2026-05-21 23:25:56,923 - INFO - Processed test_to_namedtuple_with_negative_float_input.dot: Score=0.3340 (1 paths)
2026-05-21 23:25:57,173 - INFO - Processed test_to_namedtuple_with_tuple_containing_float_and_set.dot: Score=0.2712 (3 paths)
2026-05-21 23:25:57,283 - INFO - Processed test_to_namedtuple_handles_duplicate_keys_idempotently.dot: Score=0.2173 (1 paths)
2026-05-21 23:25:57,376 - INFO - Processed test_to_namedtuple_with_bytes_raises_type_error.dot: Score=0.2295 (1 paths)
2026-05-21 23:25:57,458 - INFO - Processed test_empty_tuple_converts_to_namedtuple.dot: Score=0.3621 (1 paths)
2026-05-21 23:25:58,427 - INFO - Processed test_to_namedtuple_repeated_calls_on_ordereddict_and_output.dot: Score=0.1559 (7 paths)
2026-05-21 23:25:58,565 - INFO - Processed test_to_namedtuple_with_duplicate_keys_in_ordereddict.dot: Score=0.3019 (1 paths)
2026-05-21 23:25:58,673 - INFO - Processed test_to_namedtuple_handles_nested_lists_and_none_input.dot: Score=0.2964 (1 paths)
2026-05-21 23:26:01,203 - INFO - Processed test_to_namedtuple_with_self_referencing_dict_and_boolean_edge_cases.dot: Score=0.1232 (15 paths)
2026-05-21 23:26:01,616 - INFO - Processed test_to_namedtuple_with_nested_structures_and_idempotency.dot: Score=0.1871 (3 paths)
2026-05-21 23:26:01,813 - INFO - Processed test_to_namedtuple_with_bytes_dict_raises_error.dot: Score=0.2159 (2 paths)
<unknown>:24: SyntaxWarning: invalid escape sequence '\['
<unknown>:25: SyntaxWarning: invalid escape sequence '\['
<unknown>:26: SyntaxWarning: invalid escape sequence '\('
<unknown>:27: SyntaxWarning: invalid escape sequence '\('
<unknown>:28: SyntaxWarning: invalid escape sequence '\e'
2026-05-21 23:26:12,607 - INFO - HTTP Request: POST https://api.deepseek.com/chat/completions "HTTP/1.1 200 OK"
2026-05-21 23:26:22,789 - INFO - HTTP Request: POST https://api.deepseek.com/chat/completions "HTTP/1.1 200 OK"
2026-05-21 23:26:28,009 - INFO - HTTP Request: POST https://api.deepseek.com/chat/completions "HTTP/1.1 200 OK"
2026-05-21 23:26:37,782 - INFO - HTTP Request: POST https://api.deepseek.com/chat/completions "HTTP/1.1 200 OK"
2026-05-21 23:26:43,028 - INFO - HTTP Request: POST https://api.deepseek.com/chat/completions "HTTP/1.1 200 OK"
2026-05-21 23:26:53,011 - INFO - HTTP Request: POST https://api.deepseek.com/chat/completions "HTTP/1.1 200 OK"
2026-05-21 23:26:56,426 - INFO - HTTP Request: POST https://api.deepseek.com/chat/completions "HTTP/1.1 200 OK"
2026-05-21 23:27:07,156 - INFO - HTTP Request: POST https://api.deepseek.com/chat/completions "HTTP/1.1 200 OK"
2026-05-21 23:27:13,535 - INFO - HTTP Request: POST https://api.deepseek.com/chat/completions "HTTP/1.1 200 OK"
2026-05-21 23:27:23,983 - INFO - HTTP Request: POST https://api.deepseek.com/chat/completions "HTTP/1.1 200 OK"
2026-05-21 23:27:29,106 - INFO - HTTP Request: POST https://api.deepseek.com/chat/completions "HTTP/1.1 200 OK"
2026-05-21 23:27:38,736 - INFO - HTTP Request: POST https://api.deepseek.com/chat/completions "HTTP/1.1 200 OK"
2026-05-21 23:27:44,220 - INFO - HTTP Request: POST https://api.deepseek.com/chat/completions "HTTP/1.1 200 OK"
2026-05-21 23:27:54,958 - INFO - HTTP Request: POST https://api.deepseek.com/chat/completions "HTTP/1.1 200 OK"
2026-05-21 23:27:59,906 - INFO - HTTP Request: POST https://api.deepseek.com/chat/completions "HTTP/1.1 200 OK"
2026-05-21 23:28:10,472 - INFO - HTTP Request: POST https://api.deepseek.com/chat/completions "HTTP/1.1 200 OK"
2026-05-21 23:28:16,766 - INFO - HTTP Request: POST https://api.deepseek.com/chat/completions "HTTP/1.1 200 OK"
2026-05-21 23:28:26,658 - INFO - HTTP Request: POST https://api.deepseek.com/chat/completions "HTTP/1.1 200 OK"
2026-05-21 23:28:35,257 - INFO - HTTP Request: POST https://api.deepseek.com/chat/completions "HTTP/1.1 200 OK"
2026-05-21 23:28:48,950 - INFO - HTTP Request: POST https://api.deepseek.com/chat/completions "HTTP/1.1 200 OK"
2026-05-21 23:28:55,704 - INFO - HTTP Request: POST https://api.deepseek.com/chat/completions "HTTP/1.1 200 OK"
2026-05-21 23:29:06,619 - INFO - HTTP Request: POST https://api.deepseek.com/chat/completions "HTTP/1.1 200 OK"
2026-05-21 23:29:14,097 - INFO - HTTP Request: POST https://api.deepseek.com/chat/completions "HTTP/1.1 200 OK"
2026-05-21 23:29:17,155 - INFO - HTTP Request: POST https://api.deepseek.com/chat/completions "HTTP/1.1 200 OK"
2026-05-21 23:29:30,470 - INFO - Loading model: microsoft/codebert-base-mlm
/data/users/eliassam/miniforge3/lib/python3.12/site-packages/transformers/tokenization_utils_base.py:1601: FutureWarning: `clean_up_tokenization_spaces` was not set. It will be set to `True` by default. This behavior will be depracted in transformers v4.45, and will be then set to `False` by default. For more details check this issue: https://github.com/huggingface/transformers/issues/31884
  warnings.warn(
Some weights of the model checkpoint at microsoft/codebert-base-mlm were not used when initializing RobertaForMaskedLM: ['roberta.pooler.dense.bias', 'roberta.pooler.dense.weight']
- This IS expected if you are initializing RobertaForMaskedLM from the checkpoint of a model trained on another task or with another architecture (e.g. initializing a BertForSequenceClassification model from a BertForPreTraining model).
- This IS NOT expected if you are initializing RobertaForMaskedLM from the checkpoint of a model that you expect to be exactly identical (initializing a BertForSequenceClassification model from a BertForSequenceClassification model).
2026-05-21 23:29:32,630 - INFO - Processed __main__.dot: Score=0.6247 (1 paths)
2026-05-21 23:29:32,699 - INFO - Processed test_case_0.dot: Score=0.5517 (1 paths)
2026-05-21 23:29:32,919 - INFO - Processed test_case_1.dot: Score=0.2750 (3 paths)
2026-05-21 23:29:33,013 - INFO - Processed test_case_2.dot: Score=0.2332 (1 paths)
2026-05-21 23:29:33,089 - INFO - Processed test_case_3.dot: Score=0.3506 (1 paths)
2026-05-21 23:29:33,159 - INFO - Processed test_case_4.dot: Score=0.4858 (1 paths)
2026-05-21 23:29:33,935 - INFO - Processed test_case_5.dot: Score=0.1792 (7 paths)
2026-05-21 23:29:34,057 - INFO - Processed test_case_6.dot: Score=0.1989 (1 paths)
2026-05-21 23:29:34,147 - INFO - Processed test_case_7.dot: Score=0.2615 (1 paths)
2026-05-21 23:29:36,081 - INFO - Processed test_case_8.dot: Score=0.1112 (15 paths)
2026-05-21 23:29:36,413 - INFO - Processed test_case_9.dot: Score=0.1418 (3 paths)
2026-05-21 23:29:36,537 - INFO - Processed test_case_10.dot: Score=0.2798 (1 paths)
2026-05-21 23:29:36,651 - INFO - Processed __main__.dot: Score=0.5169 (1 paths)
2026-05-21 23:29:36,793 - INFO - Processed test_to_namedtuple_raises_error_for_float_input.dot: Score=0.3106 (2 paths)
2026-05-21 23:29:37,036 - INFO - Processed test_to_namedtuple_with_tuple_containing_float_and_set.dot: Score=0.2768 (3 paths)
2026-05-21 23:29:37,138 - INFO - Processed test_converting_dict_with_duplicate_keys_to_namedtuple_and_back.dot: Score=0.4821 (1 paths)
2026-05-21 23:29:37,218 - INFO - Processed test_to_namedtuple_with_bytes_input.dot: Score=0.2620 (1 paths)
2026-05-21 23:29:37,288 - INFO - Processed test_empty_tuple_conversion_to_namedtuple.dot: Score=0.3443 (1 paths)
2026-05-21 23:29:38,595 - INFO - Processed test_to_namedtuple_handles_idempotent_conversions_and_mixed_types.dot: Score=0.1551 (7 paths)
2026-05-21 23:29:38,722 - INFO - Processed test_to_namedtuple_with_ordereddict_and_duplicate_keys.dot: Score=0.3291 (1 paths)
2026-05-21 23:29:38,819 - INFO - Processed test_to_namedtuple_with_nested_list_and_none.dot: Score=0.2032 (1 paths)
2026-05-21 23:29:43,069 - INFO - Processed test_to_namedtuple_with_nested_conversions_and_boolean_error.dot: Score=0.2166 (20 paths)
2026-05-21 23:29:43,472 - INFO - Processed test_to_namedtuple_handles_nested_structures_and_non_iterables.dot: Score=0.1422 (3 paths)
2026-05-21 23:29:43,579 - INFO - Processed test_to_namedtuple_with_unhashable_bytes_keys_raises_error.dot: Score=0.1864 (1 paths)
<unknown>:24: SyntaxWarning: invalid escape sequence '\['
<unknown>:25: SyntaxWarning: invalid escape sequence '\['
<unknown>:26: SyntaxWarning: invalid escape sequence '\('
<unknown>:27: SyntaxWarning: invalid escape sequence '\('
<unknown>:28: SyntaxWarning: invalid escape sequence '\e'
2026-05-21 23:29:52,198 - INFO - HTTP Request: POST https://api.deepseek.com/chat/completions "HTTP/1.1 200 OK"
2026-05-21 23:30:02,438 - INFO - HTTP Request: POST https://api.deepseek.com/chat/completions "HTTP/1.1 200 OK"
2026-05-21 23:30:07,048 - INFO - HTTP Request: POST https://api.deepseek.com/chat/completions "HTTP/1.1 200 OK"
2026-05-21 23:30:17,201 - INFO - HTTP Request: POST https://api.deepseek.com/chat/completions "HTTP/1.1 200 OK"
2026-05-21 23:30:22,549 - INFO - HTTP Request: POST https://api.deepseek.com/chat/completions "HTTP/1.1 200 OK"
2026-05-21 23:30:32,503 - INFO - HTTP Request: POST https://api.deepseek.com/chat/completions "HTTP/1.1 200 OK"
2026-05-21 23:30:37,522 - INFO - HTTP Request: POST https://api.deepseek.com/chat/completions "HTTP/1.1 200 OK"
2026-05-21 23:30:47,655 - INFO - HTTP Request: POST https://api.deepseek.com/chat/completions "HTTP/1.1 200 OK"
2026-05-21 23:30:54,098 - INFO - HTTP Request: POST https://api.deepseek.com/chat/completions "HTTP/1.1 200 OK"
2026-05-21 23:31:04,041 - INFO - HTTP Request: POST https://api.deepseek.com/chat/completions "HTTP/1.1 200 OK"
2026-05-21 23:31:09,352 - INFO - HTTP Request: POST https://api.deepseek.com/chat/completions "HTTP/1.1 200 OK"
2026-05-21 23:31:18,955 - INFO - HTTP Request: POST https://api.deepseek.com/chat/completions "HTTP/1.1 200 OK"
2026-05-21 23:31:25,142 - INFO - HTTP Request: POST https://api.deepseek.com/chat/completions "HTTP/1.1 200 OK"
2026-05-21 23:31:36,046 - INFO - HTTP Request: POST https://api.deepseek.com/chat/completions "HTTP/1.1 200 OK"
2026-05-21 23:31:42,580 - INFO - HTTP Request: POST https://api.deepseek.com/chat/completions "HTTP/1.1 200 OK"
2026-05-21 23:31:52,685 - INFO - HTTP Request: POST https://api.deepseek.com/chat/completions "HTTP/1.1 200 OK"
2026-05-21 23:31:57,699 - INFO - HTTP Request: POST https://api.deepseek.com/chat/completions "HTTP/1.1 200 OK"
2026-05-21 23:32:08,001 - INFO - HTTP Request: POST https://api.deepseek.com/chat/completions "HTTP/1.1 200 OK"
2026-05-21 23:32:17,357 - INFO - HTTP Request: POST https://api.deepseek.com/chat/completions "HTTP/1.1 200 OK"
2026-05-21 23:32:31,050 - INFO - HTTP Request: POST https://api.deepseek.com/chat/completions "HTTP/1.1 200 OK"
2026-05-21 23:32:38,426 - INFO - HTTP Request: POST https://api.deepseek.com/chat/completions "HTTP/1.1 200 OK"
2026-05-21 23:32:49,060 - INFO - HTTP Request: POST https://api.deepseek.com/chat/completions "HTTP/1.1 200 OK"
2026-05-21 23:32:54,321 - INFO - HTTP Request: POST https://api.deepseek.com/chat/completions "HTTP/1.1 200 OK"
2026-05-21 23:32:57,906 - INFO - HTTP Request: POST https://api.deepseek.com/chat/completions "HTTP/1.1 200 OK"
2026-05-21 23:33:12,778 - INFO - Loading model: microsoft/codebert-base-mlm
/data/users/eliassam/miniforge3/lib/python3.12/site-packages/transformers/tokenization_utils_base.py:1601: FutureWarning: `clean_up_tokenization_spaces` was not set. It will be set to `True` by default. This behavior will be depracted in transformers v4.45, and will be then set to `False` by default. For more details check this issue: https://github.com/huggingface/transformers/issues/31884
  warnings.warn(
Some weights of the model checkpoint at microsoft/codebert-base-mlm were not used when initializing RobertaForMaskedLM: ['roberta.pooler.dense.bias', 'roberta.pooler.dense.weight']
- This IS expected if you are initializing RobertaForMaskedLM from the checkpoint of a model trained on another task or with another architecture (e.g. initializing a BertForSequenceClassification model from a BertForPreTraining model).
- This IS NOT expected if you are initializing RobertaForMaskedLM from the checkpoint of a model that you expect to be exactly identical (initializing a BertForSequenceClassification model from a BertForSequenceClassification model).
2026-05-21 23:33:14,972 - INFO - Processed __main__.dot: Score=0.6247 (1 paths)
2026-05-21 23:33:15,075 - INFO - Processed test_case_0.dot: Score=0.5517 (1 paths)
2026-05-21 23:33:15,295 - INFO - Processed test_case_1.dot: Score=0.2750 (3 paths)
2026-05-21 23:33:15,388 - INFO - Processed test_case_2.dot: Score=0.2332 (1 paths)
2026-05-21 23:33:15,465 - INFO - Processed test_case_3.dot: Score=0.3506 (1 paths)
2026-05-21 23:33:15,534 - INFO - Processed test_case_4.dot: Score=0.4858 (1 paths)
2026-05-21 23:33:16,311 - INFO - Processed test_case_5.dot: Score=0.1792 (7 paths)
2026-05-21 23:33:16,434 - INFO - Processed test_case_6.dot: Score=0.1989 (1 paths)
2026-05-21 23:33:16,523 - INFO - Processed test_case_7.dot: Score=0.2615 (1 paths)
2026-05-21 23:33:18,575 - INFO - Processed test_case_8.dot: Score=0.1112 (15 paths)
2026-05-21 23:33:18,898 - INFO - Processed test_case_9.dot: Score=0.1418 (3 paths)
2026-05-21 23:33:18,983 - INFO - Processed test_case_10.dot: Score=0.2798 (1 paths)
2026-05-21 23:33:19,090 - INFO - Processed __main__.dot: Score=0.5169 (1 paths)
2026-05-21 23:33:19,162 - INFO - Processed test_to_namedtuple_with_negative_float.dot: Score=0.3526 (1 paths)
2026-05-21 23:33:19,402 - INFO - Processed test_to_namedtuple_with_float_and_set.dot: Score=0.2842 (3 paths)
2026-05-21 23:33:19,511 - INFO - Processed test_to_namedtuple_with_duplicate_keys_roundtrip.dot: Score=0.2918 (1 paths)
2026-05-21 23:33:19,601 - INFO - Processed test_to_namedtuple_with_bytes_input.dot: Score=0.2820 (1 paths)
2026-05-21 23:33:19,682 - INFO - Processed test_to_namedtuple_with_empty_tuple.dot: Score=0.4108 (1 paths)
2026-05-21 23:33:23,035 - INFO - Processed test_to_namedtuple_with_multiple_input_types.dot: Score=0.2093 (7 paths)
2026-05-21 23:33:23,170 - INFO - Processed test_to_namedtuple_with_ordereddict_and_unique_key.dot: Score=0.2889 (1 paths)
2026-05-21 23:33:23,280 - INFO - Processed test_to_namedtuple_with_nested_lists_and_none.dot: Score=0.3739 (1 paths)
2026-05-21 23:33:25,833 - INFO - Processed test_to_namedtuple_with_repeated_conversions_nested_structures_and_boolean_edge_cases.dot: Score=0.1771 (15 paths)
2026-05-21 23:33:26,305 - INFO - Processed test_to_namedtuple_handles_nested_structures_and_invalid_input.dot: Score=0.1507 (3 paths)
2026-05-21 23:33:26,414 - INFO - Processed test_to_namedtuple_with_bytes_keys_and_values.dot: Score=0.2274 (1 paths)
<unknown>:24: SyntaxWarning: invalid escape sequence '\['
<unknown>:25: SyntaxWarning: invalid escape sequence '\['
<unknown>:26: SyntaxWarning: invalid escape sequence '\('
<unknown>:27: SyntaxWarning: invalid escape sequence '\('
<unknown>:28: SyntaxWarning: invalid escape sequence '\e'
2026-05-21 23:33:35,386 - INFO - HTTP Request: POST https://api.deepseek.com/chat/completions "HTTP/1.1 200 OK"
2026-05-21 23:33:45,585 - INFO - HTTP Request: POST https://api.deepseek.com/chat/completions "HTTP/1.1 200 OK"
2026-05-21 23:33:51,147 - INFO - HTTP Request: POST https://api.deepseek.com/chat/completions "HTTP/1.1 200 OK"
2026-05-21 23:33:52,983 - INFO - Loading model: microsoft/codebert-base-mlm
/data/users/eliassam/miniforge3/lib/python3.12/site-packages/transformers/tokenization_utils_base.py:1601: FutureWarning: `clean_up_tokenization_spaces` was not set. It will be set to `True` by default. This behavior will be depracted in transformers v4.45, and will be then set to `False` by default. For more details check this issue: https://github.com/huggingface/transformers/issues/31884
  warnings.warn(
Some weights of the model checkpoint at microsoft/codebert-base-mlm were not used when initializing RobertaForMaskedLM: ['roberta.pooler.dense.bias', 'roberta.pooler.dense.weight']
- This IS expected if you are initializing RobertaForMaskedLM from the checkpoint of a model trained on another task or with another architecture (e.g. initializing a BertForSequenceClassification model from a BertForPreTraining model).
- This IS NOT expected if you are initializing RobertaForMaskedLM from the checkpoint of a model that you expect to be exactly identical (initializing a BertForSequenceClassification model from a BertForSequenceClassification model).
2026-05-21 23:33:55,124 - INFO - Processed __main__.dot: Score=0.8730 (1 paths)
2026-05-21 23:33:56,122 - INFO - Processed test_case_0.dot: Score=0.9320 (1 paths)
2026-05-21 23:33:56,947 - INFO - Processed __main__.dot: Score=0.7619 (1 paths)
2026-05-21 23:33:57,019 - INFO - Processed test__version_part_default_instantiation.dot: Score=0.6063 (1 paths)
<unknown>:24: SyntaxWarning: invalid escape sequence '\['
<unknown>:25: SyntaxWarning: invalid escape sequence '\['
<unknown>:26: SyntaxWarning: invalid escape sequence '\('
<unknown>:27: SyntaxWarning: invalid escape sequence '\('
<unknown>:28: SyntaxWarning: invalid escape sequence '\e'
2026-05-21 23:34:06,618 - INFO - HTTP Request: POST https://api.deepseek.com/chat/completions "HTTP/1.1 200 OK"
2026-05-21 23:34:16,458 - INFO - HTTP Request: POST https://api.deepseek.com/chat/completions "HTTP/1.1 200 OK"
2026-05-21 23:34:20,324 - INFO - HTTP Request: POST https://api.deepseek.com/chat/completions "HTTP/1.1 200 OK"
2026-05-21 23:34:22,408 - INFO - Loading model: microsoft/codebert-base-mlm
/data/users/eliassam/miniforge3/lib/python3.12/site-packages/transformers/tokenization_utils_base.py:1601: FutureWarning: `clean_up_tokenization_spaces` was not set. It will be set to `True` by default. This behavior will be depracted in transformers v4.45, and will be then set to `False` by default. For more details check this issue: https://github.com/huggingface/transformers/issues/31884
  warnings.warn(
Some weights of the model checkpoint at microsoft/codebert-base-mlm were not used when initializing RobertaForMaskedLM: ['roberta.pooler.dense.bias', 'roberta.pooler.dense.weight']
- This IS expected if you are initializing RobertaForMaskedLM from the checkpoint of a model trained on another task or with another architecture (e.g. initializing a BertForSequenceClassification model from a BertForPreTraining model).
- This IS NOT expected if you are initializing RobertaForMaskedLM from the checkpoint of a model that you expect to be exactly identical (initializing a BertForSequenceClassification model from a BertForSequenceClassification model).
2026-05-21 23:34:24,324 - INFO - Processed __main__.dot: Score=0.8730 (1 paths)
2026-05-21 23:34:24,380 - INFO - Processed test_case_0.dot: Score=0.9320 (1 paths)
2026-05-21 23:34:24,451 - INFO - Processed __main__.dot: Score=0.7301 (1 paths)
2026-05-21 23:34:24,524 - INFO - Processed test_version_part_can_be_instantiated.dot: Score=0.6370 (1 paths)
<unknown>:24: SyntaxWarning: invalid escape sequence '\['
<unknown>:25: SyntaxWarning: invalid escape sequence '\['
<unknown>:26: SyntaxWarning: invalid escape sequence '\('
<unknown>:27: SyntaxWarning: invalid escape sequence '\('
<unknown>:28: SyntaxWarning: invalid escape sequence '\e'
2026-05-21 23:34:34,531 - INFO - HTTP Request: POST https://api.deepseek.com/chat/completions "HTTP/1.1 200 OK"
2026-05-21 23:34:44,518 - INFO - HTTP Request: POST https://api.deepseek.com/chat/completions "HTTP/1.1 200 OK"
2026-05-21 23:34:49,577 - INFO - HTTP Request: POST https://api.deepseek.com/chat/completions "HTTP/1.1 200 OK"
2026-05-21 23:34:51,634 - INFO - Loading model: microsoft/codebert-base-mlm
/data/users/eliassam/miniforge3/lib/python3.12/site-packages/transformers/tokenization_utils_base.py:1601: FutureWarning: `clean_up_tokenization_spaces` was not set. It will be set to `True` by default. This behavior will be depracted in transformers v4.45, and will be then set to `False` by default. For more details check this issue: https://github.com/huggingface/transformers/issues/31884
  warnings.warn(
Some weights of the model checkpoint at microsoft/codebert-base-mlm were not used when initializing RobertaForMaskedLM: ['roberta.pooler.dense.bias', 'roberta.pooler.dense.weight']
- This IS expected if you are initializing RobertaForMaskedLM from the checkpoint of a model trained on another task or with another architecture (e.g. initializing a BertForSequenceClassification model from a BertForPreTraining model).
- This IS NOT expected if you are initializing RobertaForMaskedLM from the checkpoint of a model that you expect to be exactly identical (initializing a BertForSequenceClassification model from a BertForSequenceClassification model).
2026-05-21 23:34:53,880 - INFO - Processed __main__.dot: Score=0.8730 (1 paths)
2026-05-21 23:34:53,989 - INFO - Processed test_case_0.dot: Score=0.9320 (1 paths)
2026-05-21 23:34:54,061 - INFO - Processed __main__.dot: Score=0.7509 (1 paths)
2026-05-21 23:34:54,136 - INFO - Processed test__version_part_can_be_instantiated.dot: Score=0.4611 (1 paths)
<unknown>:24: SyntaxWarning: invalid escape sequence '\['
<unknown>:25: SyntaxWarning: invalid escape sequence '\['
<unknown>:26: SyntaxWarning: invalid escape sequence '\('
<unknown>:27: SyntaxWarning: invalid escape sequence '\('
<unknown>:28: SyntaxWarning: invalid escape sequence '\e'
2026-05-21 23:35:03,308 - INFO - HTTP Request: POST https://api.deepseek.com/chat/completions "HTTP/1.1 200 OK"
2026-05-21 23:35:13,352 - INFO - HTTP Request: POST https://api.deepseek.com/chat/completions "HTTP/1.1 200 OK"
2026-05-21 23:35:17,441 - INFO - HTTP Request: POST https://api.deepseek.com/chat/completions "HTTP/1.1 200 OK"
2026-05-21 23:35:19,561 - INFO - HTTP Request: POST https://api.deepseek.com/chat/completions "HTTP/1.1 200 OK"
2026-05-21 23:35:22,932 - INFO - Loading model: microsoft/codebert-base-mlm
/data/users/eliassam/miniforge3/lib/python3.12/site-packages/transformers/tokenization_utils_base.py:1601: FutureWarning: `clean_up_tokenization_spaces` was not set. It will be set to `True` by default. This behavior will be depracted in transformers v4.45, and will be then set to `False` by default. For more details check this issue: https://github.com/huggingface/transformers/issues/31884
  warnings.warn(
Some weights of the model checkpoint at microsoft/codebert-base-mlm were not used when initializing RobertaForMaskedLM: ['roberta.pooler.dense.bias', 'roberta.pooler.dense.weight']
- This IS expected if you are initializing RobertaForMaskedLM from the checkpoint of a model trained on another task or with another architecture (e.g. initializing a BertForSequenceClassification model from a BertForPreTraining model).
- This IS NOT expected if you are initializing RobertaForMaskedLM from the checkpoint of a model that you expect to be exactly identical (initializing a BertForSequenceClassification model from a BertForSequenceClassification model).
2026-05-21 23:35:25,255 - INFO - Processed __main__.dot: Score=0.8569 (1 paths)
2026-05-21 23:35:25,330 - INFO - Processed test_case_0.dot: Score=0.4330 (1 paths)
2026-05-21 23:35:25,404 - INFO - Processed __main__.dot: Score=0.7295 (1 paths)
2026-05-21 23:35:25,492 - INFO - Processed test_build_setup_cfg_command_class_handles_none_gracefully.dot: Score=0.4099 (1 paths)
<unknown>:24: SyntaxWarning: invalid escape sequence '\['
<unknown>:25: SyntaxWarning: invalid escape sequence '\['
<unknown>:26: SyntaxWarning: invalid escape sequence '\('
<unknown>:27: SyntaxWarning: invalid escape sequence '\('
<unknown>:28: SyntaxWarning: invalid escape sequence '\e'
2026-05-21 23:35:35,658 - INFO - HTTP Request: POST https://api.deepseek.com/chat/completions "HTTP/1.1 200 OK"
2026-05-21 23:35:45,905 - INFO - HTTP Request: POST https://api.deepseek.com/chat/completions "HTTP/1.1 200 OK"
2026-05-21 23:35:50,047 - INFO - HTTP Request: POST https://api.deepseek.com/chat/completions "HTTP/1.1 200 OK"
2026-05-21 23:35:52,335 - INFO - HTTP Request: POST https://api.deepseek.com/chat/completions "HTTP/1.1 200 OK"
2026-05-21 23:35:54,809 - INFO - Loading model: microsoft/codebert-base-mlm
/data/users/eliassam/miniforge3/lib/python3.12/site-packages/transformers/tokenization_utils_base.py:1601: FutureWarning: `clean_up_tokenization_spaces` was not set. It will be set to `True` by default. This behavior will be depracted in transformers v4.45, and will be then set to `False` by default. For more details check this issue: https://github.com/huggingface/transformers/issues/31884
  warnings.warn(
Some weights of the model checkpoint at microsoft/codebert-base-mlm were not used when initializing RobertaForMaskedLM: ['roberta.pooler.dense.bias', 'roberta.pooler.dense.weight']
- This IS expected if you are initializing RobertaForMaskedLM from the checkpoint of a model trained on another task or with another architecture (e.g. initializing a BertForSequenceClassification model from a BertForPreTraining model).
- This IS NOT expected if you are initializing RobertaForMaskedLM from the checkpoint of a model that you expect to be exactly identical (initializing a BertForSequenceClassification model from a BertForSequenceClassification model).
2026-05-21 23:35:56,964 - INFO - Processed __main__.dot: Score=0.8569 (1 paths)
2026-05-21 23:35:57,038 - INFO - Processed test_case_0.dot: Score=0.4330 (1 paths)
2026-05-21 23:35:57,123 - INFO - Processed __main__.dot: Score=0.7295 (1 paths)
2026-05-21 23:35:57,212 - INFO - Processed test_build_setup_cfg_command_class_with_none_argument_does_not_raise_error.dot: Score=0.3159 (1 paths)
<unknown>:24: SyntaxWarning: invalid escape sequence '\['
<unknown>:25: SyntaxWarning: invalid escape sequence '\['
<unknown>:26: SyntaxWarning: invalid escape sequence '\('
<unknown>:27: SyntaxWarning: invalid escape sequence '\('
<unknown>:28: SyntaxWarning: invalid escape sequence '\e'
2026-05-21 23:36:06,380 - INFO - HTTP Request: POST https://api.deepseek.com/chat/completions "HTTP/1.1 200 OK"
2026-05-21 23:36:16,305 - INFO - HTTP Request: POST https://api.deepseek.com/chat/completions "HTTP/1.1 200 OK"
2026-05-21 23:36:21,869 - INFO - HTTP Request: POST https://api.deepseek.com/chat/completions "HTTP/1.1 200 OK"
2026-05-21 23:36:24,218 - INFO - HTTP Request: POST https://api.deepseek.com/chat/completions "HTTP/1.1 200 OK"
2026-05-21 23:36:27,410 - INFO - Loading model: microsoft/codebert-base-mlm
/data/users/eliassam/miniforge3/lib/python3.12/site-packages/transformers/tokenization_utils_base.py:1601: FutureWarning: `clean_up_tokenization_spaces` was not set. It will be set to `True` by default. This behavior will be depracted in transformers v4.45, and will be then set to `False` by default. For more details check this issue: https://github.com/huggingface/transformers/issues/31884
  warnings.warn(
Some weights of the model checkpoint at microsoft/codebert-base-mlm were not used when initializing RobertaForMaskedLM: ['roberta.pooler.dense.bias', 'roberta.pooler.dense.weight']
- This IS expected if you are initializing RobertaForMaskedLM from the checkpoint of a model trained on another task or with another architecture (e.g. initializing a BertForSequenceClassification model from a BertForPreTraining model).
- This IS NOT expected if you are initializing RobertaForMaskedLM from the checkpoint of a model that you expect to be exactly identical (initializing a BertForSequenceClassification model from a BertForSequenceClassification model).
2026-05-21 23:36:29,498 - INFO - Processed __main__.dot: Score=0.8569 (1 paths)
2026-05-21 23:36:29,585 - INFO - Processed test_case_0.dot: Score=0.4330 (1 paths)
2026-05-21 23:36:29,664 - INFO - Processed __main__.dot: Score=0.8854 (1 paths)
2026-05-21 23:36:29,768 - INFO - Processed test_build_setup_cfg_command_class_none_argument.dot: Score=0.3752 (1 paths)
<unknown>:24: SyntaxWarning: invalid escape sequence '\['
<unknown>:25: SyntaxWarning: invalid escape sequence '\['
<unknown>:26: SyntaxWarning: invalid escape sequence '\('
<unknown>:27: SyntaxWarning: invalid escape sequence '\('
<unknown>:28: SyntaxWarning: invalid escape sequence '\e'
2026-05-21 23:36:41,135 - INFO - HTTP Request: POST https://api.deepseek.com/chat/completions "HTTP/1.1 200 OK"
2026-05-21 23:36:51,856 - INFO - HTTP Request: POST https://api.deepseek.com/chat/completions "HTTP/1.1 200 OK"
2026-05-21 23:36:56,518 - INFO - HTTP Request: POST https://api.deepseek.com/chat/completions "HTTP/1.1 200 OK"
2026-05-21 23:36:59,139 - INFO - Loading model: microsoft/codebert-base-mlm
/data/users/eliassam/miniforge3/lib/python3.12/site-packages/transformers/tokenization_utils_base.py:1601: FutureWarning: `clean_up_tokenization_spaces` was not set. It will be set to `True` by default. This behavior will be depracted in transformers v4.45, and will be then set to `False` by default. For more details check this issue: https://github.com/huggingface/transformers/issues/31884
  warnings.warn(
Some weights of the model checkpoint at microsoft/codebert-base-mlm were not used when initializing RobertaForMaskedLM: ['roberta.pooler.dense.bias', 'roberta.pooler.dense.weight']
- This IS expected if you are initializing RobertaForMaskedLM from the checkpoint of a model trained on another task or with another architecture (e.g. initializing a BertForSequenceClassification model from a BertForPreTraining model).
- This IS NOT expected if you are initializing RobertaForMaskedLM from the checkpoint of a model that you expect to be exactly identical (initializing a BertForSequenceClassification model from a BertForSequenceClassification model).
2026-05-21 23:37:01,149 - INFO - Processed __main__.dot: Score=0.8612 (1 paths)
2026-05-21 23:37:01,221 - INFO - Processed test_case_0.dot: Score=0.9121 (1 paths)
2026-05-21 23:37:01,321 - INFO - Processed __main__.dot: Score=0.7233 (1 paths)
2026-05-21 23:37:01,413 - INFO - Processed test_headers_formatter_can_be_instantiated.dot: Score=0.7177 (1 paths)
<unknown>:24: SyntaxWarning: invalid escape sequence '\['
<unknown>:25: SyntaxWarning: invalid escape sequence '\['
<unknown>:26: SyntaxWarning: invalid escape sequence '\('
<unknown>:27: SyntaxWarning: invalid escape sequence '\('
<unknown>:28: SyntaxWarning: invalid escape sequence '\e'
2026-05-21 23:37:13,044 - INFO - HTTP Request: POST https://api.deepseek.com/chat/completions "HTTP/1.1 200 OK"
2026-05-21 23:37:23,120 - INFO - HTTP Request: POST https://api.deepseek.com/chat/completions "HTTP/1.1 200 OK"
2026-05-21 23:37:27,374 - INFO - HTTP Request: POST https://api.deepseek.com/chat/completions "HTTP/1.1 200 OK"
2026-05-21 23:37:30,001 - INFO - Loading model: microsoft/codebert-base-mlm
/data/users/eliassam/miniforge3/lib/python3.12/site-packages/transformers/tokenization_utils_base.py:1601: FutureWarning: `clean_up_tokenization_spaces` was not set. It will be set to `True` by default. This behavior will be depracted in transformers v4.45, and will be then set to `False` by default. For more details check this issue: https://github.com/huggingface/transformers/issues/31884
  warnings.warn(
Some weights of the model checkpoint at microsoft/codebert-base-mlm were not used when initializing RobertaForMaskedLM: ['roberta.pooler.dense.bias', 'roberta.pooler.dense.weight']
- This IS expected if you are initializing RobertaForMaskedLM from the checkpoint of a model trained on another task or with another architecture (e.g. initializing a BertForSequenceClassification model from a BertForPreTraining model).
- This IS NOT expected if you are initializing RobertaForMaskedLM from the checkpoint of a model that you expect to be exactly identical (initializing a BertForSequenceClassification model from a BertForSequenceClassification model).
2026-05-21 23:37:32,484 - INFO - Processed __main__.dot: Score=0.8612 (1 paths)
2026-05-21 23:37:32,562 - INFO - Processed test_case_0.dot: Score=0.9121 (1 paths)
2026-05-21 23:37:32,662 - INFO - Processed __main__.dot: Score=0.7233 (1 paths)
2026-05-21 23:37:32,750 - INFO - Processed test_headers_formatter_instantiation.dot: Score=0.5537 (1 paths)
<unknown>:24: SyntaxWarning: invalid escape sequence '\['
<unknown>:25: SyntaxWarning: invalid escape sequence '\['
<unknown>:26: SyntaxWarning: invalid escape sequence '\('
<unknown>:27: SyntaxWarning: invalid escape sequence '\('
<unknown>:28: SyntaxWarning: invalid escape sequence '\e'
2026-05-21 23:37:44,731 - INFO - HTTP Request: POST https://api.deepseek.com/chat/completions "HTTP/1.1 200 OK"
2026-05-21 23:37:54,993 - INFO - HTTP Request: POST https://api.deepseek.com/chat/completions "HTTP/1.1 200 OK"
2026-05-21 23:37:58,995 - INFO - HTTP Request: POST https://api.deepseek.com/chat/completions "HTTP/1.1 200 OK"
2026-05-21 23:38:01,237 - INFO - HTTP Request: POST https://api.deepseek.com/chat/completions "HTTP/1.1 200 OK"
2026-05-21 23:38:04,213 - INFO - Loading model: microsoft/codebert-base-mlm
/data/users/eliassam/miniforge3/lib/python3.12/site-packages/transformers/tokenization_utils_base.py:1601: FutureWarning: `clean_up_tokenization_spaces` was not set. It will be set to `True` by default. This behavior will be depracted in transformers v4.45, and will be then set to `False` by default. For more details check this issue: https://github.com/huggingface/transformers/issues/31884
  warnings.warn(
Some weights of the model checkpoint at microsoft/codebert-base-mlm were not used when initializing RobertaForMaskedLM: ['roberta.pooler.dense.bias', 'roberta.pooler.dense.weight']
- This IS expected if you are initializing RobertaForMaskedLM from the checkpoint of a model trained on another task or with another architecture (e.g. initializing a BertForSequenceClassification model from a BertForPreTraining model).
- This IS NOT expected if you are initializing RobertaForMaskedLM from the checkpoint of a model that you expect to be exactly identical (initializing a BertForSequenceClassification model from a BertForSequenceClassification model).
2026-05-21 23:38:06,597 - INFO - Processed __main__.dot: Score=0.8612 (1 paths)
2026-05-21 23:38:07,597 - INFO - Processed test_case_0.dot: Score=0.9121 (1 paths)
2026-05-21 23:38:08,609 - INFO - Processed __main__.dot: Score=0.7233 (1 paths)
2026-05-21 23:38:08,702 - INFO - Processed test_headers_formatter_instantiation_succeeds.dot: Score=0.5260 (1 paths)
<unknown>:24: SyntaxWarning: invalid escape sequence '\['
<unknown>:25: SyntaxWarning: invalid escape sequence '\['
<unknown>:26: SyntaxWarning: invalid escape sequence '\('
<unknown>:27: SyntaxWarning: invalid escape sequence '\('
<unknown>:28: SyntaxWarning: invalid escape sequence '\e'
2026-05-21 23:38:19,974 - INFO - HTTP Request: POST https://api.deepseek.com/chat/completions "HTTP/1.1 200 OK"
2026-05-21 23:38:22,757 - INFO - HTTP Request: POST https://api.deepseek.com/chat/completions "HTTP/1.1 200 OK"
2026-05-21 23:38:28,334 - INFO - HTTP Request: POST https://api.deepseek.com/chat/completions "HTTP/1.1 200 OK"
2026-05-21 23:38:30,858 - INFO - HTTP Request: POST https://api.deepseek.com/chat/completions "HTTP/1.1 200 OK"
2026-05-21 23:38:35,446 - INFO - HTTP Request: POST https://api.deepseek.com/chat/completions "HTTP/1.1 200 OK"
2026-05-21 23:38:38,164 - INFO - HTTP Request: POST https://api.deepseek.com/chat/completions "HTTP/1.1 200 OK"
2026-05-21 23:38:42,984 - INFO - HTTP Request: POST https://api.deepseek.com/chat/completions "HTTP/1.1 200 OK"
2026-05-21 23:38:45,433 - INFO - HTTP Request: POST https://api.deepseek.com/chat/completions "HTTP/1.1 200 OK"
2026-05-21 23:38:51,837 - INFO - HTTP Request: POST https://api.deepseek.com/chat/completions "HTTP/1.1 200 OK"
2026-05-21 23:38:54,803 - INFO - HTTP Request: POST https://api.deepseek.com/chat/completions "HTTP/1.1 200 OK"
2026-05-21 23:38:58,872 - INFO - HTTP Request: POST https://api.deepseek.com/chat/completions "HTTP/1.1 200 OK"
2026-05-21 23:39:01,435 - INFO - Loading model: microsoft/codebert-base-mlm
/data/users/eliassam/miniforge3/lib/python3.12/site-packages/transformers/tokenization_utils_base.py:1601: FutureWarning: `clean_up_tokenization_spaces` was not set. It will be set to `True` by default. This behavior will be depracted in transformers v4.45, and will be then set to `False` by default. For more details check this issue: https://github.com/huggingface/transformers/issues/31884
  warnings.warn(
Some weights of the model checkpoint at microsoft/codebert-base-mlm were not used when initializing RobertaForMaskedLM: ['roberta.pooler.dense.bias', 'roberta.pooler.dense.weight']
- This IS expected if you are initializing RobertaForMaskedLM from the checkpoint of a model trained on another task or with another architecture (e.g. initializing a BertForSequenceClassification model from a BertForPreTraining model).
- This IS NOT expected if you are initializing RobertaForMaskedLM from the checkpoint of a model that you expect to be exactly identical (initializing a BertForSequenceClassification model from a BertForSequenceClassification model).
2026-05-21 23:39:03,828 - INFO - Processed __main__.dot: Score=0.7173 (1 paths)
2026-05-21 23:39:04,271 - INFO - Processed test_case_0.dot: Score=0.9371 (1 paths)
2026-05-21 23:39:04,445 - INFO - Processed test_case_1.dot: Score=0.3863 (2 paths)
2026-05-21 23:39:04,529 - INFO - Processed test_case_2.dot: Score=0.4633 (1 paths)
2026-05-21 23:39:04,661 - INFO - Processed test_case_3.dot: Score=0.2332 (1 paths)
2026-05-21 23:39:04,819 - INFO - Processed test_case_4.dot: Score=0.4287 (2 paths)
2026-05-21 23:39:04,918 - INFO - Processed __main__.dot: Score=0.5719 (1 paths)
2026-05-21 23:39:05,009 - INFO - Processed test_formatter_plugin_can_be_instantiated.dot: Score=0.4057 (1 paths)
2026-05-21 23:39:05,211 - INFO - Processed test_auth_plugin_get_auth_handles_special_password_characters.dot: Score=0.3004 (2 paths)
2026-05-21 23:39:05,354 - INFO - Processed test_transport_plugin_get_adapter_executes_successfully.dot: Score=0.2333 (1 paths)
2026-05-21 23:39:05,533 - INFO - Processed test_converter_plugin_accepts_none_argument.dot: Score=0.3768 (2 paths)
<unknown>:24: SyntaxWarning: invalid escape sequence '\['
<unknown>:25: SyntaxWarning: invalid escape sequence '\['
<unknown>:26: SyntaxWarning: invalid escape sequence '\('
<unknown>:27: SyntaxWarning: invalid escape sequence '\('
<unknown>:28: SyntaxWarning: invalid escape sequence '\e'
2026-05-21 23:39:17,441 - INFO - HTTP Request: POST https://api.deepseek.com/chat/completions "HTTP/1.1 200 OK"
2026-05-21 23:39:20,313 - INFO - HTTP Request: POST https://api.deepseek.com/chat/completions "HTTP/1.1 200 OK"
2026-05-21 23:39:26,138 - INFO - HTTP Request: POST https://api.deepseek.com/chat/completions "HTTP/1.1 200 OK"
2026-05-21 23:39:28,571 - INFO - HTTP Request: POST https://api.deepseek.com/chat/completions "HTTP/1.1 200 OK"
2026-05-21 23:39:35,643 - INFO - HTTP Request: POST https://api.deepseek.com/chat/completions "HTTP/1.1 200 OK"
2026-05-21 23:39:38,329 - INFO - HTTP Request: POST https://api.deepseek.com/chat/completions "HTTP/1.1 200 OK"
2026-05-21 23:39:43,742 - INFO - HTTP Request: POST https://api.deepseek.com/chat/completions "HTTP/1.1 200 OK"
2026-05-21 23:39:46,223 - INFO - HTTP Request: POST https://api.deepseek.com/chat/completions "HTTP/1.1 200 OK"
2026-05-21 23:39:52,506 - INFO - HTTP Request: POST https://api.deepseek.com/chat/completions "HTTP/1.1 200 OK"
2026-05-21 23:39:55,443 - INFO - HTTP Request: POST https://api.deepseek.com/chat/completions "HTTP/1.1 200 OK"
2026-05-21 23:40:00,797 - INFO - HTTP Request: POST https://api.deepseek.com/chat/completions "HTTP/1.1 200 OK"
2026-05-21 23:40:04,008 - INFO - Loading model: microsoft/codebert-base-mlm
/data/users/eliassam/miniforge3/lib/python3.12/site-packages/transformers/tokenization_utils_base.py:1601: FutureWarning: `clean_up_tokenization_spaces` was not set. It will be set to `True` by default. This behavior will be depracted in transformers v4.45, and will be then set to `False` by default. For more details check this issue: https://github.com/huggingface/transformers/issues/31884
  warnings.warn(
Some weights of the model checkpoint at microsoft/codebert-base-mlm were not used when initializing RobertaForMaskedLM: ['roberta.pooler.dense.bias', 'roberta.pooler.dense.weight']
- This IS expected if you are initializing RobertaForMaskedLM from the checkpoint of a model trained on another task or with another architecture (e.g. initializing a BertForSequenceClassification model from a BertForPreTraining model).
- This IS NOT expected if you are initializing RobertaForMaskedLM from the checkpoint of a model that you expect to be exactly identical (initializing a BertForSequenceClassification model from a BertForSequenceClassification model).
2026-05-21 23:40:06,137 - INFO - Processed __main__.dot: Score=0.7173 (1 paths)
2026-05-21 23:40:06,206 - INFO - Processed test_case_0.dot: Score=0.9371 (1 paths)
2026-05-21 23:40:06,379 - INFO - Processed test_case_1.dot: Score=0.3863 (2 paths)
2026-05-21 23:40:06,464 - INFO - Processed test_case_2.dot: Score=0.4633 (1 paths)
2026-05-21 23:40:06,596 - INFO - Processed test_case_3.dot: Score=0.2332 (1 paths)
2026-05-21 23:40:06,755 - INFO - Processed test_case_4.dot: Score=0.4287 (2 paths)
2026-05-21 23:40:06,870 - INFO - Processed __main__.dot: Score=0.6240 (1 paths)
2026-05-21 23:40:06,957 - INFO - Processed test_formatter_plugin_can_be_instantiated.dot: Score=0.7264 (1 paths)
2026-05-21 23:40:07,160 - INFO - Processed test_auth_plugin_handles_password_with_newline.dot: Score=0.3182 (2 paths)
2026-05-21 23:40:07,257 - INFO - Processed test_transport_plugin_initialization_get_adapter.dot: Score=0.3641 (1 paths)
2026-05-21 23:40:07,404 - INFO - Processed test_transport_plugin_get_adapter_with_converter_plugin.dot: Score=0.2683 (1 paths)
2026-05-21 23:40:07,591 - INFO - Processed test_converter_plugin_convert_with_none_input_gracefully_handled.dot: Score=0.5561 (2 paths)
<unknown>:24: SyntaxWarning: invalid escape sequence '\['
<unknown>:25: SyntaxWarning: invalid escape sequence '\['
<unknown>:26: SyntaxWarning: invalid escape sequence '\('
<unknown>:27: SyntaxWarning: invalid escape sequence '\('
<unknown>:28: SyntaxWarning: invalid escape sequence '\e'
2026-05-21 23:40:18,626 - INFO - HTTP Request: POST https://api.deepseek.com/chat/completions "HTTP/1.1 200 OK"
2026-05-21 23:40:21,389 - INFO - HTTP Request: POST https://api.deepseek.com/chat/completions "HTTP/1.1 200 OK"
2026-05-21 23:40:26,097 - INFO - HTTP Request: POST https://api.deepseek.com/chat/completions "HTTP/1.1 200 OK"
2026-05-21 23:40:28,551 - INFO - HTTP Request: POST https://api.deepseek.com/chat/completions "HTTP/1.1 200 OK"
2026-05-21 23:40:36,813 - INFO - HTTP Request: POST https://api.deepseek.com/chat/completions "HTTP/1.1 200 OK"
2026-05-21 23:40:39,664 - INFO - HTTP Request: POST https://api.deepseek.com/chat/completions "HTTP/1.1 200 OK"
2026-05-21 23:40:44,420 - INFO - HTTP Request: POST https://api.deepseek.com/chat/completions "HTTP/1.1 200 OK"
2026-05-21 23:40:46,795 - INFO - HTTP Request: POST https://api.deepseek.com/chat/completions "HTTP/1.1 200 OK"
2026-05-21 23:40:52,201 - INFO - HTTP Request: POST https://api.deepseek.com/chat/completions "HTTP/1.1 200 OK"
2026-05-21 23:40:54,923 - INFO - HTTP Request: POST https://api.deepseek.com/chat/completions "HTTP/1.1 200 OK"
2026-05-21 23:41:01,175 - INFO - HTTP Request: POST https://api.deepseek.com/chat/completions "HTTP/1.1 200 OK"
2026-05-21 23:41:04,038 - INFO - Loading model: microsoft/codebert-base-mlm
/data/users/eliassam/miniforge3/lib/python3.12/site-packages/transformers/tokenization_utils_base.py:1601: FutureWarning: `clean_up_tokenization_spaces` was not set. It will be set to `True` by default. This behavior will be depracted in transformers v4.45, and will be then set to `False` by default. For more details check this issue: https://github.com/huggingface/transformers/issues/31884
  warnings.warn(
Some weights of the model checkpoint at microsoft/codebert-base-mlm were not used when initializing RobertaForMaskedLM: ['roberta.pooler.dense.bias', 'roberta.pooler.dense.weight']
- This IS expected if you are initializing RobertaForMaskedLM from the checkpoint of a model trained on another task or with another architecture (e.g. initializing a BertForSequenceClassification model from a BertForPreTraining model).
- This IS NOT expected if you are initializing RobertaForMaskedLM from the checkpoint of a model that you expect to be exactly identical (initializing a BertForSequenceClassification model from a BertForSequenceClassification model).
2026-05-21 23:41:06,298 - INFO - Processed __main__.dot: Score=0.7173 (1 paths)
2026-05-21 23:41:06,366 - INFO - Processed test_case_0.dot: Score=0.9371 (1 paths)
2026-05-21 23:41:06,541 - INFO - Processed test_case_1.dot: Score=0.3863 (2 paths)
2026-05-21 23:41:06,626 - INFO - Processed test_case_2.dot: Score=0.4633 (1 paths)
2026-05-21 23:41:06,758 - INFO - Processed test_case_3.dot: Score=0.2332 (1 paths)
2026-05-21 23:41:06,918 - INFO - Processed test_case_4.dot: Score=0.4287 (2 paths)
2026-05-21 23:41:07,016 - INFO - Processed __main__.dot: Score=0.6240 (1 paths)
2026-05-21 23:41:07,101 - INFO - Processed test_formatter_plugin_instantiation.dot: Score=0.7919 (1 paths)
2026-05-21 23:41:07,313 - INFO - Processed test_auth_plugin_get_auth_accepts_special_chars_in_password.dot: Score=0.3724 (2 paths)
2026-05-21 23:41:07,412 - INFO - Processed test_transport_plugin_instantiation_and_get_adapter.dot: Score=0.3978 (1 paths)
2026-05-21 23:41:07,555 - INFO - Processed test_converter_and_transport_plugins_basic_instantiation.dot: Score=0.2062 (1 paths)
2026-05-21 23:41:07,725 - INFO - Processed test_converter_plugin_handles_none_value.dot: Score=0.4593 (2 paths)
<unknown>:24: SyntaxWarning: invalid escape sequence '\['
<unknown>:25: SyntaxWarning: invalid escape sequence '\['
<unknown>:26: SyntaxWarning: invalid escape sequence '\('
<unknown>:27: SyntaxWarning: invalid escape sequence '\('
<unknown>:28: SyntaxWarning: invalid escape sequence '\e'
2026-05-21 23:41:19,945 - INFO - HTTP Request: POST https://api.deepseek.com/chat/completions "HTTP/1.1 200 OK"
2026-05-21 23:41:30,457 - INFO - HTTP Request: POST https://api.deepseek.com/chat/completions "HTTP/1.1 200 OK"
2026-05-21 23:41:35,451 - INFO - HTTP Request: POST https://api.deepseek.com/chat/completions "HTTP/1.1 200 OK"
2026-05-21 23:41:44,955 - INFO - HTTP Request: POST https://api.deepseek.com/chat/completions "HTTP/1.1 200 OK"
2026-05-21 23:41:49,742 - INFO - HTTP Request: POST https://api.deepseek.com/chat/completions "HTTP/1.1 200 OK"
2026-05-21 23:42:00,037 - INFO - HTTP Request: POST https://api.deepseek.com/chat/completions "HTTP/1.1 200 OK"
2026-05-21 23:42:05,638 - INFO - HTTP Request: POST https://api.deepseek.com/chat/completions "HTTP/1.1 200 OK"
2026-05-21 23:42:16,694 - INFO - HTTP Request: POST https://api.deepseek.com/chat/completions "HTTP/1.1 200 OK"
2026-05-21 23:42:22,459 - INFO - HTTP Request: POST https://api.deepseek.com/chat/completions "HTTP/1.1 200 OK"
2026-05-21 23:42:33,091 - INFO - HTTP Request: POST https://api.deepseek.com/chat/completions "HTTP/1.1 200 OK"
2026-05-21 23:42:38,258 - INFO - HTTP Request: POST https://api.deepseek.com/chat/completions "HTTP/1.1 200 OK"
2026-05-21 23:42:41,682 - INFO - HTTP Request: POST https://api.deepseek.com/chat/completions "HTTP/1.1 200 OK"
2026-05-21 23:42:49,476 - INFO - Loading model: microsoft/codebert-base-mlm
/data/users/eliassam/miniforge3/lib/python3.12/site-packages/transformers/tokenization_utils_base.py:1601: FutureWarning: `clean_up_tokenization_spaces` was not set. It will be set to `True` by default. This behavior will be depracted in transformers v4.45, and will be then set to `False` by default. For more details check this issue: https://github.com/huggingface/transformers/issues/31884
  warnings.warn(
Some weights of the model checkpoint at microsoft/codebert-base-mlm were not used when initializing RobertaForMaskedLM: ['roberta.pooler.dense.bias', 'roberta.pooler.dense.weight']
- This IS expected if you are initializing RobertaForMaskedLM from the checkpoint of a model trained on another task or with another architecture (e.g. initializing a BertForSequenceClassification model from a BertForPreTraining model).
- This IS NOT expected if you are initializing RobertaForMaskedLM from the checkpoint of a model that you expect to be exactly identical (initializing a BertForSequenceClassification model from a BertForSequenceClassification model).
2026-05-21 23:42:51,814 - INFO - Processed __main__.dot: Score=0.5496 (1 paths)
2026-05-21 23:42:51,888 - INFO - Processed test_case_0.dot: Score=0.6932 (1 paths)
2026-05-21 23:42:52,142 - INFO - Processed test_case_1.dot: Score=0.3087 (3 paths)
2026-05-21 23:42:52,690 - INFO - Processed test_case_2.dot: Score=0.2390 (7 paths)
2026-05-21 23:42:52,966 - INFO - Processed test_case_3.dot: Score=0.2258 (3 paths)
2026-05-21 23:42:53,354 - INFO - Processed test_case_4.dot: Score=0.2020 (4 paths)
2026-05-21 23:42:53,472 - INFO - Processed __main__.dot: Score=0.4871 (1 paths)
2026-05-21 23:42:53,556 - INFO - Processed test_base_node_transformer_with_none_argument.dot: Score=0.3756 (1 paths)
2026-05-21 23:42:53,810 - INFO - Processed test_visit_import_from_accepts_mat_mult_operator.dot: Score=0.2921 (3 paths)
2026-05-21 23:42:54,394 - INFO - Processed test_visit_import_from_with_mat_mult_operator.dot: Score=0.2637 (7 paths)
2026-05-21 23:42:54,695 - INFO - Processed test_visit_import_from_with_special_characters_and_dict_args.dot: Score=0.2176 (3 paths)
2026-05-21 23:42:55,107 - INFO - Processed test_visit_import_from_with_duplicate_keys_in_dict_args.dot: Score=0.2217 (4 paths)
<unknown>:24: SyntaxWarning: invalid escape sequence '\['
<unknown>:25: SyntaxWarning: invalid escape sequence '\['
<unknown>:26: SyntaxWarning: invalid escape sequence '\('
<unknown>:27: SyntaxWarning: invalid escape sequence '\('
<unknown>:28: SyntaxWarning: invalid escape sequence '\e'
2026-05-21 23:43:04,666 - INFO - HTTP Request: POST https://api.deepseek.com/chat/completions "HTTP/1.1 200 OK"
2026-05-21 23:43:14,936 - INFO - HTTP Request: POST https://api.deepseek.com/chat/completions "HTTP/1.1 200 OK"
2026-05-21 23:43:21,122 - INFO - HTTP Request: POST https://api.deepseek.com/chat/completions "HTTP/1.1 200 OK"
2026-05-21 23:43:30,586 - INFO - HTTP Request: POST https://api.deepseek.com/chat/completions "HTTP/1.1 200 OK"
2026-05-21 23:43:37,556 - INFO - HTTP Request: POST https://api.deepseek.com/chat/completions "HTTP/1.1 200 OK"
2026-05-21 23:43:47,442 - INFO - HTTP Request: POST https://api.deepseek.com/chat/completions "HTTP/1.1 200 OK"
2026-05-21 23:43:53,157 - INFO - HTTP Request: POST https://api.deepseek.com/chat/completions "HTTP/1.1 200 OK"
2026-05-21 23:44:04,236 - INFO - HTTP Request: POST https://api.deepseek.com/chat/completions "HTTP/1.1 200 OK"
2026-05-21 23:44:12,443 - INFO - HTTP Request: POST https://api.deepseek.com/chat/completions "HTTP/1.1 200 OK"
2026-05-21 23:44:22,968 - INFO - HTTP Request: POST https://api.deepseek.com/chat/completions "HTTP/1.1 200 OK"
2026-05-21 23:44:28,702 - INFO - HTTP Request: POST https://api.deepseek.com/chat/completions "HTTP/1.1 200 OK"
2026-05-21 23:44:31,923 - INFO - HTTP Request: POST https://api.deepseek.com/chat/completions "HTTP/1.1 200 OK"
2026-05-21 23:44:39,334 - INFO - Loading model: microsoft/codebert-base-mlm
/data/users/eliassam/miniforge3/lib/python3.12/site-packages/transformers/tokenization_utils_base.py:1601: FutureWarning: `clean_up_tokenization_spaces` was not set. It will be set to `True` by default. This behavior will be depracted in transformers v4.45, and will be then set to `False` by default. For more details check this issue: https://github.com/huggingface/transformers/issues/31884
  warnings.warn(
Some weights of the model checkpoint at microsoft/codebert-base-mlm were not used when initializing RobertaForMaskedLM: ['roberta.pooler.dense.bias', 'roberta.pooler.dense.weight']
- This IS expected if you are initializing RobertaForMaskedLM from the checkpoint of a model trained on another task or with another architecture (e.g. initializing a BertForSequenceClassification model from a BertForPreTraining model).
- This IS NOT expected if you are initializing RobertaForMaskedLM from the checkpoint of a model that you expect to be exactly identical (initializing a BertForSequenceClassification model from a BertForSequenceClassification model).
2026-05-21 23:44:41,683 - INFO - Processed __main__.dot: Score=0.5496 (1 paths)
2026-05-21 23:44:43,153 - INFO - Processed test_case_0.dot: Score=0.6932 (1 paths)
2026-05-21 23:44:43,397 - INFO - Processed test_case_1.dot: Score=0.3087 (3 paths)
2026-05-21 23:44:43,941 - INFO - Processed test_case_2.dot: Score=0.2390 (7 paths)
2026-05-21 23:44:44,212 - INFO - Processed test_case_3.dot: Score=0.2258 (3 paths)
2026-05-21 23:44:44,592 - INFO - Processed test_case_4.dot: Score=0.2020 (4 paths)
2026-05-21 23:44:44,682 - INFO - Processed __main__.dot: Score=0.4711 (1 paths)
2026-05-21 23:44:44,763 - INFO - Processed test_base_node_transformer_init_with_none.dot: Score=0.4004 (1 paths)
2026-05-21 23:44:45,027 - INFO - Processed test_visit_import_from_with_mat_mult_operator.dot: Score=0.2671 (3 paths)
2026-05-21 23:44:45,640 - INFO - Processed test_visit_ImportFrom_with_MatMult_in_args.dot: Score=0.3154 (7 paths)
2026-05-21 23:44:45,926 - INFO - Processed test_visit_import_from_with_unpacked_dict_args.dot: Score=0.2783 (3 paths)
2026-05-21 23:44:46,329 - INFO - Processed test_visit_importfrom_with_special_characters_and_empty_string.dot: Score=0.2422 (4 paths)
<unknown>:24: SyntaxWarning: invalid escape sequence '\['
<unknown>:25: SyntaxWarning: invalid escape sequence '\['
<unknown>:26: SyntaxWarning: invalid escape sequence '\('
<unknown>:27: SyntaxWarning: invalid escape sequence '\('
<unknown>:28: SyntaxWarning: invalid escape sequence '\e'
2026-05-21 23:44:55,221 - INFO - HTTP Request: POST https://api.deepseek.com/chat/completions "HTTP/1.1 200 OK"
2026-05-21 23:45:05,655 - INFO - HTTP Request: POST https://api.deepseek.com/chat/completions "HTTP/1.1 200 OK"
2026-05-21 23:45:12,290 - INFO - HTTP Request: POST https://api.deepseek.com/chat/completions "HTTP/1.1 200 OK"
2026-05-21 23:45:21,967 - INFO - HTTP Request: POST https://api.deepseek.com/chat/completions "HTTP/1.1 200 OK"
2026-05-21 23:45:27,472 - INFO - HTTP Request: POST https://api.deepseek.com/chat/completions "HTTP/1.1 200 OK"
2026-05-21 23:45:38,018 - INFO - HTTP Request: POST https://api.deepseek.com/chat/completions "HTTP/1.1 200 OK"
2026-05-21 23:45:43,390 - INFO - HTTP Request: POST https://api.deepseek.com/chat/completions "HTTP/1.1 200 OK"
2026-05-21 23:45:53,522 - INFO - HTTP Request: POST https://api.deepseek.com/chat/completions "HTTP/1.1 200 OK"
2026-05-21 23:45:59,499 - INFO - HTTP Request: POST https://api.deepseek.com/chat/completions "HTTP/1.1 200 OK"
2026-05-21 23:46:10,119 - INFO - HTTP Request: POST https://api.deepseek.com/chat/completions "HTTP/1.1 200 OK"
2026-05-21 23:46:16,094 - INFO - HTTP Request: POST https://api.deepseek.com/chat/completions "HTTP/1.1 200 OK"
2026-05-21 23:46:19,481 - INFO - HTTP Request: POST https://api.deepseek.com/chat/completions "HTTP/1.1 200 OK"
2026-05-21 23:46:26,672 - INFO - Loading model: microsoft/codebert-base-mlm
/data/users/eliassam/miniforge3/lib/python3.12/site-packages/transformers/tokenization_utils_base.py:1601: FutureWarning: `clean_up_tokenization_spaces` was not set. It will be set to `True` by default. This behavior will be depracted in transformers v4.45, and will be then set to `False` by default. For more details check this issue: https://github.com/huggingface/transformers/issues/31884
  warnings.warn(
Some weights of the model checkpoint at microsoft/codebert-base-mlm were not used when initializing RobertaForMaskedLM: ['roberta.pooler.dense.bias', 'roberta.pooler.dense.weight']
- This IS expected if you are initializing RobertaForMaskedLM from the checkpoint of a model trained on another task or with another architecture (e.g. initializing a BertForSequenceClassification model from a BertForPreTraining model).
- This IS NOT expected if you are initializing RobertaForMaskedLM from the checkpoint of a model that you expect to be exactly identical (initializing a BertForSequenceClassification model from a BertForSequenceClassification model).
2026-05-21 23:46:29,371 - INFO - Processed __main__.dot: Score=0.5496 (1 paths)
2026-05-21 23:46:30,327 - INFO - Processed test_case_0.dot: Score=0.6932 (1 paths)
2026-05-21 23:46:30,574 - INFO - Processed test_case_1.dot: Score=0.3087 (3 paths)
2026-05-21 23:46:31,123 - INFO - Processed test_case_2.dot: Score=0.2390 (7 paths)
2026-05-21 23:46:31,396 - INFO - Processed test_case_3.dot: Score=0.2258 (3 paths)
2026-05-21 23:46:31,776 - INFO - Processed test_case_4.dot: Score=0.2020 (4 paths)
2026-05-21 23:46:31,877 - INFO - Processed __main__.dot: Score=0.4711 (1 paths)
2026-05-21 23:46:31,958 - INFO - Processed test_base_node_transformer_accepts_none_input.dot: Score=0.4746 (1 paths)
2026-05-21 23:46:32,235 - INFO - Processed test_base_import_rewrite_visits_import_from_with_mixed_args.dot: Score=0.2493 (3 paths)
2026-05-21 23:46:32,842 - INFO - Processed test_visit_import_from_handles_matmult_operator.dot: Score=0.2698 (7 paths)
2026-05-21 23:46:33,141 - INFO - Processed test_visit_import_from_with_complex_string_kwargs.dot: Score=0.2240 (3 paths)
2026-05-21 23:46:33,563 - INFO - Processed test_base_import_rewrite_visit_import_from_with_mixed_args_and_kwargs.dot: Score=0.2590 (4 paths)
<unknown>:24: SyntaxWarning: invalid escape sequence '\['
<unknown>:25: SyntaxWarning: invalid escape sequence '\['
<unknown>:26: SyntaxWarning: invalid escape sequence '\('
<unknown>:27: SyntaxWarning: invalid escape sequence '\('
<unknown>:28: SyntaxWarning: invalid escape sequence '\e'
2026-05-21 23:46:42,903 - INFO - HTTP Request: POST https://api.deepseek.com/chat/completions "HTTP/1.1 200 OK"
2026-05-21 23:46:53,031 - INFO - HTTP Request: POST https://api.deepseek.com/chat/completions "HTTP/1.1 200 OK"
2026-05-21 23:46:58,310 - INFO - HTTP Request: POST https://api.deepseek.com/chat/completions "HTTP/1.1 200 OK"
2026-05-21 23:47:08,247 - INFO - HTTP Request: POST https://api.deepseek.com/chat/completions "HTTP/1.1 200 OK"
2026-05-21 23:47:12,920 - INFO - HTTP Request: POST https://api.deepseek.com/chat/completions "HTTP/1.1 200 OK"
2026-05-21 23:47:14,903 - INFO - Loading model: microsoft/codebert-base-mlm
/data/users/eliassam/miniforge3/lib/python3.12/site-packages/transformers/tokenization_utils_base.py:1601: FutureWarning: `clean_up_tokenization_spaces` was not set. It will be set to `True` by default. This behavior will be depracted in transformers v4.45, and will be then set to `False` by default. For more details check this issue: https://github.com/huggingface/transformers/issues/31884
  warnings.warn(
Some weights of the model checkpoint at microsoft/codebert-base-mlm were not used when initializing RobertaForMaskedLM: ['roberta.pooler.dense.bias', 'roberta.pooler.dense.weight']
- This IS expected if you are initializing RobertaForMaskedLM from the checkpoint of a model trained on another task or with another architecture (e.g. initializing a BertForSequenceClassification model from a BertForPreTraining model).
- This IS NOT expected if you are initializing RobertaForMaskedLM from the checkpoint of a model that you expect to be exactly identical (initializing a BertForSequenceClassification model from a BertForSequenceClassification model).
2026-05-21 23:47:17,168 - INFO - Processed __main__.dot: Score=0.3568 (1 paths)
2026-05-21 23:47:17,242 - INFO - Processed test_case_0.dot: Score=0.4130 (1 paths)
2026-05-21 23:47:17,455 - INFO - Processed test_case_1.dot: Score=0.2663 (3 paths)
2026-05-21 23:47:17,550 - INFO - Processed __main__.dot: Score=0.3440 (1 paths)
2026-05-21 23:47:17,632 - INFO - Processed test_dict_unpacking_transformer_initialization.dot: Score=0.5339 (1 paths)
2026-05-21 23:47:17,870 - INFO - Processed test_dict_unpacking_transformer_visits_module_node.dot: Score=0.3674 (3 paths)
<unknown>:24: SyntaxWarning: invalid escape sequence '\['
<unknown>:25: SyntaxWarning: invalid escape sequence '\['
<unknown>:26: SyntaxWarning: invalid escape sequence '\('
<unknown>:27: SyntaxWarning: invalid escape sequence '\('
<unknown>:28: SyntaxWarning: invalid escape sequence '\e'
2026-05-21 23:47:27,488 - INFO - HTTP Request: POST https://api.deepseek.com/chat/completions "HTTP/1.1 200 OK"
2026-05-21 23:47:37,497 - INFO - HTTP Request: POST https://api.deepseek.com/chat/completions "HTTP/1.1 200 OK"
2026-05-21 23:47:43,987 - INFO - HTTP Request: POST https://api.deepseek.com/chat/completions "HTTP/1.1 200 OK"
2026-05-21 23:47:53,723 - INFO - HTTP Request: POST https://api.deepseek.com/chat/completions "HTTP/1.1 200 OK"
2026-05-21 23:47:59,318 - INFO - HTTP Request: POST https://api.deepseek.com/chat/completions "HTTP/1.1 200 OK"
2026-05-21 23:48:01,979 - INFO - HTTP Request: POST https://api.deepseek.com/chat/completions "HTTP/1.1 200 OK"
2026-05-21 23:48:05,710 - INFO - Loading model: microsoft/codebert-base-mlm
/data/users/eliassam/miniforge3/lib/python3.12/site-packages/transformers/tokenization_utils_base.py:1601: FutureWarning: `clean_up_tokenization_spaces` was not set. It will be set to `True` by default. This behavior will be depracted in transformers v4.45, and will be then set to `False` by default. For more details check this issue: https://github.com/huggingface/transformers/issues/31884
  warnings.warn(
Some weights of the model checkpoint at microsoft/codebert-base-mlm were not used when initializing RobertaForMaskedLM: ['roberta.pooler.dense.bias', 'roberta.pooler.dense.weight']
- This IS expected if you are initializing RobertaForMaskedLM from the checkpoint of a model trained on another task or with another architecture (e.g. initializing a BertForSequenceClassification model from a BertForPreTraining model).
- This IS NOT expected if you are initializing RobertaForMaskedLM from the checkpoint of a model that you expect to be exactly identical (initializing a BertForSequenceClassification model from a BertForSequenceClassification model).
2026-05-21 23:48:08,511 - INFO - Processed __main__.dot: Score=0.3568 (1 paths)
2026-05-21 23:48:10,131 - INFO - Processed test_case_0.dot: Score=0.4130 (1 paths)
2026-05-21 23:48:10,485 - INFO - Processed test_case_1.dot: Score=0.2663 (3 paths)
2026-05-21 23:48:10,578 - INFO - Processed __main__.dot: Score=0.3398 (1 paths)
2026-05-21 23:48:10,659 - INFO - Processed test_dict_unpacking_transformer_instantiation.dot: Score=0.4708 (1 paths)
2026-05-21 23:48:10,900 - INFO - Processed test_dict_unpacking_transformer_visit_module_ast.dot: Score=0.3878 (3 paths)
<unknown>:24: SyntaxWarning: invalid escape sequence '\['
<unknown>:25: SyntaxWarning: invalid escape sequence '\['
<unknown>:26: SyntaxWarning: invalid escape sequence '\('
<unknown>:27: SyntaxWarning: invalid escape sequence '\('
<unknown>:28: SyntaxWarning: invalid escape sequence '\e'
2026-05-21 23:48:19,581 - INFO - HTTP Request: POST https://api.deepseek.com/chat/completions "HTTP/1.1 200 OK"
2026-05-21 23:48:29,789 - INFO - HTTP Request: POST https://api.deepseek.com/chat/completions "HTTP/1.1 200 OK"
2026-05-21 23:48:35,517 - INFO - HTTP Request: POST https://api.deepseek.com/chat/completions "HTTP/1.1 200 OK"
2026-05-21 23:48:45,608 - INFO - HTTP Request: POST https://api.deepseek.com/chat/completions "HTTP/1.1 200 OK"
2026-05-21 23:48:50,665 - INFO - HTTP Request: POST https://api.deepseek.com/chat/completions "HTTP/1.1 200 OK"
2026-05-21 23:48:53,786 - INFO - Loading model: microsoft/codebert-base-mlm
/data/users/eliassam/miniforge3/lib/python3.12/site-packages/transformers/tokenization_utils_base.py:1601: FutureWarning: `clean_up_tokenization_spaces` was not set. It will be set to `True` by default. This behavior will be depracted in transformers v4.45, and will be then set to `False` by default. For more details check this issue: https://github.com/huggingface/transformers/issues/31884
  warnings.warn(
Some weights of the model checkpoint at microsoft/codebert-base-mlm were not used when initializing RobertaForMaskedLM: ['roberta.pooler.dense.bias', 'roberta.pooler.dense.weight']
- This IS expected if you are initializing RobertaForMaskedLM from the checkpoint of a model trained on another task or with another architecture (e.g. initializing a BertForSequenceClassification model from a BertForPreTraining model).
- This IS NOT expected if you are initializing RobertaForMaskedLM from the checkpoint of a model that you expect to be exactly identical (initializing a BertForSequenceClassification model from a BertForSequenceClassification model).
2026-05-21 23:48:55,816 - INFO - Processed __main__.dot: Score=0.3568 (1 paths)
2026-05-21 23:48:55,892 - INFO - Processed test_case_0.dot: Score=0.4130 (1 paths)
2026-05-21 23:48:56,107 - INFO - Processed test_case_1.dot: Score=0.2663 (3 paths)
2026-05-21 23:48:56,206 - INFO - Processed __main__.dot: Score=0.3396 (1 paths)
2026-05-21 23:48:56,286 - INFO - Processed test_dict_unpacking_transformer_initializes_with_module.dot: Score=0.3239 (1 paths)
2026-05-21 23:48:56,528 - INFO - Processed test_dict_unpacking_transformer_visits_parsed_module.dot: Score=0.4016 (3 paths)
<unknown>:24: SyntaxWarning: invalid escape sequence '\['
<unknown>:25: SyntaxWarning: invalid escape sequence '\['
<unknown>:26: SyntaxWarning: invalid escape sequence '\('
<unknown>:27: SyntaxWarning: invalid escape sequence '\('
<unknown>:28: SyntaxWarning: invalid escape sequence '\e'
2026-05-21 23:49:06,263 - INFO - HTTP Request: POST https://api.deepseek.com/chat/completions "HTTP/1.1 200 OK"
2026-05-21 23:49:16,220 - INFO - HTTP Request: POST https://api.deepseek.com/chat/completions "HTTP/1.1 200 OK"
2026-05-21 23:49:20,281 - INFO - HTTP Request: POST https://api.deepseek.com/chat/completions "HTTP/1.1 200 OK"
2026-05-21 23:49:22,102 - INFO - Loading model: microsoft/codebert-base-mlm
/data/users/eliassam/miniforge3/lib/python3.12/site-packages/transformers/tokenization_utils_base.py:1601: FutureWarning: `clean_up_tokenization_spaces` was not set. It will be set to `True` by default. This behavior will be depracted in transformers v4.45, and will be then set to `False` by default. For more details check this issue: https://github.com/huggingface/transformers/issues/31884
  warnings.warn(
Some weights of the model checkpoint at microsoft/codebert-base-mlm were not used when initializing RobertaForMaskedLM: ['roberta.pooler.dense.bias', 'roberta.pooler.dense.weight']
- This IS expected if you are initializing RobertaForMaskedLM from the checkpoint of a model trained on another task or with another architecture (e.g. initializing a BertForSequenceClassification model from a BertForPreTraining model).
- This IS NOT expected if you are initializing RobertaForMaskedLM from the checkpoint of a model that you expect to be exactly identical (initializing a BertForSequenceClassification model from a BertForSequenceClassification model).
2026-05-21 23:49:24,279 - INFO - Processed __main__.dot: Score=0.6779 (1 paths)
2026-05-21 23:49:25,293 - INFO - Processed test_case_0.dot: Score=0.5231 (1 paths)
2026-05-21 23:49:26,309 - INFO - Processed __main__.dot: Score=0.5946 (1 paths)
2026-05-21 23:49:28,128 - INFO - Processed test_dump_with_none_argument_does_not_raise_error.dot: Score=0.3737 (1 paths)
<unknown>:24: SyntaxWarning: invalid escape sequence '\['
<unknown>:25: SyntaxWarning: invalid escape sequence '\['
<unknown>:26: SyntaxWarning: invalid escape sequence '\('
<unknown>:27: SyntaxWarning: invalid escape sequence '\('
<unknown>:28: SyntaxWarning: invalid escape sequence '\e'
2026-05-21 23:49:37,817 - INFO - HTTP Request: POST https://api.deepseek.com/chat/completions "HTTP/1.1 200 OK"
2026-05-21 23:49:47,907 - INFO - HTTP Request: POST https://api.deepseek.com/chat/completions "HTTP/1.1 200 OK"
2026-05-21 23:49:53,762 - INFO - HTTP Request: POST https://api.deepseek.com/chat/completions "HTTP/1.1 200 OK"
2026-05-21 23:49:56,221 - INFO - Loading model: microsoft/codebert-base-mlm
/data/users/eliassam/miniforge3/lib/python3.12/site-packages/transformers/tokenization_utils_base.py:1601: FutureWarning: `clean_up_tokenization_spaces` was not set. It will be set to `True` by default. This behavior will be depracted in transformers v4.45, and will be then set to `False` by default. For more details check this issue: https://github.com/huggingface/transformers/issues/31884
  warnings.warn(
Some weights of the model checkpoint at microsoft/codebert-base-mlm were not used when initializing RobertaForMaskedLM: ['roberta.pooler.dense.bias', 'roberta.pooler.dense.weight']
- This IS expected if you are initializing RobertaForMaskedLM from the checkpoint of a model trained on another task or with another architecture (e.g. initializing a BertForSequenceClassification model from a BertForPreTraining model).
- This IS NOT expected if you are initializing RobertaForMaskedLM from the checkpoint of a model that you expect to be exactly identical (initializing a BertForSequenceClassification model from a BertForSequenceClassification model).
2026-05-21 23:49:58,438 - INFO - Processed __main__.dot: Score=0.6779 (1 paths)
2026-05-21 23:49:58,623 - INFO - Processed test_case_0.dot: Score=0.5231 (1 paths)
2026-05-21 23:49:58,701 - INFO - Processed __main__.dot: Score=0.5946 (1 paths)
2026-05-21 23:49:58,782 - INFO - Processed test_dump_handles_none_input_gracefully.dot: Score=0.3604 (1 paths)
<unknown>:24: SyntaxWarning: invalid escape sequence '\['
<unknown>:25: SyntaxWarning: invalid escape sequence '\['
<unknown>:26: SyntaxWarning: invalid escape sequence '\('
<unknown>:27: SyntaxWarning: invalid escape sequence '\('
<unknown>:28: SyntaxWarning: invalid escape sequence '\e'
2026-05-21 23:50:08,977 - INFO - HTTP Request: POST https://api.deepseek.com/chat/completions "HTTP/1.1 200 OK"
2026-05-21 23:50:19,139 - INFO - HTTP Request: POST https://api.deepseek.com/chat/completions "HTTP/1.1 200 OK"
2026-05-21 23:50:23,747 - INFO - HTTP Request: POST https://api.deepseek.com/chat/completions "HTTP/1.1 200 OK"
2026-05-21 23:50:25,554 - INFO - Loading model: microsoft/codebert-base-mlm
/data/users/eliassam/miniforge3/lib/python3.12/site-packages/transformers/tokenization_utils_base.py:1601: FutureWarning: `clean_up_tokenization_spaces` was not set. It will be set to `True` by default. This behavior will be depracted in transformers v4.45, and will be then set to `False` by default. For more details check this issue: https://github.com/huggingface/transformers/issues/31884
  warnings.warn(
Some weights of the model checkpoint at microsoft/codebert-base-mlm were not used when initializing RobertaForMaskedLM: ['roberta.pooler.dense.bias', 'roberta.pooler.dense.weight']
- This IS expected if you are initializing RobertaForMaskedLM from the checkpoint of a model trained on another task or with another architecture (e.g. initializing a BertForSequenceClassification model from a BertForPreTraining model).
- This IS NOT expected if you are initializing RobertaForMaskedLM from the checkpoint of a model that you expect to be exactly identical (initializing a BertForSequenceClassification model from a BertForSequenceClassification model).
2026-05-21 23:50:27,823 - INFO - Processed __main__.dot: Score=0.6779 (1 paths)
2026-05-21 23:50:28,047 - INFO - Processed test_case_0.dot: Score=0.5231 (1 paths)
2026-05-21 23:50:28,174 - INFO - Processed __main__.dot: Score=0.5946 (1 paths)
2026-05-21 23:50:28,253 - INFO - Processed test_dump_with_none_input.dot: Score=0.4478 (1 paths)
<unknown>:24: SyntaxWarning: invalid escape sequence '\['
<unknown>:25: SyntaxWarning: invalid escape sequence '\['
<unknown>:26: SyntaxWarning: invalid escape sequence '\('
<unknown>:27: SyntaxWarning: invalid escape sequence '\('
<unknown>:28: SyntaxWarning: invalid escape sequence '\e'
2026-05-21 23:50:37,589 - INFO - HTTP Request: POST https://api.deepseek.com/chat/completions "HTTP/1.1 200 OK"
2026-05-21 23:50:47,574 - INFO - HTTP Request: POST https://api.deepseek.com/chat/completions "HTTP/1.1 200 OK"
2026-05-21 23:50:53,316 - INFO - HTTP Request: POST https://api.deepseek.com/chat/completions "HTTP/1.1 200 OK"
2026-05-21 23:51:03,560 - INFO - HTTP Request: POST https://api.deepseek.com/chat/completions "HTTP/1.1 200 OK"
2026-05-21 23:51:08,292 - INFO - HTTP Request: POST https://api.deepseek.com/chat/completions "HTTP/1.1 200 OK"
2026-05-21 23:51:17,851 - INFO - HTTP Request: POST https://api.deepseek.com/chat/completions "HTTP/1.1 200 OK"
2026-05-21 23:51:24,248 - INFO - HTTP Request: POST https://api.deepseek.com/chat/completions "HTTP/1.1 200 OK"
2026-05-21 23:51:34,008 - INFO - HTTP Request: POST https://api.deepseek.com/chat/completions "HTTP/1.1 200 OK"
2026-05-21 23:51:39,877 - INFO - HTTP Request: POST https://api.deepseek.com/chat/completions "HTTP/1.1 200 OK"
2026-05-21 23:51:43,058 - INFO - Loading model: microsoft/codebert-base-mlm
/data/users/eliassam/miniforge3/lib/python3.12/site-packages/transformers/tokenization_utils_base.py:1601: FutureWarning: `clean_up_tokenization_spaces` was not set. It will be set to `True` by default. This behavior will be depracted in transformers v4.45, and will be then set to `False` by default. For more details check this issue: https://github.com/huggingface/transformers/issues/31884
  warnings.warn(
Some weights of the model checkpoint at microsoft/codebert-base-mlm were not used when initializing RobertaForMaskedLM: ['roberta.pooler.dense.bias', 'roberta.pooler.dense.weight']
- This IS expected if you are initializing RobertaForMaskedLM from the checkpoint of a model trained on another task or with another architecture (e.g. initializing a BertForSequenceClassification model from a BertForPreTraining model).
- This IS NOT expected if you are initializing RobertaForMaskedLM from the checkpoint of a model that you expect to be exactly identical (initializing a BertForSequenceClassification model from a BertForSequenceClassification model).
2026-05-21 23:51:45,291 - INFO - Processed __main__.dot: Score=0.5018 (1 paths)
2026-05-21 23:51:45,424 - INFO - Processed test_case_0.dot: Score=0.4216 (2 paths)
2026-05-21 23:51:45,495 - INFO - Processed test_case_1.dot: Score=0.5275 (1 paths)
2026-05-21 23:51:45,871 - INFO - Processed test_case_2.dot: Score=0.2692 (5 paths)
2026-05-21 23:51:46,456 - INFO - Processed test_case_3.dot: Score=0.2446 (6 paths)
2026-05-21 23:51:46,553 - INFO - Processed __main__.dot: Score=0.4428 (1 paths)
2026-05-21 23:51:46,633 - INFO - Processed test_yield_from_transformer_accepts_none_input.dot: Score=0.4109 (1 paths)
2026-05-21 23:51:47,068 - INFO - Processed test_yield_from_transformer_visit_while_node_with_none_type.dot: Score=0.2472 (5 paths)
2026-05-21 23:51:47,614 - INFO - Processed test_yield_from_transformer_visits_while_node_with_duplicate_keys.dot: Score=0.2403 (6 paths)
<unknown>:24: SyntaxWarning: invalid escape sequence '\['
<unknown>:25: SyntaxWarning: invalid escape sequence '\['
<unknown>:26: SyntaxWarning: invalid escape sequence '\('
<unknown>:27: SyntaxWarning: invalid escape sequence '\('
<unknown>:28: SyntaxWarning: invalid escape sequence '\e'
2026-05-21 23:51:57,149 - INFO - HTTP Request: POST https://api.deepseek.com/chat/completions "HTTP/1.1 200 OK"
2026-05-21 23:52:07,625 - INFO - HTTP Request: POST https://api.deepseek.com/chat/completions "HTTP/1.1 200 OK"
2026-05-21 23:52:12,621 - INFO - HTTP Request: POST https://api.deepseek.com/chat/completions "HTTP/1.1 200 OK"
2026-05-21 23:52:22,259 - INFO - HTTP Request: POST https://api.deepseek.com/chat/completions "HTTP/1.1 200 OK"
2026-05-21 23:52:26,688 - INFO - HTTP Request: POST https://api.deepseek.com/chat/completions "HTTP/1.1 200 OK"
2026-05-21 23:52:36,392 - INFO - HTTP Request: POST https://api.deepseek.com/chat/completions "HTTP/1.1 200 OK"
2026-05-21 23:52:41,873 - INFO - HTTP Request: POST https://api.deepseek.com/chat/completions "HTTP/1.1 200 OK"
2026-05-21 23:52:51,928 - INFO - HTTP Request: POST https://api.deepseek.com/chat/completions "HTTP/1.1 200 OK"
2026-05-21 23:52:59,096 - INFO - HTTP Request: POST https://api.deepseek.com/chat/completions "HTTP/1.1 200 OK"
2026-05-21 23:53:03,827 - INFO - HTTP Request: POST https://api.deepseek.com/chat/completions "HTTP/1.1 200 OK"
2026-05-21 23:53:09,709 - INFO - Loading model: microsoft/codebert-base-mlm
/data/users/eliassam/miniforge3/lib/python3.12/site-packages/transformers/tokenization_utils_base.py:1601: FutureWarning: `clean_up_tokenization_spaces` was not set. It will be set to `True` by default. This behavior will be depracted in transformers v4.45, and will be then set to `False` by default. For more details check this issue: https://github.com/huggingface/transformers/issues/31884
  warnings.warn(
Some weights of the model checkpoint at microsoft/codebert-base-mlm were not used when initializing RobertaForMaskedLM: ['roberta.pooler.dense.bias', 'roberta.pooler.dense.weight']
- This IS expected if you are initializing RobertaForMaskedLM from the checkpoint of a model trained on another task or with another architecture (e.g. initializing a BertForSequenceClassification model from a BertForPreTraining model).
- This IS NOT expected if you are initializing RobertaForMaskedLM from the checkpoint of a model that you expect to be exactly identical (initializing a BertForSequenceClassification model from a BertForSequenceClassification model).
2026-05-21 23:53:12,152 - INFO - Processed __main__.dot: Score=0.5018 (1 paths)
2026-05-21 23:53:12,318 - INFO - Processed test_case_0.dot: Score=0.4216 (2 paths)
2026-05-21 23:53:12,401 - INFO - Processed test_case_1.dot: Score=0.5275 (1 paths)
2026-05-21 23:53:12,892 - INFO - Processed test_case_2.dot: Score=0.2692 (5 paths)
2026-05-21 23:53:13,543 - INFO - Processed test_case_3.dot: Score=0.2446 (6 paths)
2026-05-21 23:53:13,663 - INFO - Processed __main__.dot: Score=0.4428 (1 paths)
2026-05-21 23:53:13,844 - INFO - Processed test_yield_from_transformer_accepts_none_visitor.dot: Score=0.3291 (2 paths)
2026-05-21 23:53:13,945 - INFO - Processed test_yield_from_transformer_accepts_none_skip_annotations.dot: Score=0.4305 (1 paths)
2026-05-21 23:53:14,454 - INFO - Processed test_yield_from_transformer_visit_while_with_none_values.dot: Score=0.2985 (5 paths)
2026-05-21 23:53:15,673 - INFO - Processed test_yield_from_transformer_visits_while_node_with_none_root.dot: Score=0.2275 (6 paths)
<unknown>:24: SyntaxWarning: invalid escape sequence '\['
<unknown>:25: SyntaxWarning: invalid escape sequence '\['
<unknown>:26: SyntaxWarning: invalid escape sequence '\('
<unknown>:27: SyntaxWarning: invalid escape sequence '\('
<unknown>:28: SyntaxWarning: invalid escape sequence '\e'
2026-05-21 23:53:29,800 - INFO - HTTP Request: POST https://api.deepseek.com/chat/completions "HTTP/1.1 200 OK"
2026-05-21 23:53:39,874 - INFO - HTTP Request: POST https://api.deepseek.com/chat/completions "HTTP/1.1 200 OK"
2026-05-21 23:53:45,424 - INFO - HTTP Request: POST https://api.deepseek.com/chat/completions "HTTP/1.1 200 OK"
2026-05-21 23:53:55,064 - INFO - HTTP Request: POST https://api.deepseek.com/chat/completions "HTTP/1.1 200 OK"
2026-05-21 23:53:58,974 - INFO - HTTP Request: POST https://api.deepseek.com/chat/completions "HTTP/1.1 200 OK"
2026-05-21 23:54:08,619 - INFO - HTTP Request: POST https://api.deepseek.com/chat/completions "HTTP/1.1 200 OK"
2026-05-21 23:54:13,712 - INFO - HTTP Request: POST https://api.deepseek.com/chat/completions "HTTP/1.1 200 OK"
2026-05-21 23:54:23,557 - INFO - HTTP Request: POST https://api.deepseek.com/chat/completions "HTTP/1.1 200 OK"
2026-05-21 23:54:29,805 - INFO - HTTP Request: POST https://api.deepseek.com/chat/completions "HTTP/1.1 200 OK"
2026-05-21 23:54:32,136 - INFO - HTTP Request: POST https://api.deepseek.com/chat/completions "HTTP/1.1 200 OK"
2026-05-21 23:54:36,518 - INFO - Loading model: microsoft/codebert-base-mlm
/data/users/eliassam/miniforge3/lib/python3.12/site-packages/transformers/tokenization_utils_base.py:1601: FutureWarning: `clean_up_tokenization_spaces` was not set. It will be set to `True` by default. This behavior will be depracted in transformers v4.45, and will be then set to `False` by default. For more details check this issue: https://github.com/huggingface/transformers/issues/31884
  warnings.warn(
Some weights of the model checkpoint at microsoft/codebert-base-mlm were not used when initializing RobertaForMaskedLM: ['roberta.pooler.dense.bias', 'roberta.pooler.dense.weight']
- This IS expected if you are initializing RobertaForMaskedLM from the checkpoint of a model trained on another task or with another architecture (e.g. initializing a BertForSequenceClassification model from a BertForPreTraining model).
- This IS NOT expected if you are initializing RobertaForMaskedLM from the checkpoint of a model that you expect to be exactly identical (initializing a BertForSequenceClassification model from a BertForSequenceClassification model).
2026-05-21 23:54:38,598 - INFO - Processed __main__.dot: Score=0.5018 (1 paths)
2026-05-21 23:54:38,729 - INFO - Processed test_case_0.dot: Score=0.4216 (2 paths)
2026-05-21 23:54:38,798 - INFO - Processed test_case_1.dot: Score=0.5275 (1 paths)
2026-05-21 23:54:39,174 - INFO - Processed test_case_2.dot: Score=0.2692 (5 paths)
2026-05-21 23:54:39,676 - INFO - Processed test_case_3.dot: Score=0.2446 (6 paths)
2026-05-21 23:54:39,758 - INFO - Processed __main__.dot: Score=0.4552 (1 paths)
2026-05-21 23:54:39,897 - INFO - Processed test_yield_from_transformer_accepts_none_input.dot: Score=0.4420 (2 paths)
2026-05-21 23:54:39,977 - INFO - Processed test_yield_from_transformer_init_with_none.dot: Score=0.4163 (1 paths)
2026-05-21 23:54:40,382 - INFO - Processed test_yield_from_transformer_visit_while_with_none_tree.dot: Score=0.2056 (5 paths)
2026-05-21 23:54:40,916 - INFO - Processed test_visit_while_with_duplicate_keyword_args_and_none_tree.dot: Score=0.3509 (6 paths)
<unknown>:24: SyntaxWarning: invalid escape sequence '\['
<unknown>:25: SyntaxWarning: invalid escape sequence '\['
<unknown>:26: SyntaxWarning: invalid escape sequence '\('
<unknown>:27: SyntaxWarning: invalid escape sequence '\('
<unknown>:28: SyntaxWarning: invalid escape sequence '\e'
2026-05-21 23:54:50,732 - INFO - HTTP Request: POST https://api.deepseek.com/chat/completions "HTTP/1.1 200 OK"
2026-05-21 23:55:01,710 - INFO - HTTP Request: POST https://api.deepseek.com/chat/completions "HTTP/1.1 200 OK"
2026-05-21 23:55:06,184 - INFO - HTTP Request: POST https://api.deepseek.com/chat/completions "HTTP/1.1 200 OK"
2026-05-21 23:55:16,046 - INFO - HTTP Request: POST https://api.deepseek.com/chat/completions "HTTP/1.1 200 OK"
2026-05-21 23:55:20,584 - INFO - HTTP Request: POST https://api.deepseek.com/chat/completions "HTTP/1.1 200 OK"
2026-05-21 23:55:30,071 - INFO - HTTP Request: POST https://api.deepseek.com/chat/completions "HTTP/1.1 200 OK"
2026-05-21 23:55:35,266 - INFO - HTTP Request: POST https://api.deepseek.com/chat/completions "HTTP/1.1 200 OK"
2026-05-21 23:55:45,161 - INFO - HTTP Request: POST https://api.deepseek.com/chat/completions "HTTP/1.1 200 OK"
2026-05-21 23:55:52,153 - INFO - HTTP Request: POST https://api.deepseek.com/chat/completions "HTTP/1.1 200 OK"
2026-05-21 23:56:02,714 - INFO - HTTP Request: POST https://api.deepseek.com/chat/completions "HTTP/1.1 200 OK"
2026-05-21 23:56:07,868 - INFO - HTTP Request: POST https://api.deepseek.com/chat/completions "HTTP/1.1 200 OK"
2026-05-21 23:56:19,346 - INFO - HTTP Request: POST https://api.deepseek.com/chat/completions "HTTP/1.1 200 OK"
2026-05-21 23:56:25,762 - INFO - HTTP Request: POST https://api.deepseek.com/chat/completions "HTTP/1.1 200 OK"
2026-05-21 23:56:29,326 - INFO - HTTP Request: POST https://api.deepseek.com/chat/completions "HTTP/1.1 200 OK"
2026-05-21 23:56:35,128 - INFO - Loading model: microsoft/codebert-base-mlm
/data/users/eliassam/miniforge3/lib/python3.12/site-packages/transformers/tokenization_utils_base.py:1601: FutureWarning: `clean_up_tokenization_spaces` was not set. It will be set to `True` by default. This behavior will be depracted in transformers v4.45, and will be then set to `False` by default. For more details check this issue: https://github.com/huggingface/transformers/issues/31884
  warnings.warn(
Some weights of the model checkpoint at microsoft/codebert-base-mlm were not used when initializing RobertaForMaskedLM: ['roberta.pooler.dense.bias', 'roberta.pooler.dense.weight']
- This IS expected if you are initializing RobertaForMaskedLM from the checkpoint of a model trained on another task or with another architecture (e.g. initializing a BertForSequenceClassification model from a BertForPreTraining model).
- This IS NOT expected if you are initializing RobertaForMaskedLM from the checkpoint of a model that you expect to be exactly identical (initializing a BertForSequenceClassification model from a BertForSequenceClassification model).
2026-05-21 23:56:36,931 - INFO - Processed __main__.dot: Score=0.6412 (1 paths)
2026-05-21 23:56:37,009 - INFO - Processed test_case_0.dot: Score=0.4385 (1 paths)
2026-05-21 23:56:37,068 - INFO - Processed test_case_1.dot: Score=0.5823 (1 paths)
2026-05-21 23:56:37,145 - INFO - Processed test_case_2.dot: Score=0.3549 (1 paths)
2026-05-21 23:56:37,515 - INFO - Processed test_case_3.dot: Score=0.2686 (5 paths)
2026-05-21 23:56:37,583 - INFO - Processed test_case_4.dot: Score=0.5192 (1 paths)
2026-05-21 23:56:37,725 - INFO - Processed test_case_5.dot: Score=0.4185 (2 paths)
2026-05-21 23:56:37,821 - INFO - Processed __main__.dot: Score=0.5880 (1 paths)
2026-05-21 23:56:37,900 - INFO - Processed test_purge_returns_debuggable_object.dot: Score=0.3207 (1 paths)
2026-05-21 23:56:37,974 - INFO - Processed test_variables_generator_creation.dot: Score=0.5272 (1 paths)
2026-05-21 23:56:38,059 - INFO - Processed test_eager_materializes_variable_generator_to_list.dot: Score=0.3367 (1 paths)
2026-05-21 23:56:38,658 - INFO - Processed test_module_functions_with_integer_and_variables_generator.dot: Score=0.1631 (7 paths)
2026-05-21 23:56:38,738 - INFO - Processed test_module_warn_accepts_valid_proxy_handler_name.dot: Score=0.6196 (1 paths)
2026-05-21 23:56:38,909 - INFO - Processed test_eager_callable_self_referential_with_none_module.dot: Score=0.3011 (2 paths)
<unknown>:24: SyntaxWarning: invalid escape sequence '\['
<unknown>:25: SyntaxWarning: invalid escape sequence '\['
<unknown>:26: SyntaxWarning: invalid escape sequence '\('
<unknown>:27: SyntaxWarning: invalid escape sequence '\('
<unknown>:28: SyntaxWarning: invalid escape sequence '\e'
2026-05-21 23:56:50,075 - INFO - HTTP Request: POST https://api.deepseek.com/chat/completions "HTTP/1.1 200 OK"
2026-05-21 23:56:59,883 - INFO - HTTP Request: POST https://api.deepseek.com/chat/completions "HTTP/1.1 200 OK"
2026-05-21 23:57:04,949 - INFO - HTTP Request: POST https://api.deepseek.com/chat/completions "HTTP/1.1 200 OK"
2026-05-21 23:57:14,394 - INFO - HTTP Request: POST https://api.deepseek.com/chat/completions "HTTP/1.1 200 OK"
2026-05-21 23:57:18,015 - INFO - HTTP Request: POST https://api.deepseek.com/chat/completions "HTTP/1.1 200 OK"
2026-05-21 23:57:27,868 - INFO - HTTP Request: POST https://api.deepseek.com/chat/completions "HTTP/1.1 200 OK"
2026-05-21 23:57:32,680 - INFO - HTTP Request: POST https://api.deepseek.com/chat/completions "HTTP/1.1 200 OK"
2026-05-21 23:57:42,109 - INFO - HTTP Request: POST https://api.deepseek.com/chat/completions "HTTP/1.1 200 OK"
2026-05-21 23:57:47,810 - INFO - HTTP Request: POST https://api.deepseek.com/chat/completions "HTTP/1.1 200 OK"
2026-05-21 23:57:58,368 - INFO - HTTP Request: POST https://api.deepseek.com/chat/completions "HTTP/1.1 200 OK"
2026-05-21 23:58:03,352 - INFO - HTTP Request: POST https://api.deepseek.com/chat/completions "HTTP/1.1 200 OK"
2026-05-21 23:58:14,646 - INFO - HTTP Request: POST https://api.deepseek.com/chat/completions "HTTP/1.1 200 OK"
2026-05-21 23:58:19,386 - INFO - HTTP Request: POST https://api.deepseek.com/chat/completions "HTTP/1.1 200 OK"
2026-05-21 23:58:22,806 - INFO - HTTP Request: POST https://api.deepseek.com/chat/completions "HTTP/1.1 200 OK"
2026-05-21 23:58:28,890 - INFO - Loading model: microsoft/codebert-base-mlm
/data/users/eliassam/miniforge3/lib/python3.12/site-packages/transformers/tokenization_utils_base.py:1601: FutureWarning: `clean_up_tokenization_spaces` was not set. It will be set to `True` by default. This behavior will be depracted in transformers v4.45, and will be then set to `False` by default. For more details check this issue: https://github.com/huggingface/transformers/issues/31884
  warnings.warn(
Some weights of the model checkpoint at microsoft/codebert-base-mlm were not used when initializing RobertaForMaskedLM: ['roberta.pooler.dense.bias', 'roberta.pooler.dense.weight']
- This IS expected if you are initializing RobertaForMaskedLM from the checkpoint of a model trained on another task or with another architecture (e.g. initializing a BertForSequenceClassification model from a BertForPreTraining model).
- This IS NOT expected if you are initializing RobertaForMaskedLM from the checkpoint of a model that you expect to be exactly identical (initializing a BertForSequenceClassification model from a BertForSequenceClassification model).
2026-05-21 23:58:31,139 - INFO - Processed __main__.dot: Score=0.6412 (1 paths)
2026-05-21 23:58:31,581 - INFO - Processed test_case_0.dot: Score=0.4385 (1 paths)
2026-05-21 23:58:31,645 - INFO - Processed test_case_1.dot: Score=0.5823 (1 paths)
2026-05-21 23:58:31,801 - INFO - Processed test_case_2.dot: Score=0.3549 (1 paths)
2026-05-21 23:58:32,192 - INFO - Processed test_case_3.dot: Score=0.2686 (5 paths)
2026-05-21 23:58:32,262 - INFO - Processed test_case_4.dot: Score=0.5192 (1 paths)
2026-05-21 23:58:32,498 - INFO - Processed test_case_5.dot: Score=0.4185 (2 paths)
2026-05-21 23:58:32,584 - INFO - Processed __main__.dot: Score=0.5884 (1 paths)
2026-05-21 23:58:32,664 - INFO - Processed test_purge_and_debug_workflow.dot: Score=0.3087 (1 paths)
2026-05-21 23:58:32,738 - INFO - Processed test_variables_generator_instantiation.dot: Score=0.5006 (1 paths)
2026-05-21 23:58:32,819 - INFO - Processed test_variables_generator_eager_wrapping.dot: Score=0.5391 (1 paths)
2026-05-21 23:58:33,558 - INFO - Processed test_debug_warn_logging_and_eager_execution_sequence.dot: Score=0.1917 (5 paths)
2026-05-21 23:58:33,641 - INFO - Processed test_warn_returns_none_for_proxy_handler_string.dot: Score=0.3546 (1 paths)
2026-05-21 23:58:33,799 - INFO - Processed test_eager_callable_self_reference.dot: Score=0.3737 (2 paths)
<unknown>:24: SyntaxWarning: invalid escape sequence '\['
<unknown>:25: SyntaxWarning: invalid escape sequence '\['
<unknown>:26: SyntaxWarning: invalid escape sequence '\('
<unknown>:27: SyntaxWarning: invalid escape sequence '\('
<unknown>:28: SyntaxWarning: invalid escape sequence '\e'
2026-05-21 23:58:43,801 - INFO - HTTP Request: POST https://api.deepseek.com/chat/completions "HTTP/1.1 200 OK"
2026-05-21 23:58:53,693 - INFO - HTTP Request: POST https://api.deepseek.com/chat/completions "HTTP/1.1 200 OK"
2026-05-21 23:58:58,584 - INFO - HTTP Request: POST https://api.deepseek.com/chat/completions "HTTP/1.1 200 OK"
2026-05-21 23:59:08,715 - INFO - HTTP Request: POST https://api.deepseek.com/chat/completions "HTTP/1.1 200 OK"
2026-05-21 23:59:12,561 - INFO - HTTP Request: POST https://api.deepseek.com/chat/completions "HTTP/1.1 200 OK"
2026-05-21 23:59:22,117 - INFO - HTTP Request: POST https://api.deepseek.com/chat/completions "HTTP/1.1 200 OK"
2026-05-21 23:59:26,673 - INFO - HTTP Request: POST https://api.deepseek.com/chat/completions "HTTP/1.1 200 OK"
2026-05-21 23:59:36,367 - INFO - HTTP Request: POST https://api.deepseek.com/chat/completions "HTTP/1.1 200 OK"
2026-05-21 23:59:44,299 - INFO - HTTP Request: POST https://api.deepseek.com/chat/completions "HTTP/1.1 200 OK"
2026-05-21 23:59:54,519 - INFO - HTTP Request: POST https://api.deepseek.com/chat/completions "HTTP/1.1 200 OK"
2026-05-22 00:00:00,564 - INFO - HTTP Request: POST https://api.deepseek.com/chat/completions "HTTP/1.1 200 OK"
2026-05-22 00:00:12,737 - INFO - HTTP Request: POST https://api.deepseek.com/chat/completions "HTTP/1.1 200 OK"
2026-05-22 00:00:20,324 - INFO - HTTP Request: POST https://api.deepseek.com/chat/completions "HTTP/1.1 200 OK"
2026-05-22 00:00:23,722 - INFO - HTTP Request: POST https://api.deepseek.com/chat/completions "HTTP/1.1 200 OK"
2026-05-22 00:00:30,092 - INFO - Loading model: microsoft/codebert-base-mlm
/data/users/eliassam/miniforge3/lib/python3.12/site-packages/transformers/tokenization_utils_base.py:1601: FutureWarning: `clean_up_tokenization_spaces` was not set. It will be set to `True` by default. This behavior will be depracted in transformers v4.45, and will be then set to `False` by default. For more details check this issue: https://github.com/huggingface/transformers/issues/31884
  warnings.warn(
Some weights of the model checkpoint at microsoft/codebert-base-mlm were not used when initializing RobertaForMaskedLM: ['roberta.pooler.dense.bias', 'roberta.pooler.dense.weight']
- This IS expected if you are initializing RobertaForMaskedLM from the checkpoint of a model trained on another task or with another architecture (e.g. initializing a BertForSequenceClassification model from a BertForPreTraining model).
- This IS NOT expected if you are initializing RobertaForMaskedLM from the checkpoint of a model that you expect to be exactly identical (initializing a BertForSequenceClassification model from a BertForSequenceClassification model).
2026-05-22 00:00:32,308 - INFO - Processed __main__.dot: Score=0.6412 (1 paths)
2026-05-22 00:00:32,384 - INFO - Processed test_case_0.dot: Score=0.4385 (1 paths)
2026-05-22 00:00:32,447 - INFO - Processed test_case_1.dot: Score=0.5823 (1 paths)
2026-05-22 00:00:32,526 - INFO - Processed test_case_2.dot: Score=0.3549 (1 paths)
2026-05-22 00:00:32,898 - INFO - Processed test_case_3.dot: Score=0.2686 (5 paths)
2026-05-22 00:00:32,969 - INFO - Processed test_case_4.dot: Score=0.5192 (1 paths)
2026-05-22 00:00:33,112 - INFO - Processed test_case_5.dot: Score=0.4185 (2 paths)
2026-05-22 00:00:33,217 - INFO - Processed __main__.dot: Score=0.5880 (1 paths)
2026-05-22 00:00:33,299 - INFO - Processed test_purge_result_passed_to_debug.dot: Score=0.3215 (1 paths)
2026-05-22 00:00:33,373 - INFO - Processed test_variables_generator_initialization.dot: Score=0.5728 (1 paths)
2026-05-22 00:00:33,458 - INFO - Processed test_eager_processes_variables_generator.dot: Score=0.3747 (1 paths)
2026-05-22 00:00:33,880 - INFO - Processed test_logging_and_source_retrieval_with_variables_generator.dot: Score=0.1888 (5 paths)
2026-05-22 00:00:33,947 - INFO - Processed test_warn_returns_none.dot: Score=0.4966 (1 paths)
2026-05-22 00:00:34,118 - INFO - Processed test_eager_self_call_with_module_none_and_start_self.dot: Score=0.2621 (2 paths)
<unknown>:24: SyntaxWarning: invalid escape sequence '\['
<unknown>:25: SyntaxWarning: invalid escape sequence '\['
<unknown>:26: SyntaxWarning: invalid escape sequence '\('
<unknown>:27: SyntaxWarning: invalid escape sequence '\('
<unknown>:28: SyntaxWarning: invalid escape sequence '\e'
2026-05-22 00:00:43,656 - INFO - HTTP Request: POST https://api.deepseek.com/chat/completions "HTTP/1.1 200 OK"
2026-05-22 00:00:53,826 - INFO - HTTP Request: POST https://api.deepseek.com/chat/completions "HTTP/1.1 200 OK"
2026-05-22 00:00:59,739 - INFO - HTTP Request: POST https://api.deepseek.com/chat/completions "HTTP/1.1 200 OK"
2026-05-22 00:01:10,445 - INFO - HTTP Request: POST https://api.deepseek.com/chat/completions "HTTP/1.1 200 OK"
2026-05-22 00:01:18,101 - INFO - HTTP Request: POST https://api.deepseek.com/chat/completions "HTTP/1.1 200 OK"
2026-05-22 00:01:28,418 - INFO - HTTP Request: POST https://api.deepseek.com/chat/completions "HTTP/1.1 200 OK"
2026-05-22 00:01:34,795 - INFO - HTTP Request: POST https://api.deepseek.com/chat/completions "HTTP/1.1 200 OK"
2026-05-22 00:01:44,608 - INFO - HTTP Request: POST https://api.deepseek.com/chat/completions "HTTP/1.1 200 OK"
2026-05-22 00:01:49,505 - INFO - HTTP Request: POST https://api.deepseek.com/chat/completions "HTTP/1.1 200 OK"
2026-05-22 00:01:59,676 - INFO - HTTP Request: POST https://api.deepseek.com/chat/completions "HTTP/1.1 200 OK"
2026-05-22 00:02:05,333 - INFO - HTTP Request: POST https://api.deepseek.com/chat/completions "HTTP/1.1 200 OK"
2026-05-22 00:02:15,141 - INFO - HTTP Request: POST https://api.deepseek.com/chat/completions "HTTP/1.1 200 OK"
2026-05-22 00:02:19,914 - INFO - HTTP Request: POST https://api.deepseek.com/chat/completions "HTTP/1.1 200 OK"
2026-05-22 00:02:29,796 - INFO - HTTP Request: POST https://api.deepseek.com/chat/completions "HTTP/1.1 200 OK"
2026-05-22 00:02:34,517 - INFO - HTTP Request: POST https://api.deepseek.com/chat/completions "HTTP/1.1 200 OK"
2026-05-22 00:02:44,663 - INFO - HTTP Request: POST https://api.deepseek.com/chat/completions "HTTP/1.1 200 OK"
2026-05-22 00:02:49,899 - INFO - HTTP Request: POST https://api.deepseek.com/chat/completions "HTTP/1.1 200 OK"
2026-05-22 00:03:00,175 - INFO - HTTP Request: POST https://api.deepseek.com/chat/completions "HTTP/1.1 200 OK"
2026-05-22 00:03:06,099 - INFO - HTTP Request: POST https://api.deepseek.com/chat/completions "HTTP/1.1 200 OK"
2026-05-22 00:03:16,307 - INFO - HTTP Request: POST https://api.deepseek.com/chat/completions "HTTP/1.1 200 OK"
2026-05-22 00:03:22,044 - INFO - HTTP Request: POST https://api.deepseek.com/chat/completions "HTTP/1.1 200 OK"
2026-05-22 00:03:32,128 - INFO - HTTP Request: POST https://api.deepseek.com/chat/completions "HTTP/1.1 200 OK"
2026-05-22 00:03:37,057 - INFO - HTTP Request: POST https://api.deepseek.com/chat/completions "HTTP/1.1 200 OK"
2026-05-22 00:03:46,956 - INFO - HTTP Request: POST https://api.deepseek.com/chat/completions "HTTP/1.1 200 OK"
2026-05-22 00:03:52,460 - INFO - HTTP Request: POST https://api.deepseek.com/chat/completions "HTTP/1.1 200 OK"
2026-05-22 00:04:02,973 - INFO - HTTP Request: POST https://api.deepseek.com/chat/completions "HTTP/1.1 200 OK"
2026-05-22 00:04:07,533 - INFO - HTTP Request: POST https://api.deepseek.com/chat/completions "HTTP/1.1 200 OK"
2026-05-22 00:04:17,501 - INFO - HTTP Request: POST https://api.deepseek.com/chat/completions "HTTP/1.1 200 OK"
2026-05-22 00:04:22,709 - INFO - HTTP Request: POST https://api.deepseek.com/chat/completions "HTTP/1.1 200 OK"
2026-05-22 00:04:32,563 - INFO - HTTP Request: POST https://api.deepseek.com/chat/completions "HTTP/1.1 200 OK"
2026-05-22 00:04:38,120 - INFO - HTTP Request: POST https://api.deepseek.com/chat/completions "HTTP/1.1 200 OK"
2026-05-22 00:04:48,293 - INFO - HTTP Request: POST https://api.deepseek.com/chat/completions "HTTP/1.1 200 OK"
2026-05-22 00:04:53,531 - INFO - HTTP Request: POST https://api.deepseek.com/chat/completions "HTTP/1.1 200 OK"
2026-05-22 00:05:03,075 - INFO - HTTP Request: POST https://api.deepseek.com/chat/completions "HTTP/1.1 200 OK"
2026-05-22 00:05:07,021 - INFO - HTTP Request: POST https://api.deepseek.com/chat/completions "HTTP/1.1 200 OK"
2026-05-22 00:05:16,812 - INFO - HTTP Request: POST https://api.deepseek.com/chat/completions "HTTP/1.1 200 OK"
2026-05-22 00:05:23,399 - INFO - HTTP Request: POST https://api.deepseek.com/chat/completions "HTTP/1.1 200 OK"
2026-05-22 00:05:33,493 - INFO - HTTP Request: POST https://api.deepseek.com/chat/completions "HTTP/1.1 200 OK"
2026-05-22 00:05:39,227 - INFO - HTTP Request: POST https://api.deepseek.com/chat/completions "HTTP/1.1 200 OK"
2026-05-22 00:05:49,672 - INFO - HTTP Request: POST https://api.deepseek.com/chat/completions "HTTP/1.1 200 OK"
2026-05-22 00:05:54,508 - INFO - HTTP Request: POST https://api.deepseek.com/chat/completions "HTTP/1.1 200 OK"
2026-05-22 00:06:04,633 - INFO - HTTP Request: POST https://api.deepseek.com/chat/completions "HTTP/1.1 200 OK"
2026-05-22 00:06:10,280 - INFO - HTTP Request: POST https://api.deepseek.com/chat/completions "HTTP/1.1 200 OK"
2026-05-22 00:06:20,595 - INFO - HTTP Request: POST https://api.deepseek.com/chat/completions "HTTP/1.1 200 OK"
2026-05-22 00:06:25,939 - INFO - HTTP Request: POST https://api.deepseek.com/chat/completions "HTTP/1.1 200 OK"
2026-05-22 00:06:36,720 - INFO - HTTP Request: POST https://api.deepseek.com/chat/completions "HTTP/1.1 200 OK"
2026-05-22 00:06:41,686 - INFO - HTTP Request: POST https://api.deepseek.com/chat/completions "HTTP/1.1 200 OK"
2026-05-22 00:06:46,076 - INFO - HTTP Request: POST https://api.deepseek.com/chat/completions "HTTP/1.1 200 OK"
2026-05-22 00:07:04,396 - INFO - Loading model: microsoft/codebert-base-mlm
/data/users/eliassam/miniforge3/lib/python3.12/site-packages/transformers/tokenization_utils_base.py:1601: FutureWarning: `clean_up_tokenization_spaces` was not set. It will be set to `True` by default. This behavior will be depracted in transformers v4.45, and will be then set to `False` by default. For more details check this issue: https://github.com/huggingface/transformers/issues/31884
  warnings.warn(
Some weights of the model checkpoint at microsoft/codebert-base-mlm were not used when initializing RobertaForMaskedLM: ['roberta.pooler.dense.bias', 'roberta.pooler.dense.weight']
- This IS expected if you are initializing RobertaForMaskedLM from the checkpoint of a model trained on another task or with another architecture (e.g. initializing a BertForSequenceClassification model from a BertForPreTraining model).
- This IS NOT expected if you are initializing RobertaForMaskedLM from the checkpoint of a model that you expect to be exactly identical (initializing a BertForSequenceClassification model from a BertForSequenceClassification model).
2026-05-22 00:07:06,145 - INFO - Processed __main__.dot: Score=0.8214 (1 paths)
2026-05-22 00:07:07,005 - INFO - Processed test_case_0.dot: Score=0.2621 (10 paths)
2026-05-22 00:07:07,739 - INFO - Processed test_case_1.dot: Score=0.3545 (9 paths)
2026-05-22 00:07:07,939 - INFO - Processed test_case_2.dot: Score=0.5200 (3 paths)
2026-05-22 00:07:08,071 - INFO - Processed test_case_3.dot: Score=0.4166 (2 paths)
2026-05-22 00:07:08,221 - INFO - Processed test_case_4.dot: Score=0.3706 (2 paths)
2026-05-22 00:07:08,363 - INFO - Processed test_case_5.dot: Score=0.6266 (2 paths)
2026-05-22 00:07:08,505 - INFO - Processed test_case_6.dot: Score=0.6387 (2 paths)
2026-05-22 00:07:08,804 - INFO - Processed test_case_7.dot: Score=0.2639 (4 paths)
2026-05-22 00:07:09,026 - INFO - Processed test_case_8.dot: Score=0.2760 (3 paths)
2026-05-22 00:07:09,528 - INFO - Processed test_case_9.dot: Score=0.3517 (7 paths)
2026-05-22 00:07:09,606 - INFO - Processed test_case_10.dot: Score=0.7147 (1 paths)
2026-05-22 00:07:09,752 - INFO - Processed test_case_11.dot: Score=0.5872 (2 paths)
2026-05-22 00:07:09,895 - INFO - Processed test_case_12.dot: Score=0.5387 (2 paths)
2026-05-22 00:07:09,974 - INFO - Processed test_case_13.dot: Score=0.6897 (1 paths)
2026-05-22 00:07:10,193 - INFO - Processed test_case_14.dot: Score=0.5443 (3 paths)
2026-05-22 00:07:10,249 - INFO - Processed test_case_15.dot: Score=0.6536 (1 paths)
2026-05-22 00:07:10,391 - INFO - Processed test_case_16.dot: Score=0.6411 (2 paths)
2026-05-22 00:07:10,535 - INFO - Processed test_case_17.dot: Score=0.6048 (2 paths)
2026-05-22 00:07:10,803 - INFO - Processed test_case_18.dot: Score=0.3376 (4 paths)
2026-05-22 00:07:11,003 - INFO - Processed test_case_19.dot: Score=0.4667 (3 paths)
2026-05-22 00:07:13,102 - INFO - Processed test_case_20.dot: Score=0.3443 (14 paths)
2026-05-22 00:07:14,374 - INFO - Processed test_case_21.dot: Score=0.3126 (10 paths)
2026-05-22 00:07:14,649 - INFO - Processed test_case_22.dot: Score=0.5441 (4 paths)
2026-05-22 00:07:14,796 - INFO - Processed __main__.dot: Score=0.6474 (1 paths)
2026-05-22 00:07:15,549 - INFO - Processed test_immutable_list_basic_operations.dot: Score=0.3849 (10 paths)
2026-05-22 00:07:16,391 - INFO - Processed test_immutable_list_equality_concatenation_find_string_unshift_reduce.dot: Score=0.2575 (9 paths)
2026-05-22 00:07:16,594 - INFO - Processed test_immutable_list_append_and_find_on_empty_list.dot: Score=0.3754 (3 paths)
2026-05-22 00:07:16,726 - INFO - Processed test_add_none_to_empty_immutable_list.dot: Score=0.4044 (2 paths)
2026-05-22 00:07:16,896 - INFO - Processed test_immutable_list_with_is_empty_flag_creation_and_search.dot: Score=0.2094 (2 paths)
2026-05-22 00:07:17,048 - INFO - Processed test_immutable_list_find_self_after_len.dot: Score=0.2374 (2 paths)
2026-05-22 00:07:17,204 - INFO - Processed test_immutable_list_find_with_to_list_result.dot: Score=0.2912 (2 paths)
2026-05-22 00:07:17,519 - INFO - Processed test_find_none_in_empty_list_then_append_and_convert.dot: Score=0.2769 (4 paths)
2026-05-22 00:07:17,774 - INFO - Processed test_to_list_and_map_with_non_empty_immutable_list.dot: Score=0.3276 (3 paths)
2026-05-22 00:07:18,300 - INFO - Processed test_map_with_none_callback_after_unshift_and_append.dot: Score=0.3252 (7 paths)
2026-05-22 00:07:18,380 - INFO - Processed test_filter_empty_list_with_itself_as_predicate.dot: Score=0.5738 (1 paths)
2026-05-22 00:07:18,538 - INFO - Processed test_filter_immutable_list_with_its_length.dot: Score=0.2728 (2 paths)
2026-05-22 00:07:18,689 - INFO - Processed test_find_returns_len_supported_object_when_value_not_found.dot: Score=0.5657 (2 paths)
2026-05-22 00:07:18,771 - INFO - Processed test_find_on_empty_immutable_list_returns_none_or_correct_value.dot: Score=0.4987 (1 paths)
2026-05-22 00:07:19,011 - INFO - Processed test_reduce_on_empty_list_with_false_initial_then_find.dot: Score=0.3730 (3 paths)
2026-05-22 00:07:19,074 - INFO - Processed test_empty_immutable_list_creation.dot: Score=0.4313 (1 paths)
2026-05-22 00:07:19,219 - INFO - Processed test_empty_immutable_list_str_and_find.dot: Score=0.4361 (2 paths)
2026-05-22 00:07:19,375 - INFO - Processed test_unshift_returns_new_list_and_original_remains_usable.dot: Score=0.3958 (2 paths)
2026-05-22 00:07:19,662 - INFO - Processed test_find_on_populated_immutable_list.dot: Score=0.2898 (4 paths)
2026-05-22 00:07:19,883 - INFO - Processed test_immutable_list_append_len_then_find_on_original.dot: Score=0.4223 (3 paths)
2026-05-22 00:07:21,596 - INFO - Processed test_immutable_list_chained_operations_append_reduce_equality_unshift_str_find.dot: Score=0.2219 (14 paths)
2026-05-22 00:07:22,519 - INFO - Processed test_immutable_list_self_reference_and_nested_operations.dot: Score=0.2029 (10 paths)
2026-05-22 00:07:22,843 - INFO - Processed test_immutable_list_to_list_as_reduce_argument_and_initial.dot: Score=0.2944 (4 paths)
<unknown>:24: SyntaxWarning: invalid escape sequence '\['
<unknown>:25: SyntaxWarning: invalid escape sequence '\['
<unknown>:26: SyntaxWarning: invalid escape sequence '\('
<unknown>:27: SyntaxWarning: invalid escape sequence '\('
<unknown>:28: SyntaxWarning: invalid escape sequence '\e'
2026-05-22 00:07:33,153 - INFO - HTTP Request: POST https://api.deepseek.com/chat/completions "HTTP/1.1 200 OK"
2026-05-22 00:07:44,353 - INFO - HTTP Request: POST https://api.deepseek.com/chat/completions "HTTP/1.1 200 OK"
2026-05-22 00:07:48,841 - INFO - HTTP Request: POST https://api.deepseek.com/chat/completions "HTTP/1.1 200 OK"
2026-05-22 00:07:59,247 - INFO - HTTP Request: POST https://api.deepseek.com/chat/completions "HTTP/1.1 200 OK"
2026-05-22 00:08:05,057 - INFO - HTTP Request: POST https://api.deepseek.com/chat/completions "HTTP/1.1 200 OK"
2026-05-22 00:08:15,720 - INFO - HTTP Request: POST https://api.deepseek.com/chat/completions "HTTP/1.1 200 OK"
2026-05-22 00:08:20,898 - INFO - HTTP Request: POST https://api.deepseek.com/chat/completions "HTTP/1.1 200 OK"
2026-05-22 00:08:30,596 - INFO - HTTP Request: POST https://api.deepseek.com/chat/completions "HTTP/1.1 200 OK"
2026-05-22 00:08:35,163 - INFO - HTTP Request: POST https://api.deepseek.com/chat/completions "HTTP/1.1 200 OK"
2026-05-22 00:08:44,671 - INFO - HTTP Request: POST https://api.deepseek.com/chat/completions "HTTP/1.1 200 OK"
2026-05-22 00:08:50,394 - INFO - HTTP Request: POST https://api.deepseek.com/chat/completions "HTTP/1.1 200 OK"
2026-05-22 00:09:00,551 - INFO - HTTP Request: POST https://api.deepseek.com/chat/completions "HTTP/1.1 200 OK"
2026-05-22 00:09:04,630 - INFO - HTTP Request: POST https://api.deepseek.com/chat/completions "HTTP/1.1 200 OK"
2026-05-22 00:09:14,921 - INFO - HTTP Request: POST https://api.deepseek.com/chat/completions "HTTP/1.1 200 OK"
2026-05-22 00:09:19,650 - INFO - HTTP Request: POST https://api.deepseek.com/chat/completions "HTTP/1.1 200 OK"
2026-05-22 00:09:29,711 - INFO - HTTP Request: POST https://api.deepseek.com/chat/completions "HTTP/1.1 200 OK"
2026-05-22 00:09:35,074 - INFO - HTTP Request: POST https://api.deepseek.com/chat/completions "HTTP/1.1 200 OK"
2026-05-22 00:09:45,213 - INFO - HTTP Request: POST https://api.deepseek.com/chat/completions "HTTP/1.1 200 OK"
2026-05-22 00:09:51,278 - INFO - HTTP Request: POST https://api.deepseek.com/chat/completions "HTTP/1.1 200 OK"
2026-05-22 00:10:01,923 - INFO - HTTP Request: POST https://api.deepseek.com/chat/completions "HTTP/1.1 200 OK"
2026-05-22 00:10:08,651 - INFO - HTTP Request: POST https://api.deepseek.com/chat/completions "HTTP/1.1 200 OK"
2026-05-22 00:10:18,983 - INFO - HTTP Request: POST https://api.deepseek.com/chat/completions "HTTP/1.1 200 OK"
2026-05-22 00:10:25,317 - INFO - HTTP Request: POST https://api.deepseek.com/chat/completions "HTTP/1.1 200 OK"
2026-05-22 00:10:35,059 - INFO - HTTP Request: POST https://api.deepseek.com/chat/completions "HTTP/1.1 200 OK"
2026-05-22 00:10:40,334 - INFO - HTTP Request: POST https://api.deepseek.com/chat/completions "HTTP/1.1 200 OK"
2026-05-22 00:10:50,578 - INFO - HTTP Request: POST https://api.deepseek.com/chat/completions "HTTP/1.1 200 OK"
2026-05-22 00:10:56,385 - INFO - HTTP Request: POST https://api.deepseek.com/chat/completions "HTTP/1.1 200 OK"
2026-05-22 00:11:07,177 - INFO - HTTP Request: POST https://api.deepseek.com/chat/completions "HTTP/1.1 200 OK"
2026-05-22 00:11:11,772 - INFO - HTTP Request: POST https://api.deepseek.com/chat/completions "HTTP/1.1 200 OK"
2026-05-22 00:11:21,633 - INFO - HTTP Request: POST https://api.deepseek.com/chat/completions "HTTP/1.1 200 OK"
2026-05-22 00:11:27,208 - INFO - HTTP Request: POST https://api.deepseek.com/chat/completions "HTTP/1.1 200 OK"
2026-05-22 00:11:37,330 - INFO - HTTP Request: POST https://api.deepseek.com/chat/completions "HTTP/1.1 200 OK"
2026-05-22 00:11:41,178 - INFO - HTTP Request: POST https://api.deepseek.com/chat/completions "HTTP/1.1 200 OK"
2026-05-22 00:11:50,776 - INFO - HTTP Request: POST https://api.deepseek.com/chat/completions "HTTP/1.1 200 OK"
2026-05-22 00:11:55,582 - INFO - HTTP Request: POST https://api.deepseek.com/chat/completions "HTTP/1.1 200 OK"
2026-05-22 00:12:05,794 - INFO - HTTP Request: POST https://api.deepseek.com/chat/completions "HTTP/1.1 200 OK"
2026-05-22 00:12:12,389 - INFO - HTTP Request: POST https://api.deepseek.com/chat/completions "HTTP/1.1 200 OK"
2026-05-22 00:12:22,303 - INFO - HTTP Request: POST https://api.deepseek.com/chat/completions "HTTP/1.1 200 OK"
2026-05-22 00:12:27,199 - INFO - HTTP Request: POST https://api.deepseek.com/chat/completions "HTTP/1.1 200 OK"
2026-05-22 00:12:37,176 - INFO - HTTP Request: POST https://api.deepseek.com/chat/completions "HTTP/1.1 200 OK"
2026-05-22 00:12:43,869 - INFO - HTTP Request: POST https://api.deepseek.com/chat/completions "HTTP/1.1 200 OK"
2026-05-22 00:12:54,184 - INFO - HTTP Request: POST https://api.deepseek.com/chat/completions "HTTP/1.1 200 OK"
2026-05-22 00:13:00,653 - INFO - HTTP Request: POST https://api.deepseek.com/chat/completions "HTTP/1.1 200 OK"
2026-05-22 00:13:11,658 - INFO - HTTP Request: POST https://api.deepseek.com/chat/completions "HTTP/1.1 200 OK"
2026-05-22 00:13:17,529 - INFO - HTTP Request: POST https://api.deepseek.com/chat/completions "HTTP/1.1 200 OK"
2026-05-22 00:13:27,923 - INFO - HTTP Request: POST https://api.deepseek.com/chat/completions "HTTP/1.1 200 OK"
2026-05-22 00:13:33,389 - INFO - HTTP Request: POST https://api.deepseek.com/chat/completions "HTTP/1.1 200 OK"
2026-05-22 00:13:37,630 - INFO - HTTP Request: POST https://api.deepseek.com/chat/completions "HTTP/1.1 200 OK"
2026-05-22 00:13:56,216 - INFO - Loading model: microsoft/codebert-base-mlm
/data/users/eliassam/miniforge3/lib/python3.12/site-packages/transformers/tokenization_utils_base.py:1601: FutureWarning: `clean_up_tokenization_spaces` was not set. It will be set to `True` by default. This behavior will be depracted in transformers v4.45, and will be then set to `False` by default. For more details check this issue: https://github.com/huggingface/transformers/issues/31884
  warnings.warn(
Some weights of the model checkpoint at microsoft/codebert-base-mlm were not used when initializing RobertaForMaskedLM: ['roberta.pooler.dense.bias', 'roberta.pooler.dense.weight']
- This IS expected if you are initializing RobertaForMaskedLM from the checkpoint of a model trained on another task or with another architecture (e.g. initializing a BertForSequenceClassification model from a BertForPreTraining model).
- This IS NOT expected if you are initializing RobertaForMaskedLM from the checkpoint of a model that you expect to be exactly identical (initializing a BertForSequenceClassification model from a BertForSequenceClassification model).
2026-05-22 00:13:58,516 - INFO - Processed __main__.dot: Score=0.8214 (1 paths)
2026-05-22 00:13:59,220 - INFO - Processed test_case_0.dot: Score=0.2621 (10 paths)
2026-05-22 00:13:59,925 - INFO - Processed test_case_1.dot: Score=0.3545 (9 paths)
2026-05-22 00:14:00,113 - INFO - Processed test_case_2.dot: Score=0.5200 (3 paths)
2026-05-22 00:14:00,238 - INFO - Processed test_case_3.dot: Score=0.4166 (2 paths)
2026-05-22 00:14:00,379 - INFO - Processed test_case_4.dot: Score=0.3706 (2 paths)
2026-05-22 00:14:00,513 - INFO - Processed test_case_5.dot: Score=0.6266 (2 paths)
2026-05-22 00:14:00,647 - INFO - Processed test_case_6.dot: Score=0.6387 (2 paths)
2026-05-22 00:14:00,934 - INFO - Processed test_case_7.dot: Score=0.2639 (4 paths)
2026-05-22 00:14:01,142 - INFO - Processed test_case_8.dot: Score=0.2760 (3 paths)
2026-05-22 00:14:01,625 - INFO - Processed test_case_9.dot: Score=0.3517 (7 paths)
2026-05-22 00:14:01,696 - INFO - Processed test_case_10.dot: Score=0.7147 (1 paths)
2026-05-22 00:14:01,834 - INFO - Processed test_case_11.dot: Score=0.5872 (2 paths)
2026-05-22 00:14:01,969 - INFO - Processed test_case_12.dot: Score=0.5387 (2 paths)
2026-05-22 00:14:02,039 - INFO - Processed test_case_13.dot: Score=0.6897 (1 paths)
2026-05-22 00:14:02,247 - INFO - Processed test_case_14.dot: Score=0.5443 (3 paths)
2026-05-22 00:14:02,298 - INFO - Processed test_case_15.dot: Score=0.6536 (1 paths)
2026-05-22 00:14:02,431 - INFO - Processed test_case_16.dot: Score=0.6411 (2 paths)
2026-05-22 00:14:02,567 - INFO - Processed test_case_17.dot: Score=0.6048 (2 paths)
2026-05-22 00:14:02,824 - INFO - Processed test_case_18.dot: Score=0.3376 (4 paths)
2026-05-22 00:14:03,024 - INFO - Processed test_case_19.dot: Score=0.4667 (3 paths)
2026-05-22 00:14:04,859 - INFO - Processed test_case_20.dot: Score=0.3443 (14 paths)
2026-05-22 00:14:05,687 - INFO - Processed test_case_21.dot: Score=0.3126 (10 paths)
2026-05-22 00:14:05,971 - INFO - Processed test_case_22.dot: Score=0.5441 (4 paths)
2026-05-22 00:14:06,098 - INFO - Processed __main__.dot: Score=0.6474 (1 paths)
2026-05-22 00:14:06,911 - INFO - Processed test_immutable_list_equality_and_operations.dot: Score=0.2249 (10 paths)
2026-05-22 00:14:07,711 - INFO - Processed test_immutable_list_operations_on_empty_list.dot: Score=0.2937 (9 paths)
2026-05-22 00:14:07,932 - INFO - Processed test_immutable_list_append_returns_new_list_and_find_on_original.dot: Score=0.3708 (3 paths)
2026-05-22 00:14:08,077 - INFO - Processed test_empty_immutable_list_added_to_none_does_not_raise.dot: Score=0.4380 (2 paths)
2026-05-22 00:14:08,248 - INFO - Processed test_find_on_nested_immutable_list_with_self_reference.dot: Score=0.3160 (2 paths)
2026-05-22 00:14:08,409 - INFO - Processed test_empty_immutable_list_length_and_find.dot: Score=0.3100 (2 paths)
2026-05-22 00:14:08,568 - INFO - Processed test_empty_immutable_list_conversion_and_find.dot: Score=0.3713 (2 paths)
2026-05-22 00:14:08,893 - INFO - Processed test_empty_list_none_find_then_append_and_to_list.dot: Score=0.4362 (4 paths)
2026-05-22 00:14:09,168 - INFO - Processed test_non_empty_immutable_list_map_with_list_raises_type_error.dot: Score=0.3478 (3 paths)
2026-05-22 00:14:09,717 - INFO - Processed test_unshift_append_map_with_none_values_does_not_crash.dot: Score=0.2533 (7 paths)
2026-05-22 00:14:09,804 - INFO - Processed test_filter_with_immutable_list_as_predicate.dot: Score=0.3279 (1 paths)
2026-05-22 00:14:09,969 - INFO - Processed test_filter_empty_immutable_list_with_length_zero.dot: Score=0.2943 (2 paths)
2026-05-22 00:14:10,132 - INFO - Processed test_find_on_empty_immutable_list_returns_object_supporting_len.dot: Score=0.4685 (2 paths)
2026-05-22 00:14:10,216 - INFO - Processed test_find_list_inside_itself.dot: Score=0.4183 (1 paths)
2026-05-22 00:14:10,463 - INFO - Processed test_immutable_list_reduce_with_false_initial_and_find_self.dot: Score=0.2354 (3 paths)
2026-05-22 00:14:10,540 - INFO - Processed test_empty_immutable_list_creation_and_default_repr.dot: Score=0.3609 (1 paths)
2026-05-22 00:14:10,695 - INFO - Processed test_empty_immutable_list_str_and_find.dot: Score=0.4513 (2 paths)
2026-05-22 00:14:10,849 - INFO - Processed test_original_list_unchanged_after_unshift.dot: Score=0.3552 (2 paths)
2026-05-22 00:14:11,170 - INFO - Processed test_find_returns_false_when_boolean_false_in_nested_structure.dot: Score=0.2525 (4 paths)
2026-05-22 00:14:11,414 - INFO - Processed test_empty_immutable_list_append_returns_new_find_on_original.dot: Score=0.3058 (3 paths)
2026-05-22 00:14:12,691 - INFO - Processed test_immutable_list_chained_operations_without_exceptions.dot: Score=0.2811 (14 paths)
2026-05-22 00:14:13,629 - INFO - Processed test_immutable_list_self_reference_and_reduce_edge_cases.dot: Score=0.3619 (10 paths)
2026-05-22 00:14:13,947 - INFO - Processed test_to_list_result_as_reduce_function_and_initial.dot: Score=0.3235 (4 paths)
<unknown>:24: SyntaxWarning: invalid escape sequence '\['
<unknown>:25: SyntaxWarning: invalid escape sequence '\['
<unknown>:26: SyntaxWarning: invalid escape sequence '\('
<unknown>:27: SyntaxWarning: invalid escape sequence '\('
<unknown>:28: SyntaxWarning: invalid escape sequence '\e'
2026-05-22 00:14:25,511 - INFO - HTTP Request: POST https://api.deepseek.com/chat/completions "HTTP/1.1 200 OK"
2026-05-22 00:14:36,247 - INFO - HTTP Request: POST https://api.deepseek.com/chat/completions "HTTP/1.1 200 OK"
2026-05-22 00:14:42,104 - INFO - HTTP Request: POST https://api.deepseek.com/chat/completions "HTTP/1.1 200 OK"
2026-05-22 00:14:52,706 - INFO - HTTP Request: POST https://api.deepseek.com/chat/completions "HTTP/1.1 200 OK"
2026-05-22 00:14:58,269 - INFO - HTTP Request: POST https://api.deepseek.com/chat/completions "HTTP/1.1 200 OK"
2026-05-22 00:15:09,711 - INFO - HTTP Request: POST https://api.deepseek.com/chat/completions "HTTP/1.1 200 OK"
2026-05-22 00:15:15,347 - INFO - HTTP Request: POST https://api.deepseek.com/chat/completions "HTTP/1.1 200 OK"
2026-05-22 00:15:25,898 - INFO - HTTP Request: POST https://api.deepseek.com/chat/completions "HTTP/1.1 200 OK"
2026-05-22 00:15:30,823 - INFO - HTTP Request: POST https://api.deepseek.com/chat/completions "HTTP/1.1 200 OK"
2026-05-22 00:15:40,684 - INFO - HTTP Request: POST https://api.deepseek.com/chat/completions "HTTP/1.1 200 OK"
2026-05-22 00:15:45,041 - INFO - HTTP Request: POST https://api.deepseek.com/chat/completions "HTTP/1.1 200 OK"
2026-05-22 00:15:55,253 - INFO - HTTP Request: POST https://api.deepseek.com/chat/completions "HTTP/1.1 200 OK"
2026-05-22 00:15:59,901 - INFO - HTTP Request: POST https://api.deepseek.com/chat/completions "HTTP/1.1 200 OK"
2026-05-22 00:16:10,442 - INFO - HTTP Request: POST https://api.deepseek.com/chat/completions "HTTP/1.1 200 OK"
2026-05-22 00:16:15,551 - INFO - HTTP Request: POST https://api.deepseek.com/chat/completions "HTTP/1.1 200 OK"
2026-05-22 00:16:25,869 - INFO - HTTP Request: POST https://api.deepseek.com/chat/completions "HTTP/1.1 200 OK"
2026-05-22 00:16:32,308 - INFO - HTTP Request: POST https://api.deepseek.com/chat/completions "HTTP/1.1 200 OK"
2026-05-22 00:16:42,518 - INFO - HTTP Request: POST https://api.deepseek.com/chat/completions "HTTP/1.1 200 OK"
2026-05-22 00:16:48,326 - INFO - HTTP Request: POST https://api.deepseek.com/chat/completions "HTTP/1.1 200 OK"
2026-05-22 00:16:58,540 - INFO - HTTP Request: POST https://api.deepseek.com/chat/completions "HTTP/1.1 200 OK"
2026-05-22 00:17:04,843 - INFO - HTTP Request: POST https://api.deepseek.com/chat/completions "HTTP/1.1 200 OK"
2026-05-22 00:17:15,031 - INFO - HTTP Request: POST https://api.deepseek.com/chat/completions "HTTP/1.1 200 OK"
2026-05-22 00:17:19,480 - INFO - HTTP Request: POST https://api.deepseek.com/chat/completions "HTTP/1.1 200 OK"
2026-05-22 00:17:29,442 - INFO - HTTP Request: POST https://api.deepseek.com/chat/completions "HTTP/1.1 200 OK"
2026-05-22 00:17:33,646 - INFO - HTTP Request: POST https://api.deepseek.com/chat/completions "HTTP/1.1 200 OK"
2026-05-22 00:17:43,849 - INFO - HTTP Request: POST https://api.deepseek.com/chat/completions "HTTP/1.1 200 OK"
2026-05-22 00:17:50,524 - INFO - HTTP Request: POST https://api.deepseek.com/chat/completions "HTTP/1.1 200 OK"
2026-05-22 00:18:00,546 - INFO - HTTP Request: POST https://api.deepseek.com/chat/completions "HTTP/1.1 200 OK"
2026-05-22 00:18:04,594 - INFO - HTTP Request: POST https://api.deepseek.com/chat/completions "HTTP/1.1 200 OK"
2026-05-22 00:18:14,528 - INFO - HTTP Request: POST https://api.deepseek.com/chat/completions "HTTP/1.1 200 OK"
2026-05-22 00:18:20,078 - INFO - HTTP Request: POST https://api.deepseek.com/chat/completions "HTTP/1.1 200 OK"
2026-05-22 00:18:30,516 - INFO - HTTP Request: POST https://api.deepseek.com/chat/completions "HTTP/1.1 200 OK"
2026-05-22 00:18:34,359 - INFO - HTTP Request: POST https://api.deepseek.com/chat/completions "HTTP/1.1 200 OK"
2026-05-22 00:18:44,283 - INFO - HTTP Request: POST https://api.deepseek.com/chat/completions "HTTP/1.1 200 OK"
2026-05-22 00:18:48,797 - INFO - HTTP Request: POST https://api.deepseek.com/chat/completions "HTTP/1.1 200 OK"
2026-05-22 00:18:58,871 - INFO - HTTP Request: POST https://api.deepseek.com/chat/completions "HTTP/1.1 200 OK"
2026-05-22 00:19:05,291 - INFO - HTTP Request: POST https://api.deepseek.com/chat/completions "HTTP/1.1 200 OK"
2026-05-22 00:19:15,417 - INFO - HTTP Request: POST https://api.deepseek.com/chat/completions "HTTP/1.1 200 OK"
2026-05-22 00:19:20,688 - INFO - HTTP Request: POST https://api.deepseek.com/chat/completions "HTTP/1.1 200 OK"
2026-05-22 00:19:31,133 - INFO - HTTP Request: POST https://api.deepseek.com/chat/completions "HTTP/1.1 200 OK"
2026-05-22 00:19:35,224 - INFO - HTTP Request: POST https://api.deepseek.com/chat/completions "HTTP/1.1 200 OK"
2026-05-22 00:19:45,097 - INFO - HTTP Request: POST https://api.deepseek.com/chat/completions "HTTP/1.1 200 OK"
2026-05-22 00:19:52,010 - INFO - HTTP Request: POST https://api.deepseek.com/chat/completions "HTTP/1.1 200 OK"
2026-05-22 00:20:03,644 - INFO - HTTP Request: POST https://api.deepseek.com/chat/completions "HTTP/1.1 200 OK"
2026-05-22 00:20:10,667 - INFO - HTTP Request: POST https://api.deepseek.com/chat/completions "HTTP/1.1 200 OK"
2026-05-22 00:20:21,560 - INFO - HTTP Request: POST https://api.deepseek.com/chat/completions "HTTP/1.1 200 OK"
2026-05-22 00:20:28,032 - INFO - HTTP Request: POST https://api.deepseek.com/chat/completions "HTTP/1.1 200 OK"
2026-05-22 00:20:32,095 - INFO - HTTP Request: POST https://api.deepseek.com/chat/completions "HTTP/1.1 200 OK"
2026-05-22 00:20:51,873 - INFO - Loading model: microsoft/codebert-base-mlm
/data/users/eliassam/miniforge3/lib/python3.12/site-packages/transformers/tokenization_utils_base.py:1601: FutureWarning: `clean_up_tokenization_spaces` was not set. It will be set to `True` by default. This behavior will be depracted in transformers v4.45, and will be then set to `False` by default. For more details check this issue: https://github.com/huggingface/transformers/issues/31884
  warnings.warn(
Some weights of the model checkpoint at microsoft/codebert-base-mlm were not used when initializing RobertaForMaskedLM: ['roberta.pooler.dense.bias', 'roberta.pooler.dense.weight']
- This IS expected if you are initializing RobertaForMaskedLM from the checkpoint of a model trained on another task or with another architecture (e.g. initializing a BertForSequenceClassification model from a BertForPreTraining model).
- This IS NOT expected if you are initializing RobertaForMaskedLM from the checkpoint of a model that you expect to be exactly identical (initializing a BertForSequenceClassification model from a BertForSequenceClassification model).
2026-05-22 00:20:54,481 - INFO - Processed __main__.dot: Score=0.8214 (1 paths)
2026-05-22 00:20:57,707 - INFO - Processed test_case_0.dot: Score=0.2621 (10 paths)
2026-05-22 00:20:58,393 - INFO - Processed test_case_1.dot: Score=0.3545 (9 paths)
2026-05-22 00:20:58,587 - INFO - Processed test_case_2.dot: Score=0.5200 (3 paths)
2026-05-22 00:20:58,717 - INFO - Processed test_case_3.dot: Score=0.4166 (2 paths)
2026-05-22 00:20:58,863 - INFO - Processed test_case_4.dot: Score=0.3706 (2 paths)
2026-05-22 00:20:59,002 - INFO - Processed test_case_5.dot: Score=0.6266 (2 paths)
2026-05-22 00:20:59,142 - INFO - Processed test_case_6.dot: Score=0.6387 (2 paths)
2026-05-22 00:20:59,429 - INFO - Processed test_case_7.dot: Score=0.2639 (4 paths)
2026-05-22 00:20:59,631 - INFO - Processed test_case_8.dot: Score=0.2760 (3 paths)
2026-05-22 00:21:00,103 - INFO - Processed test_case_9.dot: Score=0.3517 (7 paths)
2026-05-22 00:21:00,181 - INFO - Processed test_case_10.dot: Score=0.7147 (1 paths)
2026-05-22 00:21:00,324 - INFO - Processed test_case_11.dot: Score=0.5872 (2 paths)
2026-05-22 00:21:00,465 - INFO - Processed test_case_12.dot: Score=0.5387 (2 paths)
2026-05-22 00:21:00,542 - INFO - Processed test_case_13.dot: Score=0.6897 (1 paths)
2026-05-22 00:21:00,755 - INFO - Processed test_case_14.dot: Score=0.5443 (3 paths)
2026-05-22 00:21:00,818 - INFO - Processed test_case_15.dot: Score=0.6536 (1 paths)
2026-05-22 00:21:00,958 - INFO - Processed test_case_16.dot: Score=0.6411 (2 paths)
2026-05-22 00:21:01,098 - INFO - Processed test_case_17.dot: Score=0.6048 (2 paths)
2026-05-22 00:21:01,357 - INFO - Processed test_case_18.dot: Score=0.3376 (4 paths)
2026-05-22 00:21:01,552 - INFO - Processed test_case_19.dot: Score=0.4667 (3 paths)
2026-05-22 00:21:02,670 - INFO - Processed test_case_20.dot: Score=0.3443 (14 paths)
2026-05-22 00:21:03,461 - INFO - Processed test_case_21.dot: Score=0.3126 (10 paths)
2026-05-22 00:21:03,736 - INFO - Processed test_case_22.dot: Score=0.5441 (4 paths)
2026-05-22 00:21:03,889 - INFO - Processed __main__.dot: Score=0.6474 (1 paths)
2026-05-22 00:21:04,619 - INFO - Processed test_empty_immutable_list_operations.dot: Score=0.3606 (10 paths)
2026-05-22 00:21:05,354 - INFO - Processed test_immutable_list_various_operations.dot: Score=0.1974 (9 paths)
2026-05-22 00:21:05,549 - INFO - Processed test_find_on_list_marked_empty_after_append.dot: Score=0.3814 (3 paths)
2026-05-22 00:21:05,673 - INFO - Processed test_immutable_list_add_none.dot: Score=0.4249 (2 paths)
2026-05-22 00:21:05,827 - INFO - Processed test_find_on_nested_immutable_list_self_reference.dot: Score=0.3273 (2 paths)
2026-05-22 00:21:05,978 - INFO - Processed test_empty_list_has_zero_length_and_find_accepts_list_argument.dot: Score=0.4078 (2 paths)
2026-05-22 00:21:06,121 - INFO - Processed test_empty_list_with_boolean_and_find.dot: Score=0.3874 (2 paths)
2026-05-22 00:21:06,430 - INFO - Processed test_empty_immutable_list_find_append_and_to_list_operations.dot: Score=0.2591 (4 paths)
2026-05-22 00:21:06,685 - INFO - Processed test_to_list_consistency_and_map_with_list_result.dot: Score=0.2620 (3 paths)
2026-05-22 00:21:07,196 - INFO - Processed test_immutable_list_map_with_none_callable.dot: Score=0.3515 (7 paths)
2026-05-22 00:21:07,281 - INFO - Processed test_filter_on_empty_immutable_list_with_false_predicate.dot: Score=0.3161 (1 paths)
2026-05-22 00:21:07,435 - INFO - Processed test_filter_on_empty_immutable_list_with_length_zero.dot: Score=0.2553 (2 paths)
2026-05-22 00:21:07,582 - INFO - Processed test_find_on_empty_list_returns_object_with_len.dot: Score=0.5781 (2 paths)
2026-05-22 00:21:07,672 - INFO - Processed test_find_on_empty_immutable_list_returns_none.dot: Score=0.4339 (1 paths)
2026-05-22 00:21:07,893 - INFO - Processed test_find_on_single_element_boolean_list.dot: Score=0.3581 (3 paths)
2026-05-22 00:21:07,954 - INFO - Processed test_default_empty_immutable_list_creation.dot: Score=0.4427 (1 paths)
2026-05-22 00:21:08,093 - INFO - Processed test_empty_immutable_list_string_representation_and_find.dot: Score=0.4378 (2 paths)
2026-05-22 00:21:08,242 - INFO - Processed test_find_on_empty_list_after_unshift_finds_self_reference.dot: Score=0.3823 (2 paths)
2026-05-22 00:21:08,532 - INFO - Processed test_find_boolean_value_in_list_after_unshift_and_append.dot: Score=0.3956 (4 paths)
2026-05-22 00:21:08,739 - INFO - Processed test_immutable_list_find_finds_self_reference.dot: Score=0.3754 (3 paths)
2026-05-22 00:21:10,021 - INFO - Processed test_self_referential_immutable_list_complex_operations.dot: Score=0.2159 (14 paths)
2026-05-22 00:21:10,904 - INFO - Processed test_self_referential_immutable_list_with_nested_operations.dot: Score=0.2260 (10 paths)
2026-05-22 00:21:11,214 - INFO - Processed test_immutable_list_reduce_with_own_to_list_result.dot: Score=0.4036 (4 paths)
<unknown>:24: SyntaxWarning: invalid escape sequence '\['
<unknown>:25: SyntaxWarning: invalid escape sequence '\['
<unknown>:26: SyntaxWarning: invalid escape sequence '\('
<unknown>:27: SyntaxWarning: invalid escape sequence '\('
<unknown>:28: SyntaxWarning: invalid escape sequence '\e'
2026-05-22 00:21:21,120 - INFO - HTTP Request: POST https://api.deepseek.com/chat/completions "HTTP/1.1 200 OK"
2026-05-22 00:21:31,804 - INFO - HTTP Request: POST https://api.deepseek.com/chat/completions "HTTP/1.1 200 OK"
2026-05-22 00:21:36,960 - INFO - HTTP Request: POST https://api.deepseek.com/chat/completions "HTTP/1.1 200 OK"
2026-05-22 00:21:47,232 - INFO - HTTP Request: POST https://api.deepseek.com/chat/completions "HTTP/1.1 200 OK"
2026-05-22 00:21:52,183 - INFO - HTTP Request: POST https://api.deepseek.com/chat/completions "HTTP/1.1 200 OK"
2026-05-22 00:22:02,099 - INFO - HTTP Request: POST https://api.deepseek.com/chat/completions "HTTP/1.1 200 OK"
2026-05-22 00:22:08,435 - INFO - HTTP Request: POST https://api.deepseek.com/chat/completions "HTTP/1.1 200 OK"
2026-05-22 00:22:19,204 - INFO - HTTP Request: POST https://api.deepseek.com/chat/completions "HTTP/1.1 200 OK"
2026-05-22 00:22:25,723 - INFO - HTTP Request: POST https://api.deepseek.com/chat/completions "HTTP/1.1 200 OK"
2026-05-22 00:22:36,017 - INFO - HTTP Request: POST https://api.deepseek.com/chat/completions "HTTP/1.1 200 OK"
2026-05-22 00:22:41,343 - INFO - HTTP Request: POST https://api.deepseek.com/chat/completions "HTTP/1.1 200 OK"
2026-05-22 00:22:51,665 - INFO - HTTP Request: POST https://api.deepseek.com/chat/completions "HTTP/1.1 200 OK"
2026-05-22 00:22:56,240 - INFO - HTTP Request: POST https://api.deepseek.com/chat/completions "HTTP/1.1 200 OK"
2026-05-22 00:23:06,482 - INFO - HTTP Request: POST https://api.deepseek.com/chat/completions "HTTP/1.1 200 OK"
2026-05-22 00:23:12,164 - INFO - HTTP Request: POST https://api.deepseek.com/chat/completions "HTTP/1.1 200 OK"
2026-05-22 00:23:22,708 - INFO - HTTP Request: POST https://api.deepseek.com/chat/completions "HTTP/1.1 200 OK"
2026-05-22 00:23:29,220 - INFO - HTTP Request: POST https://api.deepseek.com/chat/completions "HTTP/1.1 200 OK"
2026-05-22 00:23:39,988 - INFO - HTTP Request: POST https://api.deepseek.com/chat/completions "HTTP/1.1 200 OK"
2026-05-22 00:23:44,107 - INFO - HTTP Request: POST https://api.deepseek.com/chat/completions "HTTP/1.1 200 OK"
2026-05-22 00:23:53,866 - INFO - HTTP Request: POST https://api.deepseek.com/chat/completions "HTTP/1.1 200 OK"
2026-05-22 00:23:59,068 - INFO - HTTP Request: POST https://api.deepseek.com/chat/completions "HTTP/1.1 200 OK"
2026-05-22 00:24:10,433 - INFO - HTTP Request: POST https://api.deepseek.com/chat/completions "HTTP/1.1 200 OK"
2026-05-22 00:24:15,604 - INFO - HTTP Request: POST https://api.deepseek.com/chat/completions "HTTP/1.1 200 OK"
2026-05-22 00:24:25,796 - INFO - HTTP Request: POST https://api.deepseek.com/chat/completions "HTTP/1.1 200 OK"
2026-05-22 00:24:31,692 - INFO - HTTP Request: POST https://api.deepseek.com/chat/completions "HTTP/1.1 200 OK"
2026-05-22 00:24:42,127 - INFO - HTTP Request: POST https://api.deepseek.com/chat/completions "HTTP/1.1 200 OK"
2026-05-22 00:24:47,468 - INFO - HTTP Request: POST https://api.deepseek.com/chat/completions "HTTP/1.1 200 OK"
2026-05-22 00:24:58,369 - INFO - HTTP Request: POST https://api.deepseek.com/chat/completions "HTTP/1.1 200 OK"
2026-05-22 00:25:04,365 - INFO - HTTP Request: POST https://api.deepseek.com/chat/completions "HTTP/1.1 200 OK"
2026-05-22 00:25:14,622 - INFO - HTTP Request: POST https://api.deepseek.com/chat/completions "HTTP/1.1 200 OK"
2026-05-22 00:25:20,685 - INFO - HTTP Request: POST https://api.deepseek.com/chat/completions "HTTP/1.1 200 OK"
2026-05-22 00:25:31,577 - INFO - HTTP Request: POST https://api.deepseek.com/chat/completions "HTTP/1.1 200 OK"
2026-05-22 00:25:36,510 - INFO - HTTP Request: POST https://api.deepseek.com/chat/completions "HTTP/1.1 200 OK"
2026-05-22 00:25:46,653 - INFO - HTTP Request: POST https://api.deepseek.com/chat/completions "HTTP/1.1 200 OK"
2026-05-22 00:25:51,359 - INFO - HTTP Request: POST https://api.deepseek.com/chat/completions "HTTP/1.1 200 OK"
2026-05-22 00:26:02,296 - INFO - HTTP Request: POST https://api.deepseek.com/chat/completions "HTTP/1.1 200 OK"
2026-05-22 00:26:08,480 - INFO - HTTP Request: POST https://api.deepseek.com/chat/completions "HTTP/1.1 200 OK"
2026-05-22 00:26:19,644 - INFO - HTTP Request: POST https://api.deepseek.com/chat/completions "HTTP/1.1 200 OK"
2026-05-22 00:26:25,052 - INFO - HTTP Request: POST https://api.deepseek.com/chat/completions "HTTP/1.1 200 OK"
2026-05-22 00:26:35,674 - INFO - HTTP Request: POST https://api.deepseek.com/chat/completions "HTTP/1.1 200 OK"
2026-05-22 00:26:40,200 - INFO - HTTP Request: POST https://api.deepseek.com/chat/completions "HTTP/1.1 200 OK"
2026-05-22 00:26:43,373 - INFO - HTTP Request: POST https://api.deepseek.com/chat/completions "HTTP/1.1 200 OK"
2026-05-22 00:27:03,187 - INFO - Loading model: microsoft/codebert-base-mlm
/data/users/eliassam/miniforge3/lib/python3.12/site-packages/transformers/tokenization_utils_base.py:1601: FutureWarning: `clean_up_tokenization_spaces` was not set. It will be set to `True` by default. This behavior will be depracted in transformers v4.45, and will be then set to `False` by default. For more details check this issue: https://github.com/huggingface/transformers/issues/31884
  warnings.warn(
Some weights of the model checkpoint at microsoft/codebert-base-mlm were not used when initializing RobertaForMaskedLM: ['roberta.pooler.dense.bias', 'roberta.pooler.dense.weight']
- This IS expected if you are initializing RobertaForMaskedLM from the checkpoint of a model trained on another task or with another architecture (e.g. initializing a BertForSequenceClassification model from a BertForPreTraining model).
- This IS NOT expected if you are initializing RobertaForMaskedLM from the checkpoint of a model that you expect to be exactly identical (initializing a BertForSequenceClassification model from a BertForSequenceClassification model).
2026-05-22 00:27:05,599 - INFO - Processed __main__.dot: Score=0.8692 (1 paths)
2026-05-22 00:27:06,523 - INFO - Processed test_case_0.dot: Score=0.3918 (1 paths)
2026-05-22 00:27:06,597 - INFO - Processed test_case_1.dot: Score=0.4033 (1 paths)
2026-05-22 00:27:14,084 - INFO - Processed test_case_2.dot: Score=0.1618 (50 paths)
2026-05-22 00:27:14,227 - INFO - Processed test_case_3.dot: Score=0.3069 (2 paths)
2026-05-22 00:27:14,879 - INFO - Processed test_case_4.dot: Score=0.2873 (5 paths)
2026-05-22 00:27:15,050 - INFO - Processed test_case_5.dot: Score=0.4323 (3 paths)
2026-05-22 00:27:15,261 - INFO - Processed test_case_6.dot: Score=0.2701 (3 paths)
2026-05-22 00:27:20,726 - INFO - Processed test_case_7.dot: Score=0.1339 (38 paths)
2026-05-22 00:27:21,039 - INFO - Processed test_case_8.dot: Score=0.4911 (3 paths)
2026-05-22 00:27:22,262 - INFO - Processed test_case_9.dot: Score=0.2056 (12 paths)
2026-05-22 00:27:22,785 - INFO - Processed test_case_10.dot: Score=0.2094 (6 paths)
2026-05-22 00:27:26,566 - INFO - Processed test_case_11.dot: Score=0.1839 (24 paths)
2026-05-22 00:27:29,278 - INFO - Processed test_case_12.dot: Score=0.1645 (34 paths)
2026-05-22 00:27:29,857 - INFO - Processed test_case_13.dot: Score=0.1918 (10 paths)
2026-05-22 00:27:30,961 - INFO - Processed test_case_14.dot: Score=0.1790 (18 paths)
2026-05-22 00:27:31,073 - INFO - Processed test_case_15.dot: Score=0.2980 (2 paths)
2026-05-22 00:27:34,519 - INFO - Processed test_case_16.dot: Score=0.1663 (40 paths)
2026-05-22 00:27:40,329 - INFO - Processed test_case_17.dot: Score=0.1025 (50 paths)
2026-05-22 00:27:41,077 - INFO - Processed test_case_18.dot: Score=0.2135 (13 paths)
2026-05-22 00:27:41,192 - INFO - Processed test_case_19.dot: Score=0.2928 (2 paths)
2026-05-22 00:27:41,213 - ERROR - Failed to parse or build PDG: unterminated triple-quoted string literal (detected at line 375) (<unknown>, line 373)
2026-05-22 00:27:41,214 - WARNING - No functions found in ./output/temp1/deepseek-v3/maybe.py/combined/run1/test_pymonet_maybe_functions_refactored.py to generate PDGs for.
<unknown>:24: SyntaxWarning: invalid escape sequence '\['
<unknown>:25: SyntaxWarning: invalid escape sequence '\['
<unknown>:26: SyntaxWarning: invalid escape sequence '\('
<unknown>:27: SyntaxWarning: invalid escape sequence '\('
<unknown>:28: SyntaxWarning: invalid escape sequence '\e'
2026-05-22 00:27:51,030 - INFO - HTTP Request: POST https://api.deepseek.com/chat/completions "HTTP/1.1 200 OK"
2026-05-22 00:28:01,126 - INFO - HTTP Request: POST https://api.deepseek.com/chat/completions "HTTP/1.1 200 OK"
2026-05-22 00:28:05,237 - INFO - HTTP Request: POST https://api.deepseek.com/chat/completions "HTTP/1.1 200 OK"
2026-05-22 00:28:15,052 - INFO - HTTP Request: POST https://api.deepseek.com/chat/completions "HTTP/1.1 200 OK"
2026-05-22 00:28:19,693 - INFO - HTTP Request: POST https://api.deepseek.com/chat/completions "HTTP/1.1 200 OK"
2026-05-22 00:28:29,654 - INFO - HTTP Request: POST https://api.deepseek.com/chat/completions "HTTP/1.1 200 OK"
2026-05-22 00:28:36,734 - INFO - HTTP Request: POST https://api.deepseek.com/chat/completions "HTTP/1.1 200 OK"
2026-05-22 00:28:47,313 - INFO - HTTP Request: POST https://api.deepseek.com/chat/completions "HTTP/1.1 200 OK"
2026-05-22 00:28:53,997 - INFO - HTTP Request: POST https://api.deepseek.com/chat/completions "HTTP/1.1 200 OK"
2026-05-22 00:29:04,040 - INFO - HTTP Request: POST https://api.deepseek.com/chat/completions "HTTP/1.1 200 OK"
2026-05-22 00:29:11,297 - INFO - HTTP Request: POST https://api.deepseek.com/chat/completions "HTTP/1.1 200 OK"
2026-05-22 00:29:21,459 - INFO - HTTP Request: POST https://api.deepseek.com/chat/completions "HTTP/1.1 200 OK"
2026-05-22 00:29:27,182 - INFO - HTTP Request: POST https://api.deepseek.com/chat/completions "HTTP/1.1 200 OK"
2026-05-22 00:29:36,996 - INFO - HTTP Request: POST https://api.deepseek.com/chat/completions "HTTP/1.1 200 OK"
2026-05-22 00:29:43,012 - INFO - HTTP Request: POST https://api.deepseek.com/chat/completions "HTTP/1.1 200 OK"
2026-05-22 00:29:53,196 - INFO - HTTP Request: POST https://api.deepseek.com/chat/completions "HTTP/1.1 200 OK"
2026-05-22 00:29:59,124 - INFO - HTTP Request: POST https://api.deepseek.com/chat/completions "HTTP/1.1 200 OK"
2026-05-22 00:30:10,623 - INFO - HTTP Request: POST https://api.deepseek.com/chat/completions "HTTP/1.1 200 OK"
2026-05-22 00:30:17,948 - INFO - HTTP Request: POST https://api.deepseek.com/chat/completions "HTTP/1.1 200 OK"
2026-05-22 00:30:28,329 - INFO - HTTP Request: POST https://api.deepseek.com/chat/completions "HTTP/1.1 200 OK"
2026-05-22 00:30:33,891 - INFO - HTTP Request: POST https://api.deepseek.com/chat/completions "HTTP/1.1 200 OK"
2026-05-22 00:30:44,353 - INFO - HTTP Request: POST https://api.deepseek.com/chat/completions "HTTP/1.1 200 OK"
2026-05-22 00:30:51,774 - INFO - HTTP Request: POST https://api.deepseek.com/chat/completions "HTTP/1.1 200 OK"
2026-05-22 00:31:02,259 - INFO - HTTP Request: POST https://api.deepseek.com/chat/completions "HTTP/1.1 200 OK"
2026-05-22 00:31:07,350 - INFO - HTTP Request: POST https://api.deepseek.com/chat/completions "HTTP/1.1 200 OK"
2026-05-22 00:31:17,906 - INFO - HTTP Request: POST https://api.deepseek.com/chat/completions "HTTP/1.1 200 OK"
2026-05-22 00:31:24,174 - INFO - HTTP Request: POST https://api.deepseek.com/chat/completions "HTTP/1.1 200 OK"
2026-05-22 00:31:35,066 - INFO - HTTP Request: POST https://api.deepseek.com/chat/completions "HTTP/1.1 200 OK"
2026-05-22 00:31:40,262 - INFO - HTTP Request: POST https://api.deepseek.com/chat/completions "HTTP/1.1 200 OK"
2026-05-22 00:31:50,413 - INFO - HTTP Request: POST https://api.deepseek.com/chat/completions "HTTP/1.1 200 OK"
2026-05-22 00:31:56,346 - INFO - HTTP Request: POST https://api.deepseek.com/chat/completions "HTTP/1.1 200 OK"
2026-05-22 00:32:06,839 - INFO - HTTP Request: POST https://api.deepseek.com/chat/completions "HTTP/1.1 200 OK"
2026-05-22 00:32:11,839 - INFO - HTTP Request: POST https://api.deepseek.com/chat/completions "HTTP/1.1 200 OK"
2026-05-22 00:32:22,117 - INFO - HTTP Request: POST https://api.deepseek.com/chat/completions "HTTP/1.1 200 OK"
2026-05-22 00:32:27,912 - INFO - HTTP Request: POST https://api.deepseek.com/chat/completions "HTTP/1.1 200 OK"
2026-05-22 00:32:38,843 - INFO - HTTP Request: POST https://api.deepseek.com/chat/completions "HTTP/1.1 200 OK"
2026-05-22 00:32:45,205 - INFO - HTTP Request: POST https://api.deepseek.com/chat/completions "HTTP/1.1 200 OK"
2026-05-22 00:32:56,308 - INFO - HTTP Request: POST https://api.deepseek.com/chat/completions "HTTP/1.1 200 OK"
2026-05-22 00:33:01,836 - INFO - HTTP Request: POST https://api.deepseek.com/chat/completions "HTTP/1.1 200 OK"
2026-05-22 00:33:12,242 - INFO - HTTP Request: POST https://api.deepseek.com/chat/completions "HTTP/1.1 200 OK"
2026-05-22 00:33:16,627 - INFO - HTTP Request: POST https://api.deepseek.com/chat/completions "HTTP/1.1 200 OK"
2026-05-22 00:33:20,391 - INFO - HTTP Request: POST https://api.deepseek.com/chat/completions "HTTP/1.1 200 OK"
2026-05-22 00:33:40,586 - INFO - Loading model: microsoft/codebert-base-mlm
/data/users/eliassam/miniforge3/lib/python3.12/site-packages/transformers/tokenization_utils_base.py:1601: FutureWarning: `clean_up_tokenization_spaces` was not set. It will be set to `True` by default. This behavior will be depracted in transformers v4.45, and will be then set to `False` by default. For more details check this issue: https://github.com/huggingface/transformers/issues/31884
  warnings.warn(
Some weights of the model checkpoint at microsoft/codebert-base-mlm were not used when initializing RobertaForMaskedLM: ['roberta.pooler.dense.bias', 'roberta.pooler.dense.weight']
- This IS expected if you are initializing RobertaForMaskedLM from the checkpoint of a model trained on another task or with another architecture (e.g. initializing a BertForSequenceClassification model from a BertForPreTraining model).
- This IS NOT expected if you are initializing RobertaForMaskedLM from the checkpoint of a model that you expect to be exactly identical (initializing a BertForSequenceClassification model from a BertForSequenceClassification model).
2026-05-22 00:33:42,906 - INFO - Processed __main__.dot: Score=0.8692 (1 paths)
2026-05-22 00:33:42,992 - INFO - Processed test_case_0.dot: Score=0.3918 (1 paths)
2026-05-22 00:33:43,066 - INFO - Processed test_case_1.dot: Score=0.4033 (1 paths)
2026-05-22 00:33:51,107 - INFO - Processed test_case_2.dot: Score=0.1618 (50 paths)
2026-05-22 00:33:51,246 - INFO - Processed test_case_3.dot: Score=0.3069 (2 paths)
2026-05-22 00:33:51,602 - INFO - Processed test_case_4.dot: Score=0.2873 (5 paths)
2026-05-22 00:33:51,768 - INFO - Processed test_case_5.dot: Score=0.4323 (3 paths)
2026-05-22 00:33:51,970 - INFO - Processed test_case_6.dot: Score=0.2701 (3 paths)
2026-05-22 00:33:55,879 - INFO - Processed test_case_7.dot: Score=0.1339 (38 paths)
2026-05-22 00:33:56,049 - INFO - Processed test_case_8.dot: Score=0.4911 (3 paths)
2026-05-22 00:33:56,934 - INFO - Processed test_case_9.dot: Score=0.2056 (12 paths)
2026-05-22 00:33:57,417 - INFO - Processed test_case_10.dot: Score=0.2094 (6 paths)
2026-05-22 00:33:59,427 - INFO - Processed test_case_11.dot: Score=0.1839 (24 paths)
2026-05-22 00:34:02,410 - INFO - Processed test_case_12.dot: Score=0.1645 (34 paths)
2026-05-22 00:34:03,138 - INFO - Processed test_case_13.dot: Score=0.1918 (10 paths)
2026-05-22 00:34:04,551 - INFO - Processed test_case_14.dot: Score=0.1790 (18 paths)
2026-05-22 00:34:04,680 - INFO - Processed test_case_15.dot: Score=0.2980 (2 paths)
2026-05-22 00:34:08,095 - INFO - Processed test_case_16.dot: Score=0.1663 (40 paths)
2026-05-22 00:34:13,917 - INFO - Processed test_case_17.dot: Score=0.1025 (50 paths)
2026-05-22 00:34:14,670 - INFO - Processed test_case_18.dot: Score=0.2135 (13 paths)
2026-05-22 00:34:14,786 - INFO - Processed test_case_19.dot: Score=0.2928 (2 paths)
2026-05-22 00:34:14,802 - ERROR - Failed to parse or build PDG: invalid syntax (<unknown>, line 1)
2026-05-22 00:34:14,802 - WARNING - No functions found in ./output/temp1/deepseek-v3/maybe.py/combined/run2/test_pymonet_maybe_functions_refactored.py to generate PDGs for.
<unknown>:24: SyntaxWarning: invalid escape sequence '\['
<unknown>:25: SyntaxWarning: invalid escape sequence '\['
<unknown>:26: SyntaxWarning: invalid escape sequence '\('
<unknown>:27: SyntaxWarning: invalid escape sequence '\('
<unknown>:28: SyntaxWarning: invalid escape sequence '\e'
2026-05-22 00:34:25,525 - INFO - HTTP Request: POST https://api.deepseek.com/chat/completions "HTTP/1.1 200 OK"
2026-05-22 00:34:36,132 - INFO - HTTP Request: POST https://api.deepseek.com/chat/completions "HTTP/1.1 200 OK"
2026-05-22 00:34:40,411 - INFO - HTTP Request: POST https://api.deepseek.com/chat/completions "HTTP/1.1 200 OK"
2026-05-22 00:34:50,634 - INFO - HTTP Request: POST https://api.deepseek.com/chat/completions "HTTP/1.1 200 OK"
2026-05-22 00:34:55,001 - INFO - HTTP Request: POST https://api.deepseek.com/chat/completions "HTTP/1.1 200 OK"
2026-05-22 00:35:05,820 - INFO - HTTP Request: POST https://api.deepseek.com/chat/completions "HTTP/1.1 200 OK"
2026-05-22 00:35:12,527 - INFO - HTTP Request: POST https://api.deepseek.com/chat/completions "HTTP/1.1 200 OK"
2026-05-22 00:35:23,332 - INFO - HTTP Request: POST https://api.deepseek.com/chat/completions "HTTP/1.1 200 OK"
2026-05-22 00:35:27,668 - INFO - HTTP Request: POST https://api.deepseek.com/chat/completions "HTTP/1.1 200 OK"
2026-05-22 00:35:37,514 - INFO - HTTP Request: POST https://api.deepseek.com/chat/completions "HTTP/1.1 200 OK"
2026-05-22 00:35:41,942 - INFO - HTTP Request: POST https://api.deepseek.com/chat/completions "HTTP/1.1 200 OK"
2026-05-22 00:35:52,527 - INFO - HTTP Request: POST https://api.deepseek.com/chat/completions "HTTP/1.1 200 OK"
2026-05-22 00:35:57,725 - INFO - HTTP Request: POST https://api.deepseek.com/chat/completions "HTTP/1.1 200 OK"
2026-05-22 00:36:08,081 - INFO - HTTP Request: POST https://api.deepseek.com/chat/completions "HTTP/1.1 200 OK"
2026-05-22 00:36:13,575 - INFO - HTTP Request: POST https://api.deepseek.com/chat/completions "HTTP/1.1 200 OK"
2026-05-22 00:36:23,422 - INFO - HTTP Request: POST https://api.deepseek.com/chat/completions "HTTP/1.1 200 OK"
2026-05-22 00:36:31,473 - INFO - HTTP Request: POST https://api.deepseek.com/chat/completions "HTTP/1.1 200 OK"
2026-05-22 00:36:42,368 - INFO - HTTP Request: POST https://api.deepseek.com/chat/completions "HTTP/1.1 200 OK"
2026-05-22 00:36:47,810 - INFO - HTTP Request: POST https://api.deepseek.com/chat/completions "HTTP/1.1 200 OK"
2026-05-22 00:36:57,823 - INFO - HTTP Request: POST https://api.deepseek.com/chat/completions "HTTP/1.1 200 OK"
2026-05-22 00:37:03,751 - INFO - HTTP Request: POST https://api.deepseek.com/chat/completions "HTTP/1.1 200 OK"
2026-05-22 00:37:14,378 - INFO - HTTP Request: POST https://api.deepseek.com/chat/completions "HTTP/1.1 200 OK"
2026-05-22 00:37:19,744 - INFO - HTTP Request: POST https://api.deepseek.com/chat/completions "HTTP/1.1 200 OK"
2026-05-22 00:37:30,180 - INFO - HTTP Request: POST https://api.deepseek.com/chat/completions "HTTP/1.1 200 OK"
2026-05-22 00:37:36,826 - INFO - HTTP Request: POST https://api.deepseek.com/chat/completions "HTTP/1.1 200 OK"
2026-05-22 00:37:49,280 - INFO - HTTP Request: POST https://api.deepseek.com/chat/completions "HTTP/1.1 200 OK"
2026-05-22 00:37:55,349 - INFO - HTTP Request: POST https://api.deepseek.com/chat/completions "HTTP/1.1 200 OK"
2026-05-22 00:38:07,717 - INFO - HTTP Request: POST https://api.deepseek.com/chat/completions "HTTP/1.1 200 OK"
2026-05-22 00:38:14,416 - INFO - HTTP Request: POST https://api.deepseek.com/chat/completions "HTTP/1.1 200 OK"
2026-05-22 00:38:25,769 - INFO - HTTP Request: POST https://api.deepseek.com/chat/completions "HTTP/1.1 200 OK"
2026-05-22 00:38:31,356 - INFO - HTTP Request: POST https://api.deepseek.com/chat/completions "HTTP/1.1 200 OK"
2026-05-22 00:38:42,560 - INFO - HTTP Request: POST https://api.deepseek.com/chat/completions "HTTP/1.1 200 OK"
2026-05-22 00:38:47,025 - INFO - HTTP Request: POST https://api.deepseek.com/chat/completions "HTTP/1.1 200 OK"
2026-05-22 00:38:57,808 - INFO - HTTP Request: POST https://api.deepseek.com/chat/completions "HTTP/1.1 200 OK"
2026-05-22 00:39:04,424 - INFO - HTTP Request: POST https://api.deepseek.com/chat/completions "HTTP/1.1 200 OK"
2026-05-22 00:39:16,058 - INFO - HTTP Request: POST https://api.deepseek.com/chat/completions "HTTP/1.1 200 OK"
2026-05-22 00:39:23,676 - INFO - HTTP Request: POST https://api.deepseek.com/chat/completions "HTTP/1.1 200 OK"
2026-05-22 00:39:35,686 - INFO - HTTP Request: POST https://api.deepseek.com/chat/completions "HTTP/1.1 200 OK"
2026-05-22 00:39:41,824 - INFO - HTTP Request: POST https://api.deepseek.com/chat/completions "HTTP/1.1 200 OK"
2026-05-22 00:39:53,254 - INFO - HTTP Request: POST https://api.deepseek.com/chat/completions "HTTP/1.1 200 OK"
2026-05-22 00:39:57,503 - INFO - HTTP Request: POST https://api.deepseek.com/chat/completions "HTTP/1.1 200 OK"
2026-05-22 00:40:01,711 - INFO - HTTP Request: POST https://api.deepseek.com/chat/completions "HTTP/1.1 200 OK"
2026-05-22 00:40:22,422 - INFO - Loading model: microsoft/codebert-base-mlm
/data/users/eliassam/miniforge3/lib/python3.12/site-packages/transformers/tokenization_utils_base.py:1601: FutureWarning: `clean_up_tokenization_spaces` was not set. It will be set to `True` by default. This behavior will be depracted in transformers v4.45, and will be then set to `False` by default. For more details check this issue: https://github.com/huggingface/transformers/issues/31884
  warnings.warn(
Some weights of the model checkpoint at microsoft/codebert-base-mlm were not used when initializing RobertaForMaskedLM: ['roberta.pooler.dense.bias', 'roberta.pooler.dense.weight']
- This IS expected if you are initializing RobertaForMaskedLM from the checkpoint of a model trained on another task or with another architecture (e.g. initializing a BertForSequenceClassification model from a BertForPreTraining model).
- This IS NOT expected if you are initializing RobertaForMaskedLM from the checkpoint of a model that you expect to be exactly identical (initializing a BertForSequenceClassification model from a BertForSequenceClassification model).
2026-05-22 00:40:24,593 - INFO - Processed __main__.dot: Score=0.8692 (1 paths)
2026-05-22 00:40:24,679 - INFO - Processed test_case_0.dot: Score=0.3918 (1 paths)
2026-05-22 00:40:24,755 - INFO - Processed test_case_1.dot: Score=0.4033 (1 paths)
2026-05-22 00:40:33,108 - INFO - Processed test_case_2.dot: Score=0.1618 (50 paths)
2026-05-22 00:40:33,250 - INFO - Processed test_case_3.dot: Score=0.3069 (2 paths)
2026-05-22 00:40:33,608 - INFO - Processed test_case_4.dot: Score=0.2873 (5 paths)
2026-05-22 00:40:33,776 - INFO - Processed test_case_5.dot: Score=0.4323 (3 paths)
2026-05-22 00:40:33,981 - INFO - Processed test_case_6.dot: Score=0.2701 (3 paths)
2026-05-22 00:40:37,906 - INFO - Processed test_case_7.dot: Score=0.1339 (38 paths)
2026-05-22 00:40:38,076 - INFO - Processed test_case_8.dot: Score=0.4911 (3 paths)
2026-05-22 00:40:38,969 - INFO - Processed test_case_9.dot: Score=0.2056 (12 paths)
2026-05-22 00:40:39,454 - INFO - Processed test_case_10.dot: Score=0.2094 (6 paths)
2026-05-22 00:40:41,474 - INFO - Processed test_case_11.dot: Score=0.1839 (24 paths)
2026-05-22 00:40:44,468 - INFO - Processed test_case_12.dot: Score=0.1645 (34 paths)
2026-05-22 00:40:45,204 - INFO - Processed test_case_13.dot: Score=0.1918 (10 paths)
2026-05-22 00:40:46,608 - INFO - Processed test_case_14.dot: Score=0.1790 (18 paths)
2026-05-22 00:40:46,737 - INFO - Processed test_case_15.dot: Score=0.2980 (2 paths)
2026-05-22 00:40:50,288 - INFO - Processed test_case_16.dot: Score=0.1663 (40 paths)
2026-05-22 00:40:56,040 - INFO - Processed test_case_17.dot: Score=0.1025 (50 paths)
2026-05-22 00:40:56,799 - INFO - Processed test_case_18.dot: Score=0.2135 (13 paths)
2026-05-22 00:40:56,915 - INFO - Processed test_case_19.dot: Score=0.2928 (2 paths)
2026-05-22 00:40:57,064 - INFO - Processed __main__.dot: Score=0.7725 (1 paths)
2026-05-22 00:40:57,137 - INFO - Processed test_maybe_instantiation_with_identical_byte_strings.dot: Score=0.2455 (1 paths)
2026-05-22 00:40:57,200 - INFO - Processed test_maybe_initialized_with_none_values.dot: Score=0.3553 (1 paths)
2026-05-22 00:41:03,403 - INFO - Processed test_maybe_class_methods_operations.dot: Score=0.1625 (50 paths)
2026-05-22 00:41:03,540 - INFO - Processed test_maybe_equality_with_set_returns_false.dot: Score=0.2369 (2 paths)
2026-05-22 00:41:04,160 - INFO - Processed test_maybe_bind_and_map_chain_with_empty_set.dot: Score=0.2095 (10 paths)
2026-05-22 00:41:04,324 - INFO - Processed test_maybe_with_none_value_and_false_flag_map_does_not_raise.dot: Score=0.2735 (3 paths)
2026-05-22 00:41:04,520 - INFO - Processed test_maybe_bind_with_empty_dict_on_false_maybe.dot: Score=0.2504 (3 paths)
2026-05-22 00:41:07,957 - INFO - Processed test_maybe_operations_combinatorial.dot: Score=0.1189 (38 paths)
2026-05-22 00:41:08,129 - INFO - Processed test_maybe_ap_returns_unchanged_self_with_any_value.dot: Score=0.3022 (3 paths)
2026-05-22 00:41:09,024 - INFO - Processed test_maybe_monad_chaining_with_filter_and_conversion.dot: Score=0.2222 (12 paths)
2026-05-22 00:41:09,456 - INFO - Processed test_maybe_filter_with_lazy_return_value.dot: Score=0.2918 (6 paths)
2026-05-22 00:41:11,519 - INFO - Processed test_maybe_filter_with_non_callable_predicate_raises_error.dot: Score=0.2019 (24 paths)
2026-05-22 00:41:14,749 - INFO - Processed test_maybe_various_operations_and_type_handling.dot: Score=0.2298 (34 paths)
2026-05-22 00:41:15,509 - INFO - Processed test_maybe_with_none_maps_with_set_and_maybe_with_int_converts_to_either.dot: Score=0.1645 (10 paths)
2026-05-22 00:41:16,929 - INFO - Processed test_maybe_conversion_methods_chain_correctly.dot: Score=0.2418 (18 paths)
2026-05-22 00:41:17,058 - INFO - Processed test_maybe_to_try_to_box_conversion_chain.dot: Score=0.3060 (2 paths)
2026-05-22 00:41:20,332 - INFO - Processed test_maybe_monad_long_chain_with_conversions.dot: Score=0.1742 (40 paths)
2026-05-22 00:41:27,506 - INFO - Processed test_maybe_monad_operations_with_none_and_bytes.dot: Score=0.1164 (50 paths)
2026-05-22 00:41:27,565 - INFO - Processed test_maybe_equality_and_conversion_chain_with_mapping.dot: Score=0.5268 (1 paths)
<unknown>:24: SyntaxWarning: invalid escape sequence '\['
<unknown>:25: SyntaxWarning: invalid escape sequence '\['
<unknown>:26: SyntaxWarning: invalid escape sequence '\('
<unknown>:27: SyntaxWarning: invalid escape sequence '\('
<unknown>:28: SyntaxWarning: invalid escape sequence '\e'
2026-05-22 00:41:38,561 - INFO - HTTP Request: POST https://api.deepseek.com/chat/completions "HTTP/1.1 200 OK"
2026-05-22 00:41:49,816 - INFO - HTTP Request: POST https://api.deepseek.com/chat/completions "HTTP/1.1 200 OK"
2026-05-22 00:41:55,339 - INFO - HTTP Request: POST https://api.deepseek.com/chat/completions "HTTP/1.1 200 OK"
2026-05-22 00:42:07,073 - INFO - HTTP Request: POST https://api.deepseek.com/chat/completions "HTTP/1.1 200 OK"
2026-05-22 00:42:12,084 - INFO - HTTP Request: POST https://api.deepseek.com/chat/completions "HTTP/1.1 200 OK"
2026-05-22 00:42:23,187 - INFO - HTTP Request: POST https://api.deepseek.com/chat/completions "HTTP/1.1 200 OK"
2026-05-22 00:42:27,917 - INFO - HTTP Request: POST https://api.deepseek.com/chat/completions "HTTP/1.1 200 OK"
2026-05-22 00:42:38,390 - INFO - HTTP Request: POST https://api.deepseek.com/chat/completions "HTTP/1.1 200 OK"
2026-05-22 00:42:44,330 - INFO - HTTP Request: POST https://api.deepseek.com/chat/completions "HTTP/1.1 200 OK"
2026-05-22 00:42:55,439 - INFO - HTTP Request: POST https://api.deepseek.com/chat/completions "HTTP/1.1 200 OK"
2026-05-22 00:43:01,064 - INFO - HTTP Request: POST https://api.deepseek.com/chat/completions "HTTP/1.1 200 OK"
2026-05-22 00:43:12,107 - INFO - HTTP Request: POST https://api.deepseek.com/chat/completions "HTTP/1.1 200 OK"
2026-05-22 00:43:17,272 - INFO - HTTP Request: POST https://api.deepseek.com/chat/completions "HTTP/1.1 200 OK"
2026-05-22 00:43:28,136 - INFO - HTTP Request: POST https://api.deepseek.com/chat/completions "HTTP/1.1 200 OK"
2026-05-22 00:43:31,896 - INFO - HTTP Request: POST https://api.deepseek.com/chat/completions "HTTP/1.1 200 OK"
2026-05-22 00:43:42,593 - INFO - HTTP Request: POST https://api.deepseek.com/chat/completions "HTTP/1.1 200 OK"
2026-05-22 00:43:46,571 - INFO - HTTP Request: POST https://api.deepseek.com/chat/completions "HTTP/1.1 200 OK"
2026-05-22 00:43:57,128 - INFO - HTTP Request: POST https://api.deepseek.com/chat/completions "HTTP/1.1 200 OK"
2026-05-22 00:44:03,836 - INFO - HTTP Request: POST https://api.deepseek.com/chat/completions "HTTP/1.1 200 OK"
2026-05-22 00:44:14,551 - INFO - HTTP Request: POST https://api.deepseek.com/chat/completions "HTTP/1.1 200 OK"
2026-05-22 00:44:20,393 - INFO - HTTP Request: POST https://api.deepseek.com/chat/completions "HTTP/1.1 200 OK"
2026-05-22 00:44:31,479 - INFO - HTTP Request: POST https://api.deepseek.com/chat/completions "HTTP/1.1 200 OK"
2026-05-22 00:44:37,269 - INFO - HTTP Request: POST https://api.deepseek.com/chat/completions "HTTP/1.1 200 OK"
2026-05-22 00:44:48,425 - INFO - HTTP Request: POST https://api.deepseek.com/chat/completions "HTTP/1.1 200 OK"
2026-05-22 00:44:53,342 - INFO - HTTP Request: POST https://api.deepseek.com/chat/completions "HTTP/1.1 200 OK"
2026-05-22 00:45:04,301 - INFO - HTTP Request: POST https://api.deepseek.com/chat/completions "HTTP/1.1 200 OK"
2026-05-22 00:45:09,024 - INFO - HTTP Request: POST https://api.deepseek.com/chat/completions "HTTP/1.1 200 OK"
2026-05-22 00:45:19,549 - INFO - HTTP Request: POST https://api.deepseek.com/chat/completions "HTTP/1.1 200 OK"
2026-05-22 00:45:24,634 - INFO - HTTP Request: POST https://api.deepseek.com/chat/completions "HTTP/1.1 200 OK"
2026-05-22 00:45:35,473 - INFO - HTTP Request: POST https://api.deepseek.com/chat/completions "HTTP/1.1 200 OK"
2026-05-22 00:45:41,300 - INFO - HTTP Request: POST https://api.deepseek.com/chat/completions "HTTP/1.1 200 OK"
2026-05-22 00:45:52,595 - INFO - HTTP Request: POST https://api.deepseek.com/chat/completions "HTTP/1.1 200 OK"
2026-05-22 00:45:57,192 - INFO - HTTP Request: POST https://api.deepseek.com/chat/completions "HTTP/1.1 200 OK"
2026-05-22 00:46:08,183 - INFO - HTTP Request: POST https://api.deepseek.com/chat/completions "HTTP/1.1 200 OK"
2026-05-22 00:46:14,743 - INFO - HTTP Request: POST https://api.deepseek.com/chat/completions "HTTP/1.1 200 OK"
2026-05-22 00:46:26,848 - INFO - HTTP Request: POST https://api.deepseek.com/chat/completions "HTTP/1.1 200 OK"
2026-05-22 00:46:32,809 - INFO - HTTP Request: POST https://api.deepseek.com/chat/completions "HTTP/1.1 200 OK"
2026-05-22 00:46:43,866 - INFO - HTTP Request: POST https://api.deepseek.com/chat/completions "HTTP/1.1 200 OK"
2026-05-22 00:46:49,991 - INFO - HTTP Request: POST https://api.deepseek.com/chat/completions "HTTP/1.1 200 OK"
2026-05-22 00:46:54,002 - INFO - HTTP Request: POST https://api.deepseek.com/chat/completions "HTTP/1.1 200 OK"
2026-05-22 00:47:10,095 - INFO - Loading model: microsoft/codebert-base-mlm
/data/users/eliassam/miniforge3/lib/python3.12/site-packages/transformers/tokenization_utils_base.py:1601: FutureWarning: `clean_up_tokenization_spaces` was not set. It will be set to `True` by default. This behavior will be depracted in transformers v4.45, and will be then set to `False` by default. For more details check this issue: https://github.com/huggingface/transformers/issues/31884
  warnings.warn(
Some weights of the model checkpoint at microsoft/codebert-base-mlm were not used when initializing RobertaForMaskedLM: ['roberta.pooler.dense.bias', 'roberta.pooler.dense.weight']
- This IS expected if you are initializing RobertaForMaskedLM from the checkpoint of a model trained on another task or with another architecture (e.g. initializing a BertForSequenceClassification model from a BertForPreTraining model).
- This IS NOT expected if you are initializing RobertaForMaskedLM from the checkpoint of a model that you expect to be exactly identical (initializing a BertForSequenceClassification model from a BertForSequenceClassification model).
2026-05-22 00:47:12,684 - INFO - Processed __main__.dot: Score=0.6366 (1 paths)
2026-05-22 00:47:12,950 - INFO - Processed test_case_0.dot: Score=0.1988 (3 paths)
2026-05-22 00:47:13,174 - INFO - Processed test_case_1.dot: Score=0.2951 (3 paths)
2026-05-22 00:47:13,258 - INFO - Processed test_case_2.dot: Score=0.3315 (1 paths)
2026-05-22 00:47:13,407 - INFO - Processed test_case_3.dot: Score=0.3254 (2 paths)
2026-05-22 00:47:13,672 - INFO - Processed test_case_4.dot: Score=0.2015 (3 paths)
2026-05-22 00:47:13,755 - INFO - Processed test_case_5.dot: Score=0.3145 (1 paths)
2026-05-22 00:47:13,827 - INFO - Processed test_case_6.dot: Score=0.4208 (1 paths)
2026-05-22 00:47:13,909 - INFO - Processed test_case_7.dot: Score=0.4330 (1 paths)
2026-05-22 00:47:13,989 - INFO - Processed test_case_8.dot: Score=0.3603 (1 paths)
2026-05-22 00:47:14,363 - INFO - Processed test_case_9.dot: Score=0.3010 (5 paths)
2026-05-22 00:47:14,527 - INFO - Processed test_case_10.dot: Score=0.2613 (2 paths)
2026-05-22 00:47:14,727 - INFO - Processed test_case_11.dot: Score=0.3964 (3 paths)
2026-05-22 00:47:14,809 - INFO - Processed test_case_12.dot: Score=0.3346 (1 paths)
2026-05-22 00:47:14,962 - INFO - Processed test_case_13.dot: Score=0.3121 (2 paths)
2026-05-22 00:47:15,243 - INFO - Processed test_case_14.dot: Score=0.2706 (4 paths)
2026-05-22 00:47:15,386 - INFO - Processed test_case_15.dot: Score=0.3106 (2 paths)
2026-05-22 00:47:24,600 - INFO - Processed test_case_16.dot: Score=0.1145 (50 paths)
2026-05-22 00:47:25,355 - INFO - Processed test_case_17.dot: Score=0.2567 (8 paths)
2026-05-22 00:47:26,055 - INFO - Processed test_case_18.dot: Score=0.2356 (8 paths)
2026-05-22 00:47:26,195 - INFO - Processed __main__.dot: Score=0.5938 (1 paths)
2026-05-22 00:47:26,465 - INFO - Processed test_validation_basic_operations.dot: Score=0.2087 (3 paths)
2026-05-22 00:47:26,711 - INFO - Processed test_validation_equality_with_none_returns_success_result.dot: Score=0.3005 (3 paths)
2026-05-22 00:47:26,800 - INFO - Processed test_validation_string_representation_exposes_is_fail_method.dot: Score=0.3378 (1 paths)
2026-05-22 00:47:26,960 - INFO - Processed test_validation_to_either_and_to_maybe_idempotent.dot: Score=0.3368 (2 paths)
2026-05-22 00:47:27,244 - INFO - Processed test_validation_converts_to_either_checks_equality_and_failure.dot: Score=0.1924 (3 paths)
2026-05-22 00:47:27,333 - INFO - Processed test_validation_to_maybe_idempotent.dot: Score=0.2549 (1 paths)
2026-05-22 00:47:27,411 - INFO - Processed test_validation_instantiation_with_none_parameters.dot: Score=0.3155 (1 paths)
2026-05-22 00:47:27,489 - INFO - Processed test_validation_with_none_values_to_maybe_no_raise.dot: Score=0.4612 (1 paths)
2026-05-22 00:47:27,571 - INFO - Processed test_validation_is_fail_method_executes_without_error.dot: Score=0.3544 (1 paths)
2026-05-22 00:47:27,951 - INFO - Processed test_validation_map_handles_none_argument.dot: Score=0.4738 (5 paths)
2026-05-22 00:47:28,115 - INFO - Processed test_validation_accepts_none_binding.dot: Score=0.3476 (2 paths)
2026-05-22 00:47:28,337 - INFO - Processed test_validation_ap_method_accepts_boolean_list.dot: Score=0.2490 (3 paths)
2026-05-22 00:47:28,423 - INFO - Processed test_validation_to_box_returns_success.dot: Score=0.2984 (1 paths)
2026-05-22 00:47:28,584 - INFO - Processed test_validation_to_lazy_with_none_bind.dot: Score=0.2776 (2 paths)
2026-05-22 00:47:28,881 - INFO - Processed test_lazy_validation_try_success_check.dot: Score=0.2584 (4 paths)
2026-05-22 00:47:29,032 - INFO - Processed test_validation_to_try_returns_success_for_valid_integer_input.dot: Score=0.2875 (2 paths)
2026-05-22 00:47:40,287 - INFO - Processed test_validation_methods_chaining_and_conversions.dot: Score=0.1407 (50 paths)
2026-05-22 00:47:41,091 - INFO - Processed test_validation_equality_and_bind_with_byte_data.dot: Score=0.1650 (8 paths)
2026-05-22 00:47:42,070 - INFO - Processed test_validation_equality_result_to_box.dot: Score=0.1600 (8 paths)
<unknown>:24: SyntaxWarning: invalid escape sequence '\['
<unknown>:25: SyntaxWarning: invalid escape sequence '\['
<unknown>:26: SyntaxWarning: invalid escape sequence '\('
<unknown>:27: SyntaxWarning: invalid escape sequence '\('
<unknown>:28: SyntaxWarning: invalid escape sequence '\e'
2026-05-22 00:47:53,011 - INFO - HTTP Request: POST https://api.deepseek.com/chat/completions "HTTP/1.1 200 OK"
2026-05-22 00:48:04,889 - INFO - HTTP Request: POST https://api.deepseek.com/chat/completions "HTTP/1.1 200 OK"
2026-05-22 00:48:09,187 - INFO - HTTP Request: POST https://api.deepseek.com/chat/completions "HTTP/1.1 200 OK"
2026-05-22 00:48:20,177 - INFO - HTTP Request: POST https://api.deepseek.com/chat/completions "HTTP/1.1 200 OK"
2026-05-22 00:48:24,899 - INFO - HTTP Request: POST https://api.deepseek.com/chat/completions "HTTP/1.1 200 OK"
2026-05-22 00:48:35,574 - INFO - HTTP Request: POST https://api.deepseek.com/chat/completions "HTTP/1.1 200 OK"
2026-05-22 00:48:39,817 - INFO - HTTP Request: POST https://api.deepseek.com/chat/completions "HTTP/1.1 200 OK"
2026-05-22 00:48:50,924 - INFO - HTTP Request: POST https://api.deepseek.com/chat/completions "HTTP/1.1 200 OK"
2026-05-22 00:48:55,416 - INFO - HTTP Request: POST https://api.deepseek.com/chat/completions "HTTP/1.1 200 OK"
2026-05-22 00:49:06,312 - INFO - HTTP Request: POST https://api.deepseek.com/chat/completions "HTTP/1.1 200 OK"
2026-05-22 00:49:12,541 - INFO - HTTP Request: POST https://api.deepseek.com/chat/completions "HTTP/1.1 200 OK"
2026-05-22 00:49:23,398 - INFO - HTTP Request: POST https://api.deepseek.com/chat/completions "HTTP/1.1 200 OK"
2026-05-22 00:49:27,843 - INFO - HTTP Request: POST https://api.deepseek.com/chat/completions "HTTP/1.1 200 OK"
2026-05-22 00:49:38,676 - INFO - HTTP Request: POST https://api.deepseek.com/chat/completions "HTTP/1.1 200 OK"
2026-05-22 00:49:42,547 - INFO - HTTP Request: POST https://api.deepseek.com/chat/completions "HTTP/1.1 200 OK"
2026-05-22 00:49:53,029 - INFO - HTTP Request: POST https://api.deepseek.com/chat/completions "HTTP/1.1 200 OK"
2026-05-22 00:49:57,152 - INFO - HTTP Request: POST https://api.deepseek.com/chat/completions "HTTP/1.1 200 OK"
2026-05-22 00:50:07,837 - INFO - HTTP Request: POST https://api.deepseek.com/chat/completions "HTTP/1.1 200 OK"
2026-05-22 00:50:12,184 - INFO - HTTP Request: POST https://api.deepseek.com/chat/completions "HTTP/1.1 200 OK"
2026-05-22 00:50:22,795 - INFO - HTTP Request: POST https://api.deepseek.com/chat/completions "HTTP/1.1 200 OK"
2026-05-22 00:50:27,760 - INFO - HTTP Request: POST https://api.deepseek.com/chat/completions "HTTP/1.1 200 OK"
2026-05-22 00:50:38,435 - INFO - HTTP Request: POST https://api.deepseek.com/chat/completions "HTTP/1.1 200 OK"
2026-05-22 00:50:42,664 - INFO - HTTP Request: POST https://api.deepseek.com/chat/completions "HTTP/1.1 200 OK"
2026-05-22 00:50:53,400 - INFO - HTTP Request: POST https://api.deepseek.com/chat/completions "HTTP/1.1 200 OK"
2026-05-22 00:50:58,244 - INFO - HTTP Request: POST https://api.deepseek.com/chat/completions "HTTP/1.1 200 OK"
2026-05-22 00:51:09,172 - INFO - HTTP Request: POST https://api.deepseek.com/chat/completions "HTTP/1.1 200 OK"
2026-05-22 00:51:13,809 - INFO - HTTP Request: POST https://api.deepseek.com/chat/completions "HTTP/1.1 200 OK"
2026-05-22 00:51:24,285 - INFO - HTTP Request: POST https://api.deepseek.com/chat/completions "HTTP/1.1 200 OK"
2026-05-22 00:51:28,264 - INFO - HTTP Request: POST https://api.deepseek.com/chat/completions "HTTP/1.1 200 OK"
2026-05-22 00:51:39,087 - INFO - HTTP Request: POST https://api.deepseek.com/chat/completions "HTTP/1.1 200 OK"
2026-05-22 00:51:44,773 - INFO - HTTP Request: POST https://api.deepseek.com/chat/completions "HTTP/1.1 200 OK"
2026-05-22 00:51:55,361 - INFO - HTTP Request: POST https://api.deepseek.com/chat/completions "HTTP/1.1 200 OK"
2026-05-22 00:52:00,108 - INFO - HTTP Request: POST https://api.deepseek.com/chat/completions "HTTP/1.1 200 OK"
2026-05-22 00:52:11,209 - INFO - HTTP Request: POST https://api.deepseek.com/chat/completions "HTTP/1.1 200 OK"
2026-05-22 00:52:17,402 - INFO - HTTP Request: POST https://api.deepseek.com/chat/completions "HTTP/1.1 200 OK"
2026-05-22 00:52:29,399 - INFO - HTTP Request: POST https://api.deepseek.com/chat/completions "HTTP/1.1 200 OK"
2026-05-22 00:52:34,087 - INFO - HTTP Request: POST https://api.deepseek.com/chat/completions "HTTP/1.1 200 OK"
2026-05-22 00:52:45,204 - INFO - HTTP Request: POST https://api.deepseek.com/chat/completions "HTTP/1.1 200 OK"
2026-05-22 00:52:50,583 - INFO - HTTP Request: POST https://api.deepseek.com/chat/completions "HTTP/1.1 200 OK"
2026-05-22 00:52:55,035 - INFO - HTTP Request: POST https://api.deepseek.com/chat/completions "HTTP/1.1 200 OK"
2026-05-22 00:53:12,628 - INFO - Loading model: microsoft/codebert-base-mlm
/data/users/eliassam/miniforge3/lib/python3.12/site-packages/transformers/tokenization_utils_base.py:1601: FutureWarning: `clean_up_tokenization_spaces` was not set. It will be set to `True` by default. This behavior will be depracted in transformers v4.45, and will be then set to `False` by default. For more details check this issue: https://github.com/huggingface/transformers/issues/31884
  warnings.warn(
Some weights of the model checkpoint at microsoft/codebert-base-mlm were not used when initializing RobertaForMaskedLM: ['roberta.pooler.dense.bias', 'roberta.pooler.dense.weight']
- This IS expected if you are initializing RobertaForMaskedLM from the checkpoint of a model trained on another task or with another architecture (e.g. initializing a BertForSequenceClassification model from a BertForPreTraining model).
- This IS NOT expected if you are initializing RobertaForMaskedLM from the checkpoint of a model that you expect to be exactly identical (initializing a BertForSequenceClassification model from a BertForSequenceClassification model).
2026-05-22 00:53:14,855 - INFO - Processed __main__.dot: Score=0.6366 (1 paths)
2026-05-22 00:53:15,143 - INFO - Processed test_case_0.dot: Score=0.1988 (3 paths)
2026-05-22 00:53:15,352 - INFO - Processed test_case_1.dot: Score=0.2951 (3 paths)
2026-05-22 00:53:15,426 - INFO - Processed test_case_2.dot: Score=0.3315 (1 paths)
2026-05-22 00:53:15,563 - INFO - Processed test_case_3.dot: Score=0.3254 (2 paths)
2026-05-22 00:53:15,811 - INFO - Processed test_case_4.dot: Score=0.2015 (3 paths)
2026-05-22 00:53:15,886 - INFO - Processed test_case_5.dot: Score=0.3145 (1 paths)
2026-05-22 00:53:15,946 - INFO - Processed test_case_6.dot: Score=0.4208 (1 paths)
2026-05-22 00:53:16,016 - INFO - Processed test_case_7.dot: Score=0.4330 (1 paths)
2026-05-22 00:53:16,082 - INFO - Processed test_case_8.dot: Score=0.3603 (1 paths)
2026-05-22 00:53:16,435 - INFO - Processed test_case_9.dot: Score=0.3010 (5 paths)
2026-05-22 00:53:16,590 - INFO - Processed test_case_10.dot: Score=0.2613 (2 paths)
2026-05-22 00:53:16,778 - INFO - Processed test_case_11.dot: Score=0.3964 (3 paths)
2026-05-22 00:53:16,853 - INFO - Processed test_case_12.dot: Score=0.3346 (1 paths)
2026-05-22 00:53:16,995 - INFO - Processed test_case_13.dot: Score=0.3121 (2 paths)
2026-05-22 00:53:17,260 - INFO - Processed test_case_14.dot: Score=0.2706 (4 paths)
2026-05-22 00:53:17,394 - INFO - Processed test_case_15.dot: Score=0.3106 (2 paths)
2026-05-22 00:53:28,117 - INFO - Processed test_case_16.dot: Score=0.1145 (50 paths)
2026-05-22 00:53:29,361 - INFO - Processed test_case_17.dot: Score=0.2567 (8 paths)
2026-05-22 00:53:30,378 - INFO - Processed test_case_18.dot: Score=0.2356 (8 paths)
2026-05-22 00:53:30,539 - INFO - Processed __main__.dot: Score=0.5535 (1 paths)
2026-05-22 00:53:30,827 - INFO - Processed test_validation_error_with_string_equality_and_status.dot: Score=0.2196 (3 paths)
2026-05-22 00:53:31,071 - INFO - Processed test_validation_equality_with_none_returns_success_result.dot: Score=0.3061 (3 paths)
2026-05-22 00:53:31,170 - INFO - Processed test_validation_str_returns_string_with_is_fail_method.dot: Score=0.2791 (1 paths)
2026-05-22 00:53:31,348 - INFO - Processed test_validation_to_either_and_to_maybe_chaining_with_empty_sets.dot: Score=0.2547 (2 paths)
2026-05-22 00:53:31,624 - INFO - Processed test_validation_fail_path_conversion_and_self_equality.dot: Score=0.2458 (3 paths)
2026-05-22 00:53:31,723 - INFO - Processed test_to_maybe_returns_maybe_validation_for_empty_sets.dot: Score=0.3049 (1 paths)
2026-05-22 00:53:31,805 - INFO - Processed test_validation_with_none_arguments.dot: Score=0.4842 (1 paths)
2026-05-22 00:53:31,891 - INFO - Processed test_validation_to_maybe_with_none_values.dot: Score=0.3824 (1 paths)
2026-05-22 00:53:31,982 - INFO - Processed test_validation_is_fail_with_identical_arguments_succeeds.dot: Score=0.2830 (1 paths)
2026-05-22 00:53:32,405 - INFO - Processed test_validation_map_handles_none_argument.dot: Score=0.2875 (5 paths)
2026-05-22 00:53:32,583 - INFO - Processed test_validation_bind_with_none_type.dot: Score=0.2760 (2 paths)
2026-05-22 00:53:32,809 - INFO - Processed test_validation_ap_with_multiple_booleans.dot: Score=0.3168 (3 paths)
2026-05-22 00:53:32,904 - INFO - Processed test_validation_true_values_convert_to_success_box.dot: Score=0.3985 (1 paths)
2026-05-22 00:53:33,084 - INFO - Processed test_to_lazy_bind_to_lazy_chain_preserves_state.dot: Score=0.4021 (2 paths)
2026-05-22 00:53:33,422 - INFO - Processed test_validation_to_lazy_ap_produces_success.dot: Score=0.2343 (4 paths)
2026-05-22 00:53:33,596 - INFO - Processed test_validation_to_try_returns_callable_is_success.dot: Score=0.3274 (2 paths)
2026-05-22 00:53:46,295 - INFO - Processed test_validation_object_operations_with_bytes_and_none.dot: Score=0.0926 (50 paths)
2026-05-22 00:53:47,122 - INFO - Processed test_validation_equality_and_bind_with_bytes_and_none.dot: Score=0.2126 (8 paths)
2026-05-22 00:53:48,496 - INFO - Processed test_validation_equality_and_to_box_with_mixed_types.dot: Score=0.1882 (8 paths)
<unknown>:24: SyntaxWarning: invalid escape sequence '\['
<unknown>:25: SyntaxWarning: invalid escape sequence '\['
<unknown>:26: SyntaxWarning: invalid escape sequence '\('
<unknown>:27: SyntaxWarning: invalid escape sequence '\('
<unknown>:28: SyntaxWarning: invalid escape sequence '\e'
2026-05-22 00:54:00,369 - INFO - HTTP Request: POST https://api.deepseek.com/chat/completions "HTTP/1.1 200 OK"
2026-05-22 00:54:12,028 - INFO - HTTP Request: POST https://api.deepseek.com/chat/completions "HTTP/1.1 200 OK"
2026-05-22 00:54:18,415 - INFO - HTTP Request: POST https://api.deepseek.com/chat/completions "HTTP/1.1 200 OK"
2026-05-22 00:54:29,510 - INFO - HTTP Request: POST https://api.deepseek.com/chat/completions "HTTP/1.1 200 OK"
2026-05-22 00:54:36,815 - INFO - HTTP Request: POST https://api.deepseek.com/chat/completions "HTTP/1.1 200 OK"
2026-05-22 00:54:47,740 - INFO - HTTP Request: POST https://api.deepseek.com/chat/completions "HTTP/1.1 200 OK"
2026-05-22 00:54:52,639 - INFO - HTTP Request: POST https://api.deepseek.com/chat/completions "HTTP/1.1 200 OK"
2026-05-22 00:55:03,752 - INFO - HTTP Request: POST https://api.deepseek.com/chat/completions "HTTP/1.1 200 OK"
2026-05-22 00:55:09,077 - INFO - HTTP Request: POST https://api.deepseek.com/chat/completions "HTTP/1.1 200 OK"
2026-05-22 00:55:19,943 - INFO - HTTP Request: POST https://api.deepseek.com/chat/completions "HTTP/1.1 200 OK"
2026-05-22 00:55:28,077 - INFO - HTTP Request: POST https://api.deepseek.com/chat/completions "HTTP/1.1 200 OK"
2026-05-22 00:55:39,096 - INFO - HTTP Request: POST https://api.deepseek.com/chat/completions "HTTP/1.1 200 OK"
2026-05-22 00:55:45,444 - INFO - HTTP Request: POST https://api.deepseek.com/chat/completions "HTTP/1.1 200 OK"
2026-05-22 00:55:56,577 - INFO - HTTP Request: POST https://api.deepseek.com/chat/completions "HTTP/1.1 200 OK"
2026-05-22 00:56:01,754 - INFO - HTTP Request: POST https://api.deepseek.com/chat/completions "HTTP/1.1 200 OK"
2026-05-22 00:56:12,864 - INFO - HTTP Request: POST https://api.deepseek.com/chat/completions "HTTP/1.1 200 OK"
2026-05-22 00:56:17,015 - INFO - HTTP Request: POST https://api.deepseek.com/chat/completions "HTTP/1.1 200 OK"
2026-05-22 00:56:27,733 - INFO - HTTP Request: POST https://api.deepseek.com/chat/completions "HTTP/1.1 200 OK"
2026-05-22 00:56:38,063 - INFO - HTTP Request: POST https://api.deepseek.com/chat/completions "HTTP/1.1 200 OK"
2026-05-22 00:56:49,006 - INFO - HTTP Request: POST https://api.deepseek.com/chat/completions "HTTP/1.1 200 OK"
2026-05-22 00:56:54,838 - INFO - HTTP Request: POST https://api.deepseek.com/chat/completions "HTTP/1.1 200 OK"
2026-05-22 00:57:05,948 - INFO - HTTP Request: POST https://api.deepseek.com/chat/completions "HTTP/1.1 200 OK"
2026-05-22 00:57:10,860 - INFO - HTTP Request: POST https://api.deepseek.com/chat/completions "HTTP/1.1 200 OK"
2026-05-22 00:57:21,976 - INFO - HTTP Request: POST https://api.deepseek.com/chat/completions "HTTP/1.1 200 OK"
2026-05-22 00:57:26,784 - INFO - HTTP Request: POST https://api.deepseek.com/chat/completions "HTTP/1.1 200 OK"
2026-05-22 00:57:37,945 - INFO - HTTP Request: POST https://api.deepseek.com/chat/completions "HTTP/1.1 200 OK"
2026-05-22 00:57:42,686 - INFO - HTTP Request: POST https://api.deepseek.com/chat/completions "HTTP/1.1 200 OK"
2026-05-22 00:57:53,574 - INFO - HTTP Request: POST https://api.deepseek.com/chat/completions "HTTP/1.1 200 OK"
2026-05-22 00:57:58,525 - INFO - HTTP Request: POST https://api.deepseek.com/chat/completions "HTTP/1.1 200 OK"
2026-05-22 00:58:09,326 - INFO - HTTP Request: POST https://api.deepseek.com/chat/completions "HTTP/1.1 200 OK"
2026-05-22 00:58:13,772 - INFO - HTTP Request: POST https://api.deepseek.com/chat/completions "HTTP/1.1 200 OK"
2026-05-22 00:58:24,604 - INFO - HTTP Request: POST https://api.deepseek.com/chat/completions "HTTP/1.1 200 OK"
2026-05-22 00:58:29,006 - INFO - HTTP Request: POST https://api.deepseek.com/chat/completions "HTTP/1.1 200 OK"
2026-05-22 00:58:39,900 - INFO - HTTP Request: POST https://api.deepseek.com/chat/completions "HTTP/1.1 200 OK"
2026-05-22 00:58:47,337 - INFO - HTTP Request: POST https://api.deepseek.com/chat/completions "HTTP/1.1 200 OK"
2026-05-22 00:58:59,529 - INFO - HTTP Request: POST https://api.deepseek.com/chat/completions "HTTP/1.1 200 OK"
2026-05-22 00:59:06,286 - INFO - HTTP Request: POST https://api.deepseek.com/chat/completions "HTTP/1.1 200 OK"
2026-05-22 00:59:17,465 - INFO - HTTP Request: POST https://api.deepseek.com/chat/completions "HTTP/1.1 200 OK"
2026-05-22 00:59:22,185 - INFO - HTTP Request: POST https://api.deepseek.com/chat/completions "HTTP/1.1 200 OK"
2026-05-22 00:59:26,679 - INFO - HTTP Request: POST https://api.deepseek.com/chat/completions "HTTP/1.1 200 OK"
2026-05-22 00:59:44,556 - INFO - Loading model: microsoft/codebert-base-mlm
/data/users/eliassam/miniforge3/lib/python3.12/site-packages/transformers/tokenization_utils_base.py:1601: FutureWarning: `clean_up_tokenization_spaces` was not set. It will be set to `True` by default. This behavior will be depracted in transformers v4.45, and will be then set to `False` by default. For more details check this issue: https://github.com/huggingface/transformers/issues/31884
  warnings.warn(
Some weights of the model checkpoint at microsoft/codebert-base-mlm were not used when initializing RobertaForMaskedLM: ['roberta.pooler.dense.bias', 'roberta.pooler.dense.weight']
- This IS expected if you are initializing RobertaForMaskedLM from the checkpoint of a model trained on another task or with another architecture (e.g. initializing a BertForSequenceClassification model from a BertForPreTraining model).
- This IS NOT expected if you are initializing RobertaForMaskedLM from the checkpoint of a model that you expect to be exactly identical (initializing a BertForSequenceClassification model from a BertForSequenceClassification model).
2026-05-22 00:59:46,797 - INFO - Processed __main__.dot: Score=0.6366 (1 paths)
2026-05-22 00:59:47,059 - INFO - Processed test_case_0.dot: Score=0.1988 (3 paths)
2026-05-22 00:59:47,279 - INFO - Processed test_case_1.dot: Score=0.2951 (3 paths)
2026-05-22 00:59:47,362 - INFO - Processed test_case_2.dot: Score=0.3315 (1 paths)
2026-05-22 00:59:47,508 - INFO - Processed test_case_3.dot: Score=0.3254 (2 paths)
2026-05-22 00:59:47,768 - INFO - Processed test_case_4.dot: Score=0.2015 (3 paths)
2026-05-22 00:59:47,851 - INFO - Processed test_case_5.dot: Score=0.3145 (1 paths)
2026-05-22 00:59:47,923 - INFO - Processed test_case_6.dot: Score=0.4208 (1 paths)
2026-05-22 00:59:48,004 - INFO - Processed test_case_7.dot: Score=0.4330 (1 paths)
2026-05-22 00:59:48,085 - INFO - Processed test_case_8.dot: Score=0.3603 (1 paths)
2026-05-22 00:59:48,457 - INFO - Processed test_case_9.dot: Score=0.3010 (5 paths)
2026-05-22 00:59:48,619 - INFO - Processed test_case_10.dot: Score=0.2613 (2 paths)
2026-05-22 00:59:48,818 - INFO - Processed test_case_11.dot: Score=0.3964 (3 paths)
2026-05-22 00:59:48,900 - INFO - Processed test_case_12.dot: Score=0.3346 (1 paths)
2026-05-22 00:59:49,052 - INFO - Processed test_case_13.dot: Score=0.3121 (2 paths)
2026-05-22 00:59:49,329 - INFO - Processed test_case_14.dot: Score=0.2706 (4 paths)
2026-05-22 00:59:49,469 - INFO - Processed test_case_15.dot: Score=0.3106 (2 paths)
2026-05-22 01:00:00,662 - INFO - Processed test_case_16.dot: Score=0.1145 (50 paths)
2026-05-22 01:00:01,936 - INFO - Processed test_case_17.dot: Score=0.2567 (8 paths)
2026-05-22 01:00:02,643 - INFO - Processed test_case_18.dot: Score=0.2356 (8 paths)
2026-05-22 01:00:02,784 - INFO - Processed __main__.dot: Score=0.6082 (1 paths)
2026-05-22 01:00:03,058 - INFO - Processed test_validation_success_and_failure_status.dot: Score=0.3409 (3 paths)
2026-05-22 01:00:03,233 - INFO - Processed test_validation_equality_with_none_returns_success_result.dot: Score=0.2585 (2 paths)
2026-05-22 01:00:03,322 - INFO - Processed test_validation_str_returns_object_with_is_fail_method.dot: Score=0.2689 (1 paths)
2026-05-22 01:00:03,416 - INFO - Processed test_validation_to_either_to_maybe_chaining.dot: Score=0.2874 (1 paths)
2026-05-22 01:00:03,688 - INFO - Processed test_validation_object_creation_and_type_conversions.dot: Score=0.2751 (3 paths)
2026-05-22 01:00:03,775 - INFO - Processed test_validation_to_maybe_returns_chained_maybe_object.dot: Score=0.2722 (1 paths)
2026-05-22 01:00:03,847 - INFO - Processed test_validation_init_with_none_arguments.dot: Score=0.6072 (1 paths)
2026-05-22 01:00:03,926 - INFO - Processed test_validation_none_values_conversion_to_maybe.dot: Score=0.3768 (1 paths)
2026-05-22 01:00:04,008 - INFO - Processed test_validation_is_fail_on_identical_objects_completes_successfully.dot: Score=0.3396 (1 paths)
2026-05-22 01:00:04,393 - INFO - Processed test_validation_map_handles_none_input.dot: Score=0.3350 (5 paths)
2026-05-22 01:00:04,737 - INFO - Processed test_validation_binds_none_correctly.dot: Score=0.3470 (4 paths)
2026-05-22 01:00:04,970 - INFO - Processed test_validation_with_boolean_list_and_ap_method.dot: Score=0.2614 (3 paths)
2026-05-22 01:00:05,065 - INFO - Processed test_validation_to_box_is_success_works.dot: Score=0.4484 (1 paths)
2026-05-22 01:00:05,243 - INFO - Processed test_validation_to_lazy_with_none_bind_then_to_lazy_again.dot: Score=0.2644 (2 paths)
2026-05-22 01:00:06,108 - INFO - Processed test_lazy_validation_ap_creates_successful_try.dot: Score=0.2333 (4 paths)
2026-05-22 01:00:06,271 - INFO - Processed test_validation_to_try_returns_object_with_is_success.dot: Score=0.2723 (2 paths)
2026-05-22 01:00:20,185 - INFO - Processed test_validation_monad_operations_with_equality_box_either_try_lazy_conversions.dot: Score=0.1280 (50 paths)
2026-05-22 01:00:20,983 - INFO - Processed test_validation_equality_and_monad_operations.dot: Score=0.2106 (8 paths)
2026-05-22 01:00:22,232 - INFO - Processed test_validation_equality_and_to_box_method.dot: Score=0.1447 (8 paths)
<unknown>:24: SyntaxWarning: invalid escape sequence '\['
<unknown>:25: SyntaxWarning: invalid escape sequence '\['
<unknown>:26: SyntaxWarning: invalid escape sequence '\('
<unknown>:27: SyntaxWarning: invalid escape sequence '\('
<unknown>:28: SyntaxWarning: invalid escape sequence '\e'
2026-05-22 01:00:33,447 - INFO - HTTP Request: POST https://api.deepseek.com/chat/completions "HTTP/1.1 200 OK"
2026-05-22 01:00:44,946 - INFO - HTTP Request: POST https://api.deepseek.com/chat/completions "HTTP/1.1 200 OK"
2026-05-22 01:00:49,971 - INFO - HTTP Request: POST https://api.deepseek.com/chat/completions "HTTP/1.1 200 OK"
2026-05-22 01:01:00,644 - INFO - HTTP Request: POST https://api.deepseek.com/chat/completions "HTTP/1.1 200 OK"
2026-05-22 01:01:05,269 - INFO - HTTP Request: POST https://api.deepseek.com/chat/completions "HTTP/1.1 200 OK"
2026-05-22 01:01:07,753 - INFO - HTTP Request: POST https://api.deepseek.com/chat/completions "HTTP/1.1 200 OK"
2026-05-22 01:01:11,120 - INFO - Loading model: microsoft/codebert-base-mlm
/data/users/eliassam/miniforge3/lib/python3.12/site-packages/transformers/tokenization_utils_base.py:1601: FutureWarning: `clean_up_tokenization_spaces` was not set. It will be set to `True` by default. This behavior will be depracted in transformers v4.45, and will be then set to `False` by default. For more details check this issue: https://github.com/huggingface/transformers/issues/31884
  warnings.warn(
Some weights of the model checkpoint at microsoft/codebert-base-mlm were not used when initializing RobertaForMaskedLM: ['roberta.pooler.dense.bias', 'roberta.pooler.dense.weight']
- This IS expected if you are initializing RobertaForMaskedLM from the checkpoint of a model trained on another task or with another architecture (e.g. initializing a BertForSequenceClassification model from a BertForPreTraining model).
- This IS NOT expected if you are initializing RobertaForMaskedLM from the checkpoint of a model that you expect to be exactly identical (initializing a BertForSequenceClassification model from a BertForSequenceClassification model).
2026-05-22 01:01:12,844 - INFO - Processed __main__.dot: Score=0.8122 (1 paths)
2026-05-22 01:01:12,901 - INFO - Processed test_case_0.dot: Score=0.9248 (1 paths)
2026-05-22 01:01:12,983 - INFO - Processed test_case_1.dot: Score=0.5091 (1 paths)
2026-05-22 01:01:13,071 - INFO - Processed __main__.dot: Score=0.6912 (1 paths)
2026-05-22 01:01:13,145 - INFO - Processed test_read_journal_entries_executes_successfully.dot: Score=0.5448 (1 paths)
2026-05-22 01:01:13,240 - INFO - Processed test_journal_entry_with_none_values_returns_none_on_validation.dot: Score=0.3722 (1 paths)
<unknown>:24: SyntaxWarning: invalid escape sequence '\['
<unknown>:25: SyntaxWarning: invalid escape sequence '\['
<unknown>:26: SyntaxWarning: invalid escape sequence '\('
<unknown>:27: SyntaxWarning: invalid escape sequence '\('
<unknown>:28: SyntaxWarning: invalid escape sequence '\e'
2026-05-22 01:01:22,906 - INFO - HTTP Request: POST https://api.deepseek.com/chat/completions "HTTP/1.1 200 OK"
2026-05-22 01:01:33,995 - INFO - HTTP Request: POST https://api.deepseek.com/chat/completions "HTTP/1.1 200 OK"
2026-05-22 01:01:38,513 - INFO - HTTP Request: POST https://api.deepseek.com/chat/completions "HTTP/1.1 200 OK"
2026-05-22 01:01:48,846 - INFO - HTTP Request: POST https://api.deepseek.com/chat/completions "HTTP/1.1 200 OK"
2026-05-22 01:01:53,187 - INFO - HTTP Request: POST https://api.deepseek.com/chat/completions "HTTP/1.1 200 OK"
2026-05-22 01:01:56,115 - INFO - HTTP Request: POST https://api.deepseek.com/chat/completions "HTTP/1.1 200 OK"
2026-05-22 01:01:59,501 - INFO - Loading model: microsoft/codebert-base-mlm
/data/users/eliassam/miniforge3/lib/python3.12/site-packages/transformers/tokenization_utils_base.py:1601: FutureWarning: `clean_up_tokenization_spaces` was not set. It will be set to `True` by default. This behavior will be depracted in transformers v4.45, and will be then set to `False` by default. For more details check this issue: https://github.com/huggingface/transformers/issues/31884
  warnings.warn(
Some weights of the model checkpoint at microsoft/codebert-base-mlm were not used when initializing RobertaForMaskedLM: ['roberta.pooler.dense.bias', 'roberta.pooler.dense.weight']
- This IS expected if you are initializing RobertaForMaskedLM from the checkpoint of a model trained on another task or with another architecture (e.g. initializing a BertForSequenceClassification model from a BertForPreTraining model).
- This IS NOT expected if you are initializing RobertaForMaskedLM from the checkpoint of a model that you expect to be exactly identical (initializing a BertForSequenceClassification model from a BertForSequenceClassification model).
2026-05-22 01:02:02,054 - INFO - Processed __main__.dot: Score=0.8122 (1 paths)
2026-05-22 01:02:03,055 - INFO - Processed test_case_0.dot: Score=0.9248 (1 paths)
2026-05-22 01:02:03,660 - INFO - Processed test_case_1.dot: Score=0.5091 (1 paths)
2026-05-22 01:02:03,736 - INFO - Processed __main__.dot: Score=0.6912 (1 paths)
2026-05-22 01:02:03,810 - INFO - Processed test_read_journal_entries_executes_without_error.dot: Score=0.5489 (1 paths)
2026-05-22 01:02:04,430 - INFO - Processed test_journal_entry_with_all_none_values_validates_successfully.dot: Score=0.3944 (1 paths)
<unknown>:24: SyntaxWarning: invalid escape sequence '\['
<unknown>:25: SyntaxWarning: invalid escape sequence '\['
<unknown>:26: SyntaxWarning: invalid escape sequence '\('
<unknown>:27: SyntaxWarning: invalid escape sequence '\('
<unknown>:28: SyntaxWarning: invalid escape sequence '\e'
2026-05-22 01:02:14,302 - INFO - HTTP Request: POST https://api.deepseek.com/chat/completions "HTTP/1.1 200 OK"
2026-05-22 01:02:25,748 - INFO - HTTP Request: POST https://api.deepseek.com/chat/completions "HTTP/1.1 200 OK"
2026-05-22 01:02:33,446 - INFO - HTTP Request: POST https://api.deepseek.com/chat/completions "HTTP/1.1 200 OK"
2026-05-22 01:02:44,138 - INFO - HTTP Request: POST https://api.deepseek.com/chat/completions "HTTP/1.1 200 OK"
2026-05-22 01:02:48,722 - INFO - HTTP Request: POST https://api.deepseek.com/chat/completions "HTTP/1.1 200 OK"
2026-05-22 01:02:51,440 - INFO - HTTP Request: POST https://api.deepseek.com/chat/completions "HTTP/1.1 200 OK"
2026-05-22 01:02:55,533 - INFO - Loading model: microsoft/codebert-base-mlm
/data/users/eliassam/miniforge3/lib/python3.12/site-packages/transformers/tokenization_utils_base.py:1601: FutureWarning: `clean_up_tokenization_spaces` was not set. It will be set to `True` by default. This behavior will be depracted in transformers v4.45, and will be then set to `False` by default. For more details check this issue: https://github.com/huggingface/transformers/issues/31884
  warnings.warn(
Some weights of the model checkpoint at microsoft/codebert-base-mlm were not used when initializing RobertaForMaskedLM: ['roberta.pooler.dense.bias', 'roberta.pooler.dense.weight']
- This IS expected if you are initializing RobertaForMaskedLM from the checkpoint of a model trained on another task or with another architecture (e.g. initializing a BertForSequenceClassification model from a BertForPreTraining model).
- This IS NOT expected if you are initializing RobertaForMaskedLM from the checkpoint of a model that you expect to be exactly identical (initializing a BertForSequenceClassification model from a BertForSequenceClassification model).
2026-05-22 01:02:57,805 - INFO - Processed __main__.dot: Score=0.8122 (1 paths)
2026-05-22 01:02:58,800 - INFO - Processed test_case_0.dot: Score=0.9248 (1 paths)
2026-05-22 01:02:59,230 - INFO - Processed test_case_1.dot: Score=0.5091 (1 paths)
2026-05-22 01:02:59,313 - INFO - Processed __main__.dot: Score=0.6912 (1 paths)
2026-05-22 01:02:59,388 - INFO - Processed test_read_journal_entries_handles_empty_state.dot: Score=0.5279 (1 paths)
2026-05-22 01:02:59,485 - INFO - Processed test_create_journal_entry_with_all_none_values_and_validate_returns_none.dot: Score=0.4044 (1 paths)
<unknown>:24: SyntaxWarning: invalid escape sequence '\['
<unknown>:25: SyntaxWarning: invalid escape sequence '\['
<unknown>:26: SyntaxWarning: invalid escape sequence '\('
<unknown>:27: SyntaxWarning: invalid escape sequence '\('
<unknown>:28: SyntaxWarning: invalid escape sequence '\e'
2026-05-22 01:03:09,236 - INFO - HTTP Request: POST https://api.deepseek.com/chat/completions "HTTP/1.1 200 OK"
2026-05-22 01:03:20,565 - INFO - HTTP Request: POST https://api.deepseek.com/chat/completions "HTTP/1.1 200 OK"
2026-05-22 01:03:24,864 - INFO - HTTP Request: POST https://api.deepseek.com/chat/completions "HTTP/1.1 200 OK"
2026-05-22 01:03:35,691 - INFO - HTTP Request: POST https://api.deepseek.com/chat/completions "HTTP/1.1 200 OK"
2026-05-22 01:03:42,625 - INFO - HTTP Request: POST https://api.deepseek.com/chat/completions "HTTP/1.1 200 OK"
2026-05-22 01:03:55,400 - INFO - HTTP Request: POST https://api.deepseek.com/chat/completions "HTTP/1.1 200 OK"
2026-05-22 01:04:01,104 - INFO - HTTP Request: POST https://api.deepseek.com/chat/completions "HTTP/1.1 200 OK"
2026-05-22 01:04:12,489 - INFO - HTTP Request: POST https://api.deepseek.com/chat/completions "HTTP/1.1 200 OK"
2026-05-22 01:04:17,899 - INFO - HTTP Request: POST https://api.deepseek.com/chat/completions "HTTP/1.1 200 OK"
2026-05-22 01:04:28,941 - INFO - HTTP Request: POST https://api.deepseek.com/chat/completions "HTTP/1.1 200 OK"
2026-05-22 01:04:32,433 - INFO - HTTP Request: POST https://api.deepseek.com/chat/completions "HTTP/1.1 200 OK"
2026-05-22 01:04:43,194 - INFO - HTTP Request: POST https://api.deepseek.com/chat/completions "HTTP/1.1 200 OK"
2026-05-22 01:04:49,887 - INFO - HTTP Request: POST https://api.deepseek.com/chat/completions "HTTP/1.1 200 OK"
2026-05-22 01:05:00,762 - INFO - HTTP Request: POST https://api.deepseek.com/chat/completions "HTTP/1.1 200 OK"
2026-05-22 01:05:05,641 - INFO - HTTP Request: POST https://api.deepseek.com/chat/completions "HTTP/1.1 200 OK"
2026-05-22 01:05:16,780 - INFO - HTTP Request: POST https://api.deepseek.com/chat/completions "HTTP/1.1 200 OK"
2026-05-22 01:05:22,115 - INFO - HTTP Request: POST https://api.deepseek.com/chat/completions "HTTP/1.1 200 OK"
2026-05-22 01:05:33,071 - INFO - HTTP Request: POST https://api.deepseek.com/chat/completions "HTTP/1.1 200 OK"
2026-05-22 01:05:39,067 - INFO - HTTP Request: POST https://api.deepseek.com/chat/completions "HTTP/1.1 200 OK"
2026-05-22 01:05:49,714 - INFO - HTTP Request: POST https://api.deepseek.com/chat/completions "HTTP/1.1 200 OK"
2026-05-22 01:05:54,578 - INFO - HTTP Request: POST https://api.deepseek.com/chat/completions "HTTP/1.1 200 OK"
2026-05-22 01:06:05,836 - INFO - HTTP Request: POST https://api.deepseek.com/chat/completions "HTTP/1.1 200 OK"
2026-05-22 01:06:11,019 - INFO - HTTP Request: POST https://api.deepseek.com/chat/completions "HTTP/1.1 200 OK"
2026-05-22 01:06:22,132 - INFO - HTTP Request: POST https://api.deepseek.com/chat/completions "HTTP/1.1 200 OK"
2026-05-22 01:06:29,671 - INFO - HTTP Request: POST https://api.deepseek.com/chat/completions "HTTP/1.1 200 OK"
2026-05-22 01:06:40,226 - INFO - HTTP Request: POST https://api.deepseek.com/chat/completions "HTTP/1.1 200 OK"
2026-05-22 01:06:45,444 - INFO - HTTP Request: POST https://api.deepseek.com/chat/completions "HTTP/1.1 200 OK"
2026-05-22 01:06:56,571 - INFO - HTTP Request: POST https://api.deepseek.com/chat/completions "HTTP/1.1 200 OK"
2026-05-22 01:07:02,740 - INFO - HTTP Request: POST https://api.deepseek.com/chat/completions "HTTP/1.1 200 OK"
2026-05-22 01:07:14,439 - INFO - HTTP Request: POST https://api.deepseek.com/chat/completions "HTTP/1.1 200 OK"
2026-05-22 01:07:18,752 - INFO - HTTP Request: POST https://api.deepseek.com/chat/completions "HTTP/1.1 200 OK"
2026-05-22 01:07:29,836 - INFO - HTTP Request: POST https://api.deepseek.com/chat/completions "HTTP/1.1 200 OK"
2026-05-22 01:07:35,658 - INFO - HTTP Request: POST https://api.deepseek.com/chat/completions "HTTP/1.1 200 OK"
2026-05-22 01:07:46,719 - INFO - HTTP Request: POST https://api.deepseek.com/chat/completions "HTTP/1.1 200 OK"
2026-05-22 01:07:51,973 - INFO - HTTP Request: POST https://api.deepseek.com/chat/completions "HTTP/1.1 200 OK"
2026-05-22 01:08:03,445 - INFO - HTTP Request: POST https://api.deepseek.com/chat/completions "HTTP/1.1 200 OK"
2026-05-22 01:08:10,100 - INFO - HTTP Request: POST https://api.deepseek.com/chat/completions "HTTP/1.1 200 OK"
2026-05-22 01:08:20,960 - INFO - HTTP Request: POST https://api.deepseek.com/chat/completions "HTTP/1.1 200 OK"
2026-05-22 01:08:26,470 - INFO - HTTP Request: POST https://api.deepseek.com/chat/completions "HTTP/1.1 200 OK"
2026-05-22 01:08:39,710 - INFO - HTTP Request: POST https://api.deepseek.com/chat/completions "HTTP/1.1 200 OK"
2026-05-22 01:08:45,725 - INFO - HTTP Request: POST https://api.deepseek.com/chat/completions "HTTP/1.1 200 OK"
2026-05-22 01:08:56,895 - INFO - HTTP Request: POST https://api.deepseek.com/chat/completions "HTTP/1.1 200 OK"
2026-05-22 01:09:02,258 - INFO - HTTP Request: POST https://api.deepseek.com/chat/completions "HTTP/1.1 200 OK"
2026-05-22 01:09:14,032 - INFO - HTTP Request: POST https://api.deepseek.com/chat/completions "HTTP/1.1 200 OK"
2026-05-22 01:09:19,828 - INFO - HTTP Request: POST https://api.deepseek.com/chat/completions "HTTP/1.1 200 OK"
2026-05-22 01:09:26,349 - INFO - HTTP Request: POST https://api.deepseek.com/chat/completions "HTTP/1.1 200 OK"
2026-05-22 01:09:47,857 - INFO - Loading model: microsoft/codebert-base-mlm
/data/users/eliassam/miniforge3/lib/python3.12/site-packages/transformers/tokenization_utils_base.py:1601: FutureWarning: `clean_up_tokenization_spaces` was not set. It will be set to `True` by default. This behavior will be depracted in transformers v4.45, and will be then set to `False` by default. For more details check this issue: https://github.com/huggingface/transformers/issues/31884
  warnings.warn(
Some weights of the model checkpoint at microsoft/codebert-base-mlm were not used when initializing RobertaForMaskedLM: ['roberta.pooler.dense.bias', 'roberta.pooler.dense.weight']
- This IS expected if you are initializing RobertaForMaskedLM from the checkpoint of a model trained on another task or with another architecture (e.g. initializing a BertForSequenceClassification model from a BertForPreTraining model).
- This IS NOT expected if you are initializing RobertaForMaskedLM from the checkpoint of a model that you expect to be exactly identical (initializing a BertForSequenceClassification model from a BertForSequenceClassification model).
2026-05-22 01:09:50,434 - INFO - Processed __main__.dot: Score=0.6150 (1 paths)
2026-05-22 01:09:51,335 - INFO - Processed test_case_0.dot: Score=0.3128 (1 paths)
2026-05-22 01:09:53,113 - INFO - Processed test_case_1.dot: Score=0.4646 (1 paths)
2026-05-22 01:09:54,532 - INFO - Processed test_case_2.dot: Score=0.4144 (3 paths)
2026-05-22 01:09:54,606 - INFO - Processed test_case_3.dot: Score=0.3976 (1 paths)
2026-05-22 01:09:54,653 - INFO - Processed test_case_4.dot: Score=0.6781 (1 paths)
2026-05-22 01:09:54,711 - INFO - Processed test_case_5.dot: Score=0.4099 (1 paths)
2026-05-22 01:09:54,758 - INFO - Processed test_case_6.dot: Score=0.6312 (1 paths)
2026-05-22 01:09:54,825 - INFO - Processed test_case_7.dot: Score=0.4711 (1 paths)
2026-05-22 01:09:54,882 - INFO - Processed test_case_8.dot: Score=0.5279 (1 paths)
2026-05-22 01:09:55,071 - INFO - Processed test_case_9.dot: Score=0.3671 (3 paths)
2026-05-22 01:09:55,211 - INFO - Processed test_case_10.dot: Score=0.3866 (2 paths)
2026-05-22 01:09:55,331 - INFO - Processed test_case_11.dot: Score=0.3483 (2 paths)
2026-05-22 01:09:55,390 - INFO - Processed test_case_12.dot: Score=0.3994 (1 paths)
2026-05-22 01:09:55,451 - INFO - Processed test_case_13.dot: Score=0.3853 (1 paths)
2026-05-22 01:09:55,577 - INFO - Processed test_case_14.dot: Score=0.3140 (2 paths)
2026-05-22 01:09:55,640 - INFO - Processed test_case_15.dot: Score=0.3285 (1 paths)
2026-05-22 01:09:55,703 - INFO - Processed test_case_16.dot: Score=0.4410 (1 paths)
2026-05-22 01:09:55,764 - INFO - Processed test_case_17.dot: Score=0.4847 (1 paths)
2026-05-22 01:09:55,944 - INFO - Processed test_case_18.dot: Score=0.4395 (3 paths)
2026-05-22 01:09:56,356 - INFO - Processed test_case_19.dot: Score=0.2762 (6 paths)
2026-05-22 01:09:56,420 - INFO - Processed test_case_20.dot: Score=0.4823 (1 paths)
2026-05-22 01:09:56,607 - INFO - Processed test_case_21.dot: Score=0.3992 (3 paths)
2026-05-22 01:09:56,622 - ERROR - Failed to parse or build PDG: invalid syntax (<unknown>, line 1)
2026-05-22 01:09:56,622 - WARNING - No functions found in ./output/temp1/deepseek-v3/lazy_import.py/combined/run1/test_pytutils_lazy_lazy_import_functions_refactored.py to generate PDGs for.
<unknown>:24: SyntaxWarning: invalid escape sequence '\['
<unknown>:25: SyntaxWarning: invalid escape sequence '\['
<unknown>:26: SyntaxWarning: invalid escape sequence '\('
<unknown>:27: SyntaxWarning: invalid escape sequence '\('
<unknown>:28: SyntaxWarning: invalid escape sequence '\e'
2026-05-22 01:10:07,004 - INFO - HTTP Request: POST https://api.deepseek.com/chat/completions "HTTP/1.1 200 OK"
2026-05-22 01:10:19,043 - INFO - HTTP Request: POST https://api.deepseek.com/chat/completions "HTTP/1.1 200 OK"
2026-05-22 01:10:25,058 - INFO - HTTP Request: POST https://api.deepseek.com/chat/completions "HTTP/1.1 200 OK"
2026-05-22 01:10:36,284 - INFO - HTTP Request: POST https://api.deepseek.com/chat/completions "HTTP/1.1 200 OK"
2026-05-22 01:10:38,823 - INFO - HTTP Request: POST https://api.deepseek.com/chat/completions "HTTP/1.1 200 OK"
2026-05-22 01:10:51,340 - INFO - HTTP Request: POST https://api.deepseek.com/chat/completions "HTTP/1.1 200 OK"
2026-05-22 01:10:58,212 - INFO - HTTP Request: POST https://api.deepseek.com/chat/completions "HTTP/1.1 200 OK"
2026-05-22 01:11:09,501 - INFO - HTTP Request: POST https://api.deepseek.com/chat/completions "HTTP/1.1 200 OK"
2026-05-22 01:11:13,546 - INFO - HTTP Request: POST https://api.deepseek.com/chat/completions "HTTP/1.1 200 OK"
2026-05-22 01:11:23,930 - INFO - HTTP Request: POST https://api.deepseek.com/chat/completions "HTTP/1.1 200 OK"
2026-05-22 01:11:27,015 - INFO - HTTP Request: POST https://api.deepseek.com/chat/completions "HTTP/1.1 200 OK"
2026-05-22 01:11:37,691 - INFO - HTTP Request: POST https://api.deepseek.com/chat/completions "HTTP/1.1 200 OK"
2026-05-22 01:11:42,199 - INFO - HTTP Request: POST https://api.deepseek.com/chat/completions "HTTP/1.1 200 OK"
2026-05-22 01:11:52,750 - INFO - HTTP Request: POST https://api.deepseek.com/chat/completions "HTTP/1.1 200 OK"
2026-05-22 01:11:58,690 - INFO - HTTP Request: POST https://api.deepseek.com/chat/completions "HTTP/1.1 200 OK"
2026-05-22 01:12:10,244 - INFO - HTTP Request: POST https://api.deepseek.com/chat/completions "HTTP/1.1 200 OK"
2026-05-22 01:12:14,210 - INFO - HTTP Request: POST https://api.deepseek.com/chat/completions "HTTP/1.1 200 OK"
2026-05-22 01:12:24,922 - INFO - HTTP Request: POST https://api.deepseek.com/chat/completions "HTTP/1.1 200 OK"
2026-05-22 01:12:33,133 - INFO - HTTP Request: POST https://api.deepseek.com/chat/completions "HTTP/1.1 200 OK"
2026-05-22 01:12:43,869 - INFO - HTTP Request: POST https://api.deepseek.com/chat/completions "HTTP/1.1 200 OK"
2026-05-22 01:12:49,357 - INFO - HTTP Request: POST https://api.deepseek.com/chat/completions "HTTP/1.1 200 OK"
2026-05-22 01:13:00,070 - INFO - HTTP Request: POST https://api.deepseek.com/chat/completions "HTTP/1.1 200 OK"
2026-05-22 01:13:04,152 - INFO - HTTP Request: POST https://api.deepseek.com/chat/completions "HTTP/1.1 200 OK"
2026-05-22 01:13:14,859 - INFO - HTTP Request: POST https://api.deepseek.com/chat/completions "HTTP/1.1 200 OK"
2026-05-22 01:13:22,498 - INFO - HTTP Request: POST https://api.deepseek.com/chat/completions "HTTP/1.1 200 OK"
2026-05-22 01:13:33,422 - INFO - HTTP Request: POST https://api.deepseek.com/chat/completions "HTTP/1.1 200 OK"
2026-05-22 01:13:41,262 - INFO - HTTP Request: POST https://api.deepseek.com/chat/completions "HTTP/1.1 200 OK"
2026-05-22 01:13:51,946 - INFO - HTTP Request: POST https://api.deepseek.com/chat/completions "HTTP/1.1 200 OK"
2026-05-22 01:13:58,479 - INFO - HTTP Request: POST https://api.deepseek.com/chat/completions "HTTP/1.1 200 OK"
2026-05-22 01:14:09,985 - INFO - HTTP Request: POST https://api.deepseek.com/chat/completions "HTTP/1.1 200 OK"
2026-05-22 01:14:15,472 - INFO - HTTP Request: POST https://api.deepseek.com/chat/completions "HTTP/1.1 200 OK"
2026-05-22 01:14:26,623 - INFO - HTTP Request: POST https://api.deepseek.com/chat/completions "HTTP/1.1 200 OK"
2026-05-22 01:14:31,383 - INFO - HTTP Request: POST https://api.deepseek.com/chat/completions "HTTP/1.1 200 OK"
2026-05-22 01:14:42,433 - INFO - HTTP Request: POST https://api.deepseek.com/chat/completions "HTTP/1.1 200 OK"
2026-05-22 01:14:48,340 - INFO - HTTP Request: POST https://api.deepseek.com/chat/completions "HTTP/1.1 200 OK"
2026-05-22 01:14:59,425 - INFO - HTTP Request: POST https://api.deepseek.com/chat/completions "HTTP/1.1 200 OK"
2026-05-22 01:15:03,916 - INFO - HTTP Request: POST https://api.deepseek.com/chat/completions "HTTP/1.1 200 OK"
2026-05-22 01:15:14,808 - INFO - HTTP Request: POST https://api.deepseek.com/chat/completions "HTTP/1.1 200 OK"
2026-05-22 01:15:18,832 - INFO - HTTP Request: POST https://api.deepseek.com/chat/completions "HTTP/1.1 200 OK"
2026-05-22 01:15:32,028 - INFO - HTTP Request: POST https://api.deepseek.com/chat/completions "HTTP/1.1 200 OK"
2026-05-22 01:15:37,556 - INFO - HTTP Request: POST https://api.deepseek.com/chat/completions "HTTP/1.1 200 OK"
2026-05-22 01:15:48,604 - INFO - HTTP Request: POST https://api.deepseek.com/chat/completions "HTTP/1.1 200 OK"
2026-05-22 01:15:55,815 - INFO - HTTP Request: POST https://api.deepseek.com/chat/completions "HTTP/1.1 200 OK"
2026-05-22 01:16:07,667 - INFO - HTTP Request: POST https://api.deepseek.com/chat/completions "HTTP/1.1 200 OK"
2026-05-22 01:16:12,752 - INFO - HTTP Request: POST https://api.deepseek.com/chat/completions "HTTP/1.1 200 OK"
2026-05-22 01:16:17,372 - INFO - HTTP Request: POST https://api.deepseek.com/chat/completions "HTTP/1.1 200 OK"
2026-05-22 01:16:34,950 - INFO - Loading model: microsoft/codebert-base-mlm
/data/users/eliassam/miniforge3/lib/python3.12/site-packages/transformers/tokenization_utils_base.py:1601: FutureWarning: `clean_up_tokenization_spaces` was not set. It will be set to `True` by default. This behavior will be depracted in transformers v4.45, and will be then set to `False` by default. For more details check this issue: https://github.com/huggingface/transformers/issues/31884
  warnings.warn(
Some weights of the model checkpoint at microsoft/codebert-base-mlm were not used when initializing RobertaForMaskedLM: ['roberta.pooler.dense.bias', 'roberta.pooler.dense.weight']
- This IS expected if you are initializing RobertaForMaskedLM from the checkpoint of a model trained on another task or with another architecture (e.g. initializing a BertForSequenceClassification model from a BertForPreTraining model).
- This IS NOT expected if you are initializing RobertaForMaskedLM from the checkpoint of a model that you expect to be exactly identical (initializing a BertForSequenceClassification model from a BertForSequenceClassification model).
2026-05-22 01:16:37,353 - INFO - Processed __main__.dot: Score=0.6150 (1 paths)
2026-05-22 01:16:38,026 - INFO - Processed test_case_0.dot: Score=0.3128 (1 paths)
2026-05-22 01:16:38,105 - INFO - Processed test_case_1.dot: Score=0.4646 (1 paths)
2026-05-22 01:16:38,309 - INFO - Processed test_case_2.dot: Score=0.4144 (3 paths)
2026-05-22 01:16:38,385 - INFO - Processed test_case_3.dot: Score=0.3976 (1 paths)
2026-05-22 01:16:38,444 - INFO - Processed test_case_4.dot: Score=0.6781 (1 paths)
2026-05-22 01:16:38,517 - INFO - Processed test_case_5.dot: Score=0.4099 (1 paths)
2026-05-22 01:16:38,574 - INFO - Processed test_case_6.dot: Score=0.6312 (1 paths)
2026-05-22 01:16:38,653 - INFO - Processed test_case_7.dot: Score=0.4711 (1 paths)
2026-05-22 01:16:38,723 - INFO - Processed test_case_8.dot: Score=0.5279 (1 paths)
2026-05-22 01:16:38,930 - INFO - Processed test_case_9.dot: Score=0.3671 (3 paths)
2026-05-22 01:16:39,084 - INFO - Processed test_case_10.dot: Score=0.3866 (2 paths)
2026-05-22 01:16:39,217 - INFO - Processed test_case_11.dot: Score=0.3483 (2 paths)
2026-05-22 01:16:39,289 - INFO - Processed test_case_12.dot: Score=0.3994 (1 paths)
2026-05-22 01:16:39,364 - INFO - Processed test_case_13.dot: Score=0.3853 (1 paths)
2026-05-22 01:16:39,503 - INFO - Processed test_case_14.dot: Score=0.3140 (2 paths)
2026-05-22 01:16:39,581 - INFO - Processed test_case_15.dot: Score=0.3285 (1 paths)
2026-05-22 01:16:39,659 - INFO - Processed test_case_16.dot: Score=0.4410 (1 paths)
2026-05-22 01:16:39,733 - INFO - Processed test_case_17.dot: Score=0.4847 (1 paths)
2026-05-22 01:16:39,931 - INFO - Processed test_case_18.dot: Score=0.4395 (3 paths)
2026-05-22 01:16:40,379 - INFO - Processed test_case_19.dot: Score=0.2762 (6 paths)
2026-05-22 01:16:40,456 - INFO - Processed test_case_20.dot: Score=0.4823 (1 paths)
2026-05-22 01:16:40,661 - INFO - Processed test_case_21.dot: Score=0.3992 (3 paths)
2026-05-22 01:16:40,807 - INFO - Processed __main__.dot: Score=0.4771 (1 paths)
2026-05-22 01:16:40,908 - INFO - Processed test_illegal_use_of_scope_replacer_repr_does_not_raise.dot: Score=0.2160 (1 paths)
2026-05-22 01:16:40,997 - INFO - Processed test_illegal_use_of_scope_replacer_unicode_method.dot: Score=0.5102 (1 paths)
2026-05-22 01:16:41,227 - INFO - Processed test_lazy_import_with_import_replacer_and_exceptions.dot: Score=0.3406 (3 paths)
2026-05-22 01:16:41,303 - INFO - Processed test_import_replacer_accepts_complex_numbers.dot: Score=0.4607 (1 paths)
2026-05-22 01:16:41,363 - INFO - Processed test_import_processor_instantiation_succeeds.dot: Score=0.3970 (1 paths)
2026-05-22 01:16:41,436 - INFO - Processed test_lazy_import_with_identical_string_arguments.dot: Score=0.3265 (1 paths)
2026-05-22 01:16:41,500 - INFO - Processed test_disallow_proxying_does_not_raise_exception.dot: Score=0.3910 (1 paths)
2026-05-22 01:16:41,584 - INFO - Processed test_illegal_use_of_scope_replacer_repr_executes_without_error.dot: Score=0.2555 (1 paths)
2026-05-22 01:16:41,720 - INFO - Processed test_lazy_import_with_special_characters_in_arguments.dot: Score=0.2951 (2 paths)
2026-05-22 01:16:41,869 - INFO - Processed test_illegal_use_of_scope_replacer_equality_and_unicode.dot: Score=0.4533 (2 paths)
2026-05-22 01:16:42,097 - INFO - Processed test_lazy_import_with_special_characters_in_module_name.dot: Score=0.3689 (3 paths)
2026-05-22 01:16:42,183 - INFO - Processed test_lazy_import_with_format_string_and_identical_arguments.dot: Score=0.2898 (1 paths)
2026-05-22 01:16:42,269 - INFO - Processed test_lazy_import_with_long_docstring_as_argument.dot: Score=0.2817 (1 paths)
2026-05-22 01:16:42,434 - INFO - Processed test_disallow_proxying_and_lazy_import_edge_cases.dot: Score=0.4681 (2 paths)
2026-05-22 01:16:42,523 - INFO - Processed test_lazy_import_with_identical_module_and_attr_names.dot: Score=0.2488 (1 paths)
2026-05-22 01:16:42,607 - INFO - Processed test_lazy_import_handles_special_characters_in_strings.dot: Score=0.3597 (1 paths)
2026-05-22 01:16:42,676 - INFO - Processed test_import_replacer_instantiation_with_separator_params.dot: Score=0.3668 (1 paths)
2026-05-22 01:16:42,894 - INFO - Processed test_lazy_import_with_invalid_string_attr_map.dot: Score=0.3507 (3 paths)
2026-05-22 01:16:43,365 - INFO - Processed test_lazy_import_with_scope_replacer_and_none_argument.dot: Score=0.3529 (6 paths)
2026-05-22 01:16:43,450 - INFO - Processed test_lazy_import_with_malformed_string.dot: Score=0.3474 (1 paths)
2026-05-22 01:16:43,681 - INFO - Processed test_import_replacer_setattr_accepts_dict_and_self.dot: Score=0.2574 (3 paths)
<unknown>:24: SyntaxWarning: invalid escape sequence '\['
<unknown>:25: SyntaxWarning: invalid escape sequence '\['
<unknown>:26: SyntaxWarning: invalid escape sequence '\('
<unknown>:27: SyntaxWarning: invalid escape sequence '\('
<unknown>:28: SyntaxWarning: invalid escape sequence '\e'
2026-05-22 01:16:54,702 - INFO - HTTP Request: POST https://api.deepseek.com/chat/completions "HTTP/1.1 200 OK"
2026-05-22 01:17:06,415 - INFO - HTTP Request: POST https://api.deepseek.com/chat/completions "HTTP/1.1 200 OK"
2026-05-22 01:17:10,720 - INFO - HTTP Request: POST https://api.deepseek.com/chat/completions "HTTP/1.1 200 OK"
2026-05-22 01:17:21,683 - INFO - HTTP Request: POST https://api.deepseek.com/chat/completions "HTTP/1.1 200 OK"
2026-05-22 01:17:26,774 - INFO - HTTP Request: POST https://api.deepseek.com/chat/completions "HTTP/1.1 200 OK"
2026-05-22 01:17:40,057 - INFO - HTTP Request: POST https://api.deepseek.com/chat/completions "HTTP/1.1 200 OK"
2026-05-22 01:17:46,106 - INFO - HTTP Request: POST https://api.deepseek.com/chat/completions "HTTP/1.1 200 OK"
2026-05-22 01:17:57,121 - INFO - HTTP Request: POST https://api.deepseek.com/chat/completions "HTTP/1.1 200 OK"
2026-05-22 01:18:02,789 - INFO - HTTP Request: POST https://api.deepseek.com/chat/completions "HTTP/1.1 200 OK"
2026-05-22 01:18:13,860 - INFO - HTTP Request: POST https://api.deepseek.com/chat/completions "HTTP/1.1 200 OK"
2026-05-22 01:18:17,411 - INFO - HTTP Request: POST https://api.deepseek.com/chat/completions "HTTP/1.1 200 OK"
2026-05-22 01:18:28,103 - INFO - HTTP Request: POST https://api.deepseek.com/chat/completions "HTTP/1.1 200 OK"
2026-05-22 01:18:34,208 - INFO - HTTP Request: POST https://api.deepseek.com/chat/completions "HTTP/1.1 200 OK"
2026-05-22 01:18:45,166 - INFO - HTTP Request: POST https://api.deepseek.com/chat/completions "HTTP/1.1 200 OK"
2026-05-22 01:18:49,761 - INFO - HTTP Request: POST https://api.deepseek.com/chat/completions "HTTP/1.1 200 OK"
2026-05-22 01:19:00,838 - INFO - HTTP Request: POST https://api.deepseek.com/chat/completions "HTTP/1.1 200 OK"
2026-05-22 01:19:05,733 - INFO - HTTP Request: POST https://api.deepseek.com/chat/completions "HTTP/1.1 200 OK"
2026-05-22 01:19:16,834 - INFO - HTTP Request: POST https://api.deepseek.com/chat/completions "HTTP/1.1 200 OK"
2026-05-22 01:19:23,247 - INFO - HTTP Request: POST https://api.deepseek.com/chat/completions "HTTP/1.1 200 OK"
2026-05-22 01:19:33,920 - INFO - HTTP Request: POST https://api.deepseek.com/chat/completions "HTTP/1.1 200 OK"
2026-05-22 01:19:39,707 - INFO - HTTP Request: POST https://api.deepseek.com/chat/completions "HTTP/1.1 200 OK"
2026-05-22 01:19:50,521 - INFO - HTTP Request: POST https://api.deepseek.com/chat/completions "HTTP/1.1 200 OK"
2026-05-22 01:19:55,359 - INFO - HTTP Request: POST https://api.deepseek.com/chat/completions "HTTP/1.1 200 OK"
2026-05-22 01:20:07,049 - INFO - HTTP Request: POST https://api.deepseek.com/chat/completions "HTTP/1.1 200 OK"
2026-05-22 01:20:13,141 - INFO - HTTP Request: POST https://api.deepseek.com/chat/completions "HTTP/1.1 200 OK"
2026-05-22 01:20:23,817 - INFO - HTTP Request: POST https://api.deepseek.com/chat/completions "HTTP/1.1 200 OK"
2026-05-22 01:20:30,334 - INFO - HTTP Request: POST https://api.deepseek.com/chat/completions "HTTP/1.1 200 OK"
2026-05-22 01:20:40,953 - INFO - HTTP Request: POST https://api.deepseek.com/chat/completions "HTTP/1.1 200 OK"
2026-05-22 01:20:45,831 - INFO - HTTP Request: POST https://api.deepseek.com/chat/completions "HTTP/1.1 200 OK"
2026-05-22 01:20:57,037 - INFO - HTTP Request: POST https://api.deepseek.com/chat/completions "HTTP/1.1 200 OK"
2026-05-22 01:21:02,694 - INFO - HTTP Request: POST https://api.deepseek.com/chat/completions "HTTP/1.1 200 OK"
2026-05-22 01:21:13,640 - INFO - HTTP Request: POST https://api.deepseek.com/chat/completions "HTTP/1.1 200 OK"
2026-05-22 01:21:18,085 - INFO - HTTP Request: POST https://api.deepseek.com/chat/completions "HTTP/1.1 200 OK"
2026-05-22 01:21:28,731 - INFO - HTTP Request: POST https://api.deepseek.com/chat/completions "HTTP/1.1 200 OK"
2026-05-22 01:21:34,770 - INFO - HTTP Request: POST https://api.deepseek.com/chat/completions "HTTP/1.1 200 OK"
2026-05-22 01:21:45,782 - INFO - HTTP Request: POST https://api.deepseek.com/chat/completions "HTTP/1.1 200 OK"
2026-05-22 01:21:50,908 - INFO - HTTP Request: POST https://api.deepseek.com/chat/completions "HTTP/1.1 200 OK"
2026-05-22 01:22:01,652 - INFO - HTTP Request: POST https://api.deepseek.com/chat/completions "HTTP/1.1 200 OK"
2026-05-22 01:22:06,696 - INFO - HTTP Request: POST https://api.deepseek.com/chat/completions "HTTP/1.1 200 OK"
2026-05-22 01:22:21,249 - INFO - HTTP Request: POST https://api.deepseek.com/chat/completions "HTTP/1.1 200 OK"
2026-05-22 01:22:28,030 - INFO - HTTP Request: POST https://api.deepseek.com/chat/completions "HTTP/1.1 200 OK"
2026-05-22 01:22:39,515 - INFO - HTTP Request: POST https://api.deepseek.com/chat/completions "HTTP/1.1 200 OK"
2026-05-22 01:22:45,876 - INFO - HTTP Request: POST https://api.deepseek.com/chat/completions "HTTP/1.1 200 OK"
2026-05-22 01:22:49,926 - INFO - HTTP Request: POST https://api.deepseek.com/chat/completions "HTTP/1.1 200 OK"
2026-05-22 01:23:10,990 - INFO - Loading model: microsoft/codebert-base-mlm
/data/users/eliassam/miniforge3/lib/python3.12/site-packages/transformers/tokenization_utils_base.py:1601: FutureWarning: `clean_up_tokenization_spaces` was not set. It will be set to `True` by default. This behavior will be depracted in transformers v4.45, and will be then set to `False` by default. For more details check this issue: https://github.com/huggingface/transformers/issues/31884
  warnings.warn(
Some weights of the model checkpoint at microsoft/codebert-base-mlm were not used when initializing RobertaForMaskedLM: ['roberta.pooler.dense.bias', 'roberta.pooler.dense.weight']
- This IS expected if you are initializing RobertaForMaskedLM from the checkpoint of a model trained on another task or with another architecture (e.g. initializing a BertForSequenceClassification model from a BertForPreTraining model).
- This IS NOT expected if you are initializing RobertaForMaskedLM from the checkpoint of a model that you expect to be exactly identical (initializing a BertForSequenceClassification model from a BertForSequenceClassification model).
2026-05-22 01:23:12,988 - INFO - Processed __main__.dot: Score=0.6150 (1 paths)
2026-05-22 01:23:13,355 - INFO - Processed test_case_0.dot: Score=0.3128 (1 paths)
2026-05-22 01:23:13,435 - INFO - Processed test_case_1.dot: Score=0.4646 (1 paths)
2026-05-22 01:23:13,640 - INFO - Processed test_case_2.dot: Score=0.4144 (3 paths)
2026-05-22 01:23:13,716 - INFO - Processed test_case_3.dot: Score=0.3976 (1 paths)
2026-05-22 01:23:13,772 - INFO - Processed test_case_4.dot: Score=0.6781 (1 paths)
2026-05-22 01:23:14,017 - INFO - Processed test_case_5.dot: Score=0.4099 (1 paths)
2026-05-22 01:23:14,074 - INFO - Processed test_case_6.dot: Score=0.6312 (1 paths)
2026-05-22 01:23:14,153 - INFO - Processed test_case_7.dot: Score=0.4711 (1 paths)
2026-05-22 01:23:14,222 - INFO - Processed test_case_8.dot: Score=0.5279 (1 paths)
2026-05-22 01:23:14,429 - INFO - Processed test_case_9.dot: Score=0.3671 (3 paths)
2026-05-22 01:23:14,581 - INFO - Processed test_case_10.dot: Score=0.3866 (2 paths)
2026-05-22 01:23:14,714 - INFO - Processed test_case_11.dot: Score=0.3483 (2 paths)
2026-05-22 01:23:14,787 - INFO - Processed test_case_12.dot: Score=0.3994 (1 paths)
2026-05-22 01:23:14,861 - INFO - Processed test_case_13.dot: Score=0.3853 (1 paths)
2026-05-22 01:23:15,000 - INFO - Processed test_case_14.dot: Score=0.3140 (2 paths)
2026-05-22 01:23:15,167 - INFO - Processed test_case_15.dot: Score=0.3285 (1 paths)
2026-05-22 01:23:15,482 - INFO - Processed test_case_16.dot: Score=0.4410 (1 paths)
2026-05-22 01:23:15,557 - INFO - Processed test_case_17.dot: Score=0.4847 (1 paths)
2026-05-22 01:23:15,758 - INFO - Processed test_case_18.dot: Score=0.4395 (3 paths)
2026-05-22 01:23:16,210 - INFO - Processed test_case_19.dot: Score=0.2762 (6 paths)
2026-05-22 01:23:16,287 - INFO - Processed test_case_20.dot: Score=0.4823 (1 paths)
2026-05-22 01:23:16,492 - INFO - Processed test_case_21.dot: Score=0.3992 (3 paths)
2026-05-22 01:23:16,640 - INFO - Processed __main__.dot: Score=0.4937 (1 paths)
2026-05-22 01:23:16,739 - INFO - Processed test_illegal_use_of_scope_replacer_repr_with_various_messages.dot: Score=0.2189 (1 paths)
2026-05-22 01:23:16,829 - INFO - Processed test_illegal_use_of_scope_replacer_converted_to_unicode.dot: Score=0.3006 (1 paths)
2026-05-22 01:23:17,070 - INFO - Processed test_lazy_import_with_import_replacer_generic_exception_and_empty_dict.dot: Score=0.2824 (3 paths)
2026-05-22 01:23:17,201 - INFO - Processed test_import_replacer_accepts_complex_numbers.dot: Score=0.5115 (1 paths)
2026-05-22 01:23:17,282 - INFO - Processed test_import_processor_default_instantiation.dot: Score=0.4499 (1 paths)
2026-05-22 01:23:17,371 - INFO - Processed test_lazy_import_handles_special_characters_in_module_name.dot: Score=0.3043 (1 paths)
2026-05-22 01:23:17,447 - INFO - Processed test_disallow_proxying_executes_without_error.dot: Score=0.3684 (1 paths)
2026-05-22 01:23:17,612 - INFO - Processed test_illegal_use_of_scope_replacer_repr_with_boolean_args.dot: Score=0.3147 (2 paths)
2026-05-22 01:23:17,692 - INFO - Processed test_lazy_import_accepts_string_arguments.dot: Score=0.3086 (1 paths)
2026-05-22 01:23:17,927 - INFO - Processed test_illegal_use_of_scope_replacer_equality_comparison_and_unicode_conversion.dot: Score=0.3471 (3 paths)
2026-05-22 01:23:18,093 - INFO - Processed test_illegal_use_of_scope_replacer_self_equality_and_unicode.dot: Score=0.3264 (2 paths)
2026-05-22 01:23:18,333 - INFO - Processed test_lazy_import_with_invalid_non_identifier_module_name.dot: Score=0.3288 (3 paths)
2026-05-22 01:23:18,416 - INFO - Processed test_lazy_import_with_three_identical_string_arguments.dot: Score=0.3670 (1 paths)
2026-05-22 01:23:18,499 - INFO - Processed test_lazy_import_with_docstring_as_module_name.dot: Score=0.3563 (1 paths)
2026-05-22 01:23:18,681 - INFO - Processed test_disallow_proxying_then_lazy_import_with_empty_string_and_none_should_not_raise.dot: Score=0.3833 (2 paths)
2026-05-22 01:23:18,774 - INFO - Processed test_lazy_import_with_python2_compat_docstring_as_module_and_attribute.dot: Score=0.2393 (1 paths)
2026-05-22 01:23:18,866 - INFO - Processed test_lazy_import_handles_special_and_control_characters.dot: Score=0.4508 (1 paths)
2026-05-22 01:23:18,949 - INFO - Processed test_import_replacer_initialized_with_multiple_hyphen_arguments.dot: Score=0.3839 (1 paths)
2026-05-22 01:23:19,183 - INFO - Processed test_lazy_import_with_import_replacer_instance_and_specific_config.dot: Score=0.3038 (3 paths)
2026-05-22 01:23:19,270 - INFO - Processed test_lazy_import_with_malformed_string_and_special_chars.dot: Score=0.3081 (1 paths)
2026-05-22 01:23:19,514 - INFO - Processed test_import_replacer_setattr_accepts_dict_key_and_self_value.dot: Score=0.2790 (3 paths)
<unknown>:24: SyntaxWarning: invalid escape sequence '\['
<unknown>:25: SyntaxWarning: invalid escape sequence '\['
<unknown>:26: SyntaxWarning: invalid escape sequence '\('
<unknown>:27: SyntaxWarning: invalid escape sequence '\('
<unknown>:28: SyntaxWarning: invalid escape sequence '\e'
2026-05-22 01:23:29,897 - INFO - HTTP Request: POST https://api.deepseek.com/chat/completions "HTTP/1.1 200 OK"
2026-05-22 01:23:41,607 - INFO - HTTP Request: POST https://api.deepseek.com/chat/completions "HTTP/1.1 200 OK"
2026-05-22 01:23:45,592 - INFO - HTTP Request: POST https://api.deepseek.com/chat/completions "HTTP/1.1 200 OK"
2026-05-22 01:23:47,152 - INFO - Loading model: microsoft/codebert-base-mlm
/data/users/eliassam/miniforge3/lib/python3.12/site-packages/transformers/tokenization_utils_base.py:1601: FutureWarning: `clean_up_tokenization_spaces` was not set. It will be set to `True` by default. This behavior will be depracted in transformers v4.45, and will be then set to `False` by default. For more details check this issue: https://github.com/huggingface/transformers/issues/31884
  warnings.warn(
Some weights of the model checkpoint at microsoft/codebert-base-mlm were not used when initializing RobertaForMaskedLM: ['roberta.pooler.dense.bias', 'roberta.pooler.dense.weight']
- This IS expected if you are initializing RobertaForMaskedLM from the checkpoint of a model trained on another task or with another architecture (e.g. initializing a BertForSequenceClassification model from a BertForPreTraining model).
- This IS NOT expected if you are initializing RobertaForMaskedLM from the checkpoint of a model that you expect to be exactly identical (initializing a BertForSequenceClassification model from a BertForSequenceClassification model).
2026-05-22 01:23:49,373 - INFO - Processed __main__.dot: Score=0.8854 (1 paths)
2026-05-22 01:23:49,906 - INFO - Processed test_case_0.dot: Score=0.7043 (1 paths)
2026-05-22 01:23:49,977 - INFO - Processed __main__.dot: Score=0.7337 (1 paths)
2026-05-22 01:23:50,052 - INFO - Processed test_pyinfo_initialization_succeeds.dot: Score=0.4320 (1 paths)
<unknown>:24: SyntaxWarning: invalid escape sequence '\['
<unknown>:25: SyntaxWarning: invalid escape sequence '\['
<unknown>:26: SyntaxWarning: invalid escape sequence '\('
<unknown>:27: SyntaxWarning: invalid escape sequence '\('
<unknown>:28: SyntaxWarning: invalid escape sequence '\e'
2026-05-22 01:24:00,577 - INFO - HTTP Request: POST https://api.deepseek.com/chat/completions "HTTP/1.1 200 OK"
2026-05-22 01:24:12,462 - INFO - HTTP Request: POST https://api.deepseek.com/chat/completions "HTTP/1.1 200 OK"
2026-05-22 01:24:16,526 - INFO - HTTP Request: POST https://api.deepseek.com/chat/completions "HTTP/1.1 200 OK"
2026-05-22 01:24:18,157 - INFO - Loading model: microsoft/codebert-base-mlm
/data/users/eliassam/miniforge3/lib/python3.12/site-packages/transformers/tokenization_utils_base.py:1601: FutureWarning: `clean_up_tokenization_spaces` was not set. It will be set to `True` by default. This behavior will be depracted in transformers v4.45, and will be then set to `False` by default. For more details check this issue: https://github.com/huggingface/transformers/issues/31884
  warnings.warn(
Some weights of the model checkpoint at microsoft/codebert-base-mlm were not used when initializing RobertaForMaskedLM: ['roberta.pooler.dense.bias', 'roberta.pooler.dense.weight']
- This IS expected if you are initializing RobertaForMaskedLM from the checkpoint of a model trained on another task or with another architecture (e.g. initializing a BertForSequenceClassification model from a BertForPreTraining model).
- This IS NOT expected if you are initializing RobertaForMaskedLM from the checkpoint of a model that you expect to be exactly identical (initializing a BertForSequenceClassification model from a BertForSequenceClassification model).
2026-05-22 01:24:20,444 - INFO - Processed __main__.dot: Score=0.8854 (1 paths)
2026-05-22 01:24:21,443 - INFO - Processed test_case_0.dot: Score=0.7043 (1 paths)
2026-05-22 01:24:21,588 - INFO - Processed __main__.dot: Score=0.7337 (1 paths)
2026-05-22 01:24:21,665 - INFO - Processed test_pyinfo_default_constructor_creates_instance.dot: Score=0.4242 (1 paths)
<unknown>:24: SyntaxWarning: invalid escape sequence '\['
<unknown>:25: SyntaxWarning: invalid escape sequence '\['
<unknown>:26: SyntaxWarning: invalid escape sequence '\('
<unknown>:27: SyntaxWarning: invalid escape sequence '\('
<unknown>:28: SyntaxWarning: invalid escape sequence '\e'
2026-05-22 01:24:32,777 - INFO - HTTP Request: POST https://api.deepseek.com/chat/completions "HTTP/1.1 200 OK"
2026-05-22 01:24:43,817 - INFO - HTTP Request: POST https://api.deepseek.com/chat/completions "HTTP/1.1 200 OK"
2026-05-22 01:24:48,382 - INFO - HTTP Request: POST https://api.deepseek.com/chat/completions "HTTP/1.1 200 OK"
2026-05-22 01:24:50,172 - INFO - HTTP Request: POST https://api.deepseek.com/chat/completions "HTTP/1.1 200 OK"
2026-05-22 01:24:52,765 - INFO - Loading model: microsoft/codebert-base-mlm
/data/users/eliassam/miniforge3/lib/python3.12/site-packages/transformers/tokenization_utils_base.py:1601: FutureWarning: `clean_up_tokenization_spaces` was not set. It will be set to `True` by default. This behavior will be depracted in transformers v4.45, and will be then set to `False` by default. For more details check this issue: https://github.com/huggingface/transformers/issues/31884
  warnings.warn(
Some weights of the model checkpoint at microsoft/codebert-base-mlm were not used when initializing RobertaForMaskedLM: ['roberta.pooler.dense.bias', 'roberta.pooler.dense.weight']
- This IS expected if you are initializing RobertaForMaskedLM from the checkpoint of a model trained on another task or with another architecture (e.g. initializing a BertForSequenceClassification model from a BertForPreTraining model).
- This IS NOT expected if you are initializing RobertaForMaskedLM from the checkpoint of a model that you expect to be exactly identical (initializing a BertForSequenceClassification model from a BertForSequenceClassification model).
2026-05-22 01:24:55,158 - INFO - Processed __main__.dot: Score=0.8854 (1 paths)
2026-05-22 01:24:56,022 - INFO - Processed test_case_0.dot: Score=0.7043 (1 paths)
2026-05-22 01:24:56,481 - INFO - Processed __main__.dot: Score=0.7504 (1 paths)
2026-05-22 01:24:56,583 - INFO - Processed test_pyinfo_constructor_creates_instance_successfully.dot: Score=0.4315 (1 paths)
