<unknown>:24: SyntaxWarning: invalid escape sequence '\['
<unknown>:25: SyntaxWarning: invalid escape sequence '\['
<unknown>:26: SyntaxWarning: invalid escape sequence '\('
<unknown>:27: SyntaxWarning: invalid escape sequence '\('
<unknown>:28: SyntaxWarning: invalid escape sequence '\e'
2026-05-20 14:20:16,704 - INFO - HTTP Request: POST https://anast.ita.chalmers.se:4100/v1/chat/completions "HTTP/1.1 200 OK"
2026-05-20 14:20:42,625 - INFO - HTTP Request: POST https://anast.ita.chalmers.se:4100/v1/chat/completions "HTTP/1.1 200 OK"
2026-05-20 14:20:45,219 - INFO - HTTP Request: POST https://anast.ita.chalmers.se:4100/v1/chat/completions "HTTP/1.1 200 OK"
2026-05-20 14:21:20,203 - INFO - HTTP Request: POST https://anast.ita.chalmers.se:4100/v1/chat/completions "HTTP/1.1 200 OK"
2026-05-20 14:21:23,893 - INFO - HTTP Request: POST https://anast.ita.chalmers.se:4100/v1/chat/completions "HTTP/1.1 200 OK"
2026-05-20 14:21:49,146 - INFO - HTTP Request: POST https://anast.ita.chalmers.se:4100/v1/chat/completions "HTTP/1.1 200 OK"
2026-05-20 14:21:51,203 - INFO - HTTP Request: POST https://anast.ita.chalmers.se:4100/v1/chat/completions "HTTP/1.1 200 OK"
2026-05-20 14:22:15,633 - INFO - HTTP Request: POST https://anast.ita.chalmers.se:4100/v1/chat/completions "HTTP/1.1 200 OK"
2026-05-20 14:22:17,904 - INFO - HTTP Request: POST https://anast.ita.chalmers.se:4100/v1/chat/completions "HTTP/1.1 200 OK"
2026-05-20 14:22:49,070 - INFO - HTTP Request: POST https://anast.ita.chalmers.se:4100/v1/chat/completions "HTTP/1.1 200 OK"
2026-05-20 14:22:55,848 - INFO - HTTP Request: POST https://anast.ita.chalmers.se:4100/v1/chat/completions "HTTP/1.1 200 OK"
2026-05-20 14:23:28,386 - INFO - HTTP Request: POST https://anast.ita.chalmers.se:4100/v1/chat/completions "HTTP/1.1 200 OK"
2026-05-20 14:23:32,824 - INFO - HTTP Request: POST https://anast.ita.chalmers.se:4100/v1/chat/completions "HTTP/1.1 200 OK"
2026-05-20 14:24:07,528 - INFO - HTTP Request: POST https://anast.ita.chalmers.se:4100/v1/chat/completions "HTTP/1.1 200 OK"
2026-05-20 14:24:12,641 - INFO - HTTP Request: POST https://anast.ita.chalmers.se:4100/v1/chat/completions "HTTP/1.1 200 OK"
2026-05-20 14:24:44,728 - INFO - HTTP Request: POST https://anast.ita.chalmers.se:4100/v1/chat/completions "HTTP/1.1 200 OK"
2026-05-20 14:24:53,122 - INFO - HTTP Request: POST https://anast.ita.chalmers.se:4100/v1/chat/completions "HTTP/1.1 200 OK"
2026-05-20 14:25:26,985 - INFO - HTTP Request: POST https://anast.ita.chalmers.se:4100/v1/chat/completions "HTTP/1.1 200 OK"
2026-05-20 14:25:30,765 - INFO - HTTP Request: POST https://anast.ita.chalmers.se:4100/v1/chat/completions "HTTP/1.1 200 OK"
2026-05-20 14:25:58,781 - INFO - HTTP Request: POST https://anast.ita.chalmers.se:4100/v1/chat/completions "HTTP/1.1 200 OK"
2026-05-20 14:26:02,011 - INFO - HTTP Request: POST https://anast.ita.chalmers.se:4100/v1/chat/completions "HTTP/1.1 200 OK"
2026-05-20 14:26:31,495 - INFO - HTTP Request: POST https://anast.ita.chalmers.se:4100/v1/chat/completions "HTTP/1.1 200 OK"
2026-05-20 14:26:47,619 - INFO - Loading model: microsoft/codebert-base-mlm
/data/users/eliassam/miniforge3/lib/python3.12/site-packages/transformers/tokenization_utils_base.py:1601: FutureWarning: `clean_up_tokenization_spaces` was not set. It will be set to `True` by default. This behavior will be depracted in transformers v4.45, and will be then set to `False` by default. For more details check this issue: https://github.com/huggingface/transformers/issues/31884
  warnings.warn(
Some weights of the model checkpoint at microsoft/codebert-base-mlm were not used when initializing RobertaForMaskedLM: ['roberta.pooler.dense.bias', 'roberta.pooler.dense.weight']
- This IS expected if you are initializing RobertaForMaskedLM from the checkpoint of a model trained on another task or with another architecture (e.g. initializing a BertForSequenceClassification model from a BertForPreTraining model).
- This IS NOT expected if you are initializing RobertaForMaskedLM from the checkpoint of a model that you expect to be exactly identical (initializing a BertForSequenceClassification model from a BertForSequenceClassification model).
2026-05-20 14:26:50,066 - INFO - Processed __main__.dot: Score=0.7027 (1 paths)
2026-05-20 14:26:50,121 - INFO - Processed test_case_0.dot: Score=0.7557 (1 paths)
2026-05-20 14:26:50,466 - INFO - Processed test_case_1.dot: Score=0.4087 (4 paths)
2026-05-20 14:26:50,585 - INFO - Processed test_case_2.dot: Score=0.4158 (2 paths)
2026-05-20 14:26:50,849 - INFO - Processed test_case_3.dot: Score=0.3199 (1 paths)
2026-05-20 14:26:51,032 - INFO - Processed test_case_4.dot: Score=0.2098 (2 paths)
2026-05-20 14:26:53,703 - INFO - Processed test_case_5.dot: Score=0.2289 (31 paths)
2026-05-20 14:26:56,614 - INFO - Processed test_case_6.dot: Score=0.2354 (34 paths)
2026-05-20 14:26:57,199 - INFO - Processed test_case_7.dot: Score=0.1935 (8 paths)
2026-05-20 14:26:57,824 - INFO - Processed test_case_8.dot: Score=0.3195 (9 paths)
2026-05-20 14:26:58,079 - INFO - Processed test_case_9.dot: Score=0.3653 (4 paths)
2026-05-20 14:26:58,370 - INFO - Processed __main__.dot: Score=0.6514 (1 paths)
2026-05-20 14:26:58,442 - INFO - Processed test_timer_error_can_be_instantiated.dot: Score=0.4760 (1 paths)
2026-05-20 14:26:58,712 - INFO - Processed test_timer_start_raises_when_called_twice_after_context_manager.dot: Score=0.3584 (4 paths)
2026-05-20 14:26:58,850 - INFO - Processed test_timer_context_manager_enter_and_exit.dot: Score=0.5352 (2 paths)
2026-05-20 14:26:58,942 - INFO - Processed test_timer_exit_raises_error_when_not_started.dot: Score=0.2716 (1 paths)
2026-05-20 14:26:59,297 - INFO - Processed test_timer_with_no_logger_start_and_dict_enter.dot: Score=0.2614 (4 paths)
2026-05-20 14:27:02,419 - INFO - Processed test_timer_context_manager_operations_and_repr.dot: Score=0.2077 (31 paths)
2026-05-20 14:27:05,433 - INFO - Processed test_timer_context_manager_with_repr_as_initial_text.dot: Score=0.1872 (34 paths)
2026-05-20 14:27:05,725 - INFO - Processed test_timer_with_no_logger_start_and_exit.dot: Score=0.2589 (4 paths)
2026-05-20 14:27:06,346 - INFO - Processed test_timer_context_manager_results_used_as_constructor_args.dot: Score=0.3312 (9 paths)
2026-05-20 14:27:06,571 - INFO - Processed test_timer_start_stop_and_context_manager_entry.dot: Score=0.2829 (4 paths)
<unknown>:24: SyntaxWarning: invalid escape sequence '\['
<unknown>:25: SyntaxWarning: invalid escape sequence '\['
<unknown>:26: SyntaxWarning: invalid escape sequence '\('
<unknown>:27: SyntaxWarning: invalid escape sequence '\('
<unknown>:28: SyntaxWarning: invalid escape sequence '\e'
2026-05-20 14:27:24,495 - INFO - HTTP Request: POST https://anast.ita.chalmers.se:4100/v1/chat/completions "HTTP/1.1 200 OK"
2026-05-20 14:27:50,480 - INFO - HTTP Request: POST https://anast.ita.chalmers.se:4100/v1/chat/completions "HTTP/1.1 200 OK"
2026-05-20 14:27:52,791 - INFO - HTTP Request: POST https://anast.ita.chalmers.se:4100/v1/chat/completions "HTTP/1.1 200 OK"
2026-05-20 14:28:21,725 - INFO - HTTP Request: POST https://anast.ita.chalmers.se:4100/v1/chat/completions "HTTP/1.1 200 OK"
2026-05-20 14:28:25,215 - INFO - HTTP Request: POST https://anast.ita.chalmers.se:4100/v1/chat/completions "HTTP/1.1 200 OK"
2026-05-20 14:28:52,438 - INFO - HTTP Request: POST https://anast.ita.chalmers.se:4100/v1/chat/completions "HTTP/1.1 200 OK"
2026-05-20 14:28:55,603 - INFO - HTTP Request: POST https://anast.ita.chalmers.se:4100/v1/chat/completions "HTTP/1.1 200 OK"
2026-05-20 14:29:23,261 - INFO - HTTP Request: POST https://anast.ita.chalmers.se:4100/v1/chat/completions "HTTP/1.1 200 OK"
2026-05-20 14:29:25,738 - INFO - HTTP Request: POST https://anast.ita.chalmers.se:4100/v1/chat/completions "HTTP/1.1 200 OK"
2026-05-20 14:30:01,344 - INFO - HTTP Request: POST https://anast.ita.chalmers.se:4100/v1/chat/completions "HTTP/1.1 200 OK"
2026-05-20 14:30:08,522 - INFO - HTTP Request: POST https://anast.ita.chalmers.se:4100/v1/chat/completions "HTTP/1.1 200 OK"
2026-05-20 14:30:43,083 - INFO - HTTP Request: POST https://anast.ita.chalmers.se:4100/v1/chat/completions "HTTP/1.1 200 OK"
2026-05-20 14:30:47,637 - INFO - HTTP Request: POST https://anast.ita.chalmers.se:4100/v1/chat/completions "HTTP/1.1 200 OK"
2026-05-20 14:31:20,918 - INFO - HTTP Request: POST https://anast.ita.chalmers.se:4100/v1/chat/completions "HTTP/1.1 200 OK"
2026-05-20 14:31:25,606 - INFO - HTTP Request: POST https://anast.ita.chalmers.se:4100/v1/chat/completions "HTTP/1.1 200 OK"
2026-05-20 14:31:59,123 - INFO - HTTP Request: POST https://anast.ita.chalmers.se:4100/v1/chat/completions "HTTP/1.1 200 OK"
2026-05-20 14:32:07,288 - INFO - HTTP Request: POST https://anast.ita.chalmers.se:4100/v1/chat/completions "HTTP/1.1 200 OK"
2026-05-20 14:32:38,674 - INFO - HTTP Request: POST https://anast.ita.chalmers.se:4100/v1/chat/completions "HTTP/1.1 200 OK"
2026-05-20 14:32:41,844 - INFO - HTTP Request: POST https://anast.ita.chalmers.se:4100/v1/chat/completions "HTTP/1.1 200 OK"
2026-05-20 14:33:10,565 - INFO - HTTP Request: POST https://anast.ita.chalmers.se:4100/v1/chat/completions "HTTP/1.1 200 OK"
2026-05-20 14:33:14,782 - INFO - HTTP Request: POST https://anast.ita.chalmers.se:4100/v1/chat/completions "HTTP/1.1 200 OK"
2026-05-20 14:33:44,406 - INFO - HTTP Request: POST https://anast.ita.chalmers.se:4100/v1/chat/completions "HTTP/1.1 200 OK"
2026-05-20 14:33:53,651 - INFO - Loading model: microsoft/codebert-base-mlm
/data/users/eliassam/miniforge3/lib/python3.12/site-packages/transformers/tokenization_utils_base.py:1601: FutureWarning: `clean_up_tokenization_spaces` was not set. It will be set to `True` by default. This behavior will be depracted in transformers v4.45, and will be then set to `False` by default. For more details check this issue: https://github.com/huggingface/transformers/issues/31884
  warnings.warn(
Some weights of the model checkpoint at microsoft/codebert-base-mlm were not used when initializing RobertaForMaskedLM: ['roberta.pooler.dense.bias', 'roberta.pooler.dense.weight']
- This IS expected if you are initializing RobertaForMaskedLM from the checkpoint of a model trained on another task or with another architecture (e.g. initializing a BertForSequenceClassification model from a BertForPreTraining model).
- This IS NOT expected if you are initializing RobertaForMaskedLM from the checkpoint of a model that you expect to be exactly identical (initializing a BertForSequenceClassification model from a BertForSequenceClassification model).
2026-05-20 14:33:56,449 - INFO - Processed __main__.dot: Score=0.7027 (1 paths)
2026-05-20 14:33:56,676 - INFO - Processed test_case_0.dot: Score=0.7557 (1 paths)
2026-05-20 14:33:56,928 - INFO - Processed test_case_1.dot: Score=0.4087 (4 paths)
2026-05-20 14:33:57,057 - INFO - Processed test_case_2.dot: Score=0.4158 (2 paths)
2026-05-20 14:33:57,140 - INFO - Processed test_case_3.dot: Score=0.3199 (1 paths)
2026-05-20 14:33:57,326 - INFO - Processed test_case_4.dot: Score=0.2098 (2 paths)
2026-05-20 14:34:00,235 - INFO - Processed test_case_5.dot: Score=0.2289 (31 paths)
2026-05-20 14:34:03,888 - INFO - Processed test_case_6.dot: Score=0.2354 (34 paths)
2026-05-20 14:34:04,359 - INFO - Processed test_case_7.dot: Score=0.1935 (8 paths)
2026-05-20 14:34:04,849 - INFO - Processed test_case_8.dot: Score=0.3195 (9 paths)
2026-05-20 14:34:05,045 - INFO - Processed test_case_9.dot: Score=0.3653 (4 paths)
2026-05-20 14:34:05,126 - INFO - Processed __main__.dot: Score=0.6514 (1 paths)
2026-05-20 14:34:05,176 - INFO - Processed test_timer_error_can_be_instantiated.dot: Score=0.4568 (1 paths)
2026-05-20 14:34:05,387 - INFO - Processed test_timer_start_raises_error_when_already_running.dot: Score=0.3068 (4 paths)
2026-05-20 14:34:05,677 - INFO - Processed test_timer_context_manager_enter_and_exit.dot: Score=0.5352 (2 paths)
2026-05-20 14:34:05,752 - INFO - Processed test_timer_exit_without_start_raises_timer_error.dot: Score=0.2567 (1 paths)
2026-05-20 14:34:06,044 - INFO - Processed test_timer_setitem_returns_none_then_enter_raises_attribute_error.dot: Score=0.2811 (4 paths)
2026-05-20 14:34:08,433 - INFO - Processed test_timer_context_manager_with_various_configurations.dot: Score=0.2055 (31 paths)
2026-05-20 14:34:11,402 - INFO - Processed test_timer_context_manager_repr_as_initial_text.dot: Score=0.1613 (34 paths)
2026-05-20 14:34:11,971 - INFO - Processed test_timer_no_logger_exit_and_none_setitem_raises_attribute_error.dot: Score=0.2458 (8 paths)
2026-05-20 14:34:12,526 - INFO - Processed test_timer_context_manager_result_used_as_constructor_args.dot: Score=0.2933 (9 paths)
2026-05-20 14:34:12,750 - INFO - Processed test_timer_start_stop_then_enter_and_copy.dot: Score=0.2692 (4 paths)
<unknown>:24: SyntaxWarning: invalid escape sequence '\['
<unknown>:25: SyntaxWarning: invalid escape sequence '\['
<unknown>:26: SyntaxWarning: invalid escape sequence '\('
<unknown>:27: SyntaxWarning: invalid escape sequence '\('
<unknown>:28: SyntaxWarning: invalid escape sequence '\e'
2026-05-20 14:34:27,534 - INFO - HTTP Request: POST https://anast.ita.chalmers.se:4100/v1/chat/completions "HTTP/1.1 200 OK"
2026-05-20 14:34:52,904 - INFO - HTTP Request: POST https://anast.ita.chalmers.se:4100/v1/chat/completions "HTTP/1.1 200 OK"
2026-05-20 14:34:54,312 - INFO - HTTP Request: POST https://anast.ita.chalmers.se:4100/v1/chat/completions "HTTP/1.1 200 OK"
2026-05-20 14:35:27,852 - INFO - HTTP Request: POST https://anast.ita.chalmers.se:4100/v1/chat/completions "HTTP/1.1 200 OK"
2026-05-20 14:35:30,958 - INFO - HTTP Request: POST https://anast.ita.chalmers.se:4100/v1/chat/completions "HTTP/1.1 200 OK"
2026-05-20 14:35:57,158 - INFO - HTTP Request: POST https://anast.ita.chalmers.se:4100/v1/chat/completions "HTTP/1.1 200 OK"
2026-05-20 14:35:58,981 - INFO - HTTP Request: POST https://anast.ita.chalmers.se:4100/v1/chat/completions "HTTP/1.1 200 OK"
2026-05-20 14:36:32,052 - INFO - HTTP Request: POST https://anast.ita.chalmers.se:4100/v1/chat/completions "HTTP/1.1 200 OK"
2026-05-20 14:36:34,959 - INFO - HTTP Request: POST https://anast.ita.chalmers.se:4100/v1/chat/completions "HTTP/1.1 200 OK"
2026-05-20 14:37:07,003 - INFO - HTTP Request: POST https://anast.ita.chalmers.se:4100/v1/chat/completions "HTTP/1.1 200 OK"
2026-05-20 14:37:11,402 - INFO - HTTP Request: POST https://anast.ita.chalmers.se:4100/v1/chat/completions "HTTP/1.1 200 OK"
2026-05-20 14:37:46,128 - INFO - HTTP Request: POST https://anast.ita.chalmers.se:4100/v1/chat/completions "HTTP/1.1 200 OK"
2026-05-20 14:37:50,595 - INFO - HTTP Request: POST https://anast.ita.chalmers.se:4100/v1/chat/completions "HTTP/1.1 200 OK"
2026-05-20 14:38:26,068 - INFO - HTTP Request: POST https://anast.ita.chalmers.se:4100/v1/chat/completions "HTTP/1.1 200 OK"
2026-05-20 14:38:32,681 - INFO - HTTP Request: POST https://anast.ita.chalmers.se:4100/v1/chat/completions "HTTP/1.1 200 OK"
2026-05-20 14:39:06,747 - INFO - HTTP Request: POST https://anast.ita.chalmers.se:4100/v1/chat/completions "HTTP/1.1 200 OK"
2026-05-20 14:39:13,814 - INFO - HTTP Request: POST https://anast.ita.chalmers.se:4100/v1/chat/completions "HTTP/1.1 200 OK"
2026-05-20 14:39:48,064 - INFO - HTTP Request: POST https://anast.ita.chalmers.se:4100/v1/chat/completions "HTTP/1.1 200 OK"
2026-05-20 14:39:51,771 - INFO - HTTP Request: POST https://anast.ita.chalmers.se:4100/v1/chat/completions "HTTP/1.1 200 OK"
2026-05-20 14:40:18,625 - INFO - HTTP Request: POST https://anast.ita.chalmers.se:4100/v1/chat/completions "HTTP/1.1 200 OK"
2026-05-20 14:40:21,211 - INFO - HTTP Request: POST https://anast.ita.chalmers.se:4100/v1/chat/completions "HTTP/1.1 200 OK"
2026-05-20 14:40:47,946 - INFO - HTTP Request: POST https://anast.ita.chalmers.se:4100/v1/chat/completions "HTTP/1.1 200 OK"
2026-05-20 14:40:56,943 - INFO - Loading model: microsoft/codebert-base-mlm
/data/users/eliassam/miniforge3/lib/python3.12/site-packages/transformers/tokenization_utils_base.py:1601: FutureWarning: `clean_up_tokenization_spaces` was not set. It will be set to `True` by default. This behavior will be depracted in transformers v4.45, and will be then set to `False` by default. For more details check this issue: https://github.com/huggingface/transformers/issues/31884
  warnings.warn(
Some weights of the model checkpoint at microsoft/codebert-base-mlm were not used when initializing RobertaForMaskedLM: ['roberta.pooler.dense.bias', 'roberta.pooler.dense.weight']
- This IS expected if you are initializing RobertaForMaskedLM from the checkpoint of a model trained on another task or with another architecture (e.g. initializing a BertForSequenceClassification model from a BertForPreTraining model).
- This IS NOT expected if you are initializing RobertaForMaskedLM from the checkpoint of a model that you expect to be exactly identical (initializing a BertForSequenceClassification model from a BertForSequenceClassification model).
2026-05-20 14:40:58,938 - INFO - Processed __main__.dot: Score=0.7027 (1 paths)
2026-05-20 14:40:59,008 - INFO - Processed test_case_0.dot: Score=0.7557 (1 paths)
2026-05-20 14:40:59,357 - INFO - Processed test_case_1.dot: Score=0.4087 (4 paths)
2026-05-20 14:40:59,485 - INFO - Processed test_case_2.dot: Score=0.4158 (2 paths)
2026-05-20 14:40:59,568 - INFO - Processed test_case_3.dot: Score=0.3199 (1 paths)
2026-05-20 14:40:59,754 - INFO - Processed test_case_4.dot: Score=0.2098 (2 paths)
2026-05-20 14:41:02,478 - INFO - Processed test_case_5.dot: Score=0.2289 (31 paths)
2026-05-20 14:41:12,084 - INFO - Processed test_case_6.dot: Score=0.2354 (34 paths)
2026-05-20 14:41:12,562 - INFO - Processed test_case_7.dot: Score=0.1935 (8 paths)
2026-05-20 14:41:13,050 - INFO - Processed test_case_8.dot: Score=0.3195 (9 paths)
2026-05-20 14:41:13,246 - INFO - Processed test_case_9.dot: Score=0.3653 (4 paths)
2026-05-20 14:41:13,343 - INFO - Processed __main__.dot: Score=0.6514 (1 paths)
2026-05-20 14:41:13,397 - INFO - Processed test_timer_error_can_be_instantiated.dot: Score=0.4568 (1 paths)
2026-05-20 14:41:13,660 - INFO - Processed test_timer_raises_error_when_started_while_already_running.dot: Score=0.3822 (5 paths)
2026-05-20 14:41:13,768 - INFO - Processed test_timer_context_manager_enter_and_exit.dot: Score=0.5352 (2 paths)
2026-05-20 14:41:13,841 - INFO - Processed test_timer_exit_without_start.dot: Score=0.3307 (1 paths)
2026-05-20 14:41:13,918 - INFO - Processed test_timer_start_returns_none_when_logger_is_none.dot: Score=0.2534 (1 paths)
2026-05-20 14:41:16,321 - INFO - Processed test_timer_context_manager_with_varied_constructor_args.dot: Score=0.1658 (31 paths)
2026-05-20 14:41:19,089 - INFO - Processed test_timer_context_manager_with_repr_as_initial_text_and_start.dot: Score=0.1599 (34 paths)
2026-05-20 14:41:19,224 - INFO - Processed test_timer_with_no_logger_starts_and_exits_cleanly.dot: Score=0.2321 (2 paths)
2026-05-20 14:41:19,957 - INFO - Processed test_timer_context_manager_result_used_as_nested_timer_args.dot: Score=0.3318 (9 paths)
2026-05-20 14:41:20,182 - INFO - Processed test_timer_start_stop_copy_and_context_manager_entry.dot: Score=0.2756 (4 paths)
<unknown>:24: SyntaxWarning: invalid escape sequence '\['
<unknown>:25: SyntaxWarning: invalid escape sequence '\['
<unknown>:26: SyntaxWarning: invalid escape sequence '\('
<unknown>:27: SyntaxWarning: invalid escape sequence '\('
<unknown>:28: SyntaxWarning: invalid escape sequence '\e'
2026-05-20 14:41:32,058 - INFO - HTTP Request: POST https://anast.ita.chalmers.se:4100/v1/chat/completions "HTTP/1.1 200 OK"
2026-05-20 14:42:03,300 - INFO - HTTP Request: POST https://anast.ita.chalmers.se:4100/v1/chat/completions "HTTP/1.1 200 OK"
2026-05-20 14:42:06,123 - INFO - HTTP Request: POST https://anast.ita.chalmers.se:4100/v1/chat/completions "HTTP/1.1 200 OK"
2026-05-20 14:42:32,909 - INFO - HTTP Request: POST https://anast.ita.chalmers.se:4100/v1/chat/completions "HTTP/1.1 200 OK"
2026-05-20 14:42:35,361 - INFO - HTTP Request: POST https://anast.ita.chalmers.se:4100/v1/chat/completions "HTTP/1.1 200 OK"
2026-05-20 14:42:59,657 - INFO - HTTP Request: POST https://anast.ita.chalmers.se:4100/v1/chat/completions "HTTP/1.1 200 OK"
2026-05-20 14:43:01,947 - INFO - HTTP Request: POST https://anast.ita.chalmers.se:4100/v1/chat/completions "HTTP/1.1 200 OK"
2026-05-20 14:43:05,505 - INFO - Loading model: microsoft/codebert-base-mlm
/data/users/eliassam/miniforge3/lib/python3.12/site-packages/transformers/tokenization_utils_base.py:1601: FutureWarning: `clean_up_tokenization_spaces` was not set. It will be set to `True` by default. This behavior will be depracted in transformers v4.45, and will be then set to `False` by default. For more details check this issue: https://github.com/huggingface/transformers/issues/31884
  warnings.warn(
Some weights of the model checkpoint at microsoft/codebert-base-mlm were not used when initializing RobertaForMaskedLM: ['roberta.pooler.dense.bias', 'roberta.pooler.dense.weight']
- This IS expected if you are initializing RobertaForMaskedLM from the checkpoint of a model trained on another task or with another architecture (e.g. initializing a BertForSequenceClassification model from a BertForPreTraining model).
- This IS NOT expected if you are initializing RobertaForMaskedLM from the checkpoint of a model that you expect to be exactly identical (initializing a BertForSequenceClassification model from a BertForSequenceClassification model).
2026-05-20 14:43:07,508 - INFO - Processed __main__.dot: Score=0.8382 (1 paths)
2026-05-20 14:43:07,797 - INFO - Processed test_case_0.dot: Score=0.4452 (3 paths)
2026-05-20 14:43:07,955 - INFO - Processed test_case_1.dot: Score=0.4515 (2 paths)
2026-05-20 14:43:08,038 - INFO - Processed test_case_2.dot: Score=0.4938 (1 paths)
2026-05-20 14:43:08,135 - INFO - Processed __main__.dot: Score=0.7358 (1 paths)
2026-05-20 14:43:08,445 - INFO - Processed test_cached_property_get_with_none_instance_returns_descriptor.dot: Score=0.2957 (3 paths)
2026-05-20 14:43:08,636 - INFO - Processed test_cached_property_get_with_set_instance_and_self_as_owner.dot: Score=0.2955 (2 paths)
2026-05-20 14:43:08,731 - INFO - Processed test_cached_property_accepts_empty_set.dot: Score=0.4063 (1 paths)
<unknown>:24: SyntaxWarning: invalid escape sequence '\['
<unknown>:25: SyntaxWarning: invalid escape sequence '\['
<unknown>:26: SyntaxWarning: invalid escape sequence '\('
<unknown>:27: SyntaxWarning: invalid escape sequence '\('
<unknown>:28: SyntaxWarning: invalid escape sequence '\e'
2026-05-20 14:43:24,523 - INFO - HTTP Request: POST https://anast.ita.chalmers.se:4100/v1/chat/completions "HTTP/1.1 200 OK"
2026-05-20 14:43:50,871 - INFO - HTTP Request: POST https://anast.ita.chalmers.se:4100/v1/chat/completions "HTTP/1.1 200 OK"
2026-05-20 14:43:54,170 - INFO - HTTP Request: POST https://anast.ita.chalmers.se:4100/v1/chat/completions "HTTP/1.1 200 OK"
2026-05-20 14:44:18,295 - INFO - HTTP Request: POST https://anast.ita.chalmers.se:4100/v1/chat/completions "HTTP/1.1 200 OK"
2026-05-20 14:44:20,778 - INFO - HTTP Request: POST https://anast.ita.chalmers.se:4100/v1/chat/completions "HTTP/1.1 200 OK"
2026-05-20 14:44:44,876 - INFO - HTTP Request: POST https://anast.ita.chalmers.se:4100/v1/chat/completions "HTTP/1.1 200 OK"
2026-05-20 14:44:46,970 - INFO - HTTP Request: POST https://anast.ita.chalmers.se:4100/v1/chat/completions "HTTP/1.1 200 OK"
2026-05-20 14:44:50,176 - INFO - Loading model: microsoft/codebert-base-mlm
/data/users/eliassam/miniforge3/lib/python3.12/site-packages/transformers/tokenization_utils_base.py:1601: FutureWarning: `clean_up_tokenization_spaces` was not set. It will be set to `True` by default. This behavior will be depracted in transformers v4.45, and will be then set to `False` by default. For more details check this issue: https://github.com/huggingface/transformers/issues/31884
  warnings.warn(
Some weights of the model checkpoint at microsoft/codebert-base-mlm were not used when initializing RobertaForMaskedLM: ['roberta.pooler.dense.bias', 'roberta.pooler.dense.weight']
- This IS expected if you are initializing RobertaForMaskedLM from the checkpoint of a model trained on another task or with another architecture (e.g. initializing a BertForSequenceClassification model from a BertForPreTraining model).
- This IS NOT expected if you are initializing RobertaForMaskedLM from the checkpoint of a model that you expect to be exactly identical (initializing a BertForSequenceClassification model from a BertForSequenceClassification model).
2026-05-20 14:44:52,514 - INFO - Processed __main__.dot: Score=0.8382 (1 paths)
2026-05-20 14:44:52,794 - INFO - Processed test_case_0.dot: Score=0.4452 (3 paths)
2026-05-20 14:44:52,954 - INFO - Processed test_case_1.dot: Score=0.4515 (2 paths)
2026-05-20 14:44:53,037 - INFO - Processed test_case_2.dot: Score=0.4938 (1 paths)
2026-05-20 14:44:53,130 - INFO - Processed __main__.dot: Score=0.7358 (1 paths)
2026-05-20 14:44:53,440 - INFO - Processed test_cached_property_get_with_none_instance_returns_descriptor.dot: Score=0.2388 (3 paths)
2026-05-20 14:44:53,624 - INFO - Processed test_cached_property_get_with_set_instance.dot: Score=0.3949 (2 paths)
2026-05-20 14:44:53,720 - INFO - Processed test_cached_property_instantiation_with_empty_set.dot: Score=0.4063 (1 paths)
<unknown>:24: SyntaxWarning: invalid escape sequence '\['
<unknown>:25: SyntaxWarning: invalid escape sequence '\['
<unknown>:26: SyntaxWarning: invalid escape sequence '\('
<unknown>:27: SyntaxWarning: invalid escape sequence '\('
<unknown>:28: SyntaxWarning: invalid escape sequence '\e'
2026-05-20 14:45:09,168 - INFO - HTTP Request: POST https://anast.ita.chalmers.se:4100/v1/chat/completions "HTTP/1.1 200 OK"
2026-05-20 14:45:36,171 - INFO - HTTP Request: POST https://anast.ita.chalmers.se:4100/v1/chat/completions "HTTP/1.1 200 OK"
2026-05-20 14:45:38,753 - INFO - HTTP Request: POST https://anast.ita.chalmers.se:4100/v1/chat/completions "HTTP/1.1 200 OK"
2026-05-20 14:46:04,644 - INFO - HTTP Request: POST https://anast.ita.chalmers.se:4100/v1/chat/completions "HTTP/1.1 200 OK"
2026-05-20 14:46:06,671 - INFO - HTTP Request: POST https://anast.ita.chalmers.se:4100/v1/chat/completions "HTTP/1.1 200 OK"
2026-05-20 14:46:30,338 - INFO - HTTP Request: POST https://anast.ita.chalmers.se:4100/v1/chat/completions "HTTP/1.1 200 OK"
2026-05-20 14:46:32,634 - INFO - HTTP Request: POST https://anast.ita.chalmers.se:4100/v1/chat/completions "HTTP/1.1 200 OK"
2026-05-20 14:46:36,425 - INFO - Loading model: microsoft/codebert-base-mlm
/data/users/eliassam/miniforge3/lib/python3.12/site-packages/transformers/tokenization_utils_base.py:1601: FutureWarning: `clean_up_tokenization_spaces` was not set. It will be set to `True` by default. This behavior will be depracted in transformers v4.45, and will be then set to `False` by default. For more details check this issue: https://github.com/huggingface/transformers/issues/31884
  warnings.warn(
Some weights of the model checkpoint at microsoft/codebert-base-mlm were not used when initializing RobertaForMaskedLM: ['roberta.pooler.dense.bias', 'roberta.pooler.dense.weight']
- This IS expected if you are initializing RobertaForMaskedLM from the checkpoint of a model trained on another task or with another architecture (e.g. initializing a BertForSequenceClassification model from a BertForPreTraining model).
- This IS NOT expected if you are initializing RobertaForMaskedLM from the checkpoint of a model that you expect to be exactly identical (initializing a BertForSequenceClassification model from a BertForSequenceClassification model).
2026-05-20 14:46:38,377 - INFO - Processed __main__.dot: Score=0.8382 (1 paths)
2026-05-20 14:46:38,609 - INFO - Processed test_case_0.dot: Score=0.4452 (3 paths)
2026-05-20 14:46:38,737 - INFO - Processed test_case_1.dot: Score=0.4515 (2 paths)
2026-05-20 14:46:38,808 - INFO - Processed test_case_2.dot: Score=0.4938 (1 paths)
2026-05-20 14:46:38,892 - INFO - Processed __main__.dot: Score=0.7358 (1 paths)
2026-05-20 14:46:39,140 - INFO - Processed test_cached_property_get_with_none_instance_returns_descriptor.dot: Score=0.2810 (3 paths)
2026-05-20 14:46:39,286 - INFO - Processed test_cached_property_get_with_set_instance.dot: Score=0.3293 (2 paths)
2026-05-20 14:46:39,366 - INFO - Processed test_cached_property_accepts_empty_set_as_argument.dot: Score=0.3761 (1 paths)
<unknown>:24: SyntaxWarning: invalid escape sequence '\['
<unknown>:25: SyntaxWarning: invalid escape sequence '\['
<unknown>:26: SyntaxWarning: invalid escape sequence '\('
<unknown>:27: SyntaxWarning: invalid escape sequence '\('
<unknown>:28: SyntaxWarning: invalid escape sequence '\e'
2026-05-20 14:47:00,018 - INFO - HTTP Request: POST https://anast.ita.chalmers.se:4100/v1/chat/completions "HTTP/1.1 200 OK"
2026-05-20 14:47:23,612 - INFO - HTTP Request: POST https://anast.ita.chalmers.se:4100/v1/chat/completions "HTTP/1.1 200 OK"
2026-05-20 14:47:25,854 - INFO - HTTP Request: POST https://anast.ita.chalmers.se:4100/v1/chat/completions "HTTP/1.1 200 OK"
2026-05-20 14:47:50,063 - INFO - HTTP Request: POST https://anast.ita.chalmers.se:4100/v1/chat/completions "HTTP/1.1 200 OK"
2026-05-20 14:47:52,993 - INFO - HTTP Request: POST https://anast.ita.chalmers.se:4100/v1/chat/completions "HTTP/1.1 200 OK"
2026-05-20 14:48:21,649 - INFO - HTTP Request: POST https://anast.ita.chalmers.se:4100/v1/chat/completions "HTTP/1.1 200 OK"
2026-05-20 14:48:24,782 - INFO - HTTP Request: POST https://anast.ita.chalmers.se:4100/v1/chat/completions "HTTP/1.1 200 OK"
2026-05-20 14:48:48,747 - INFO - HTTP Request: POST https://anast.ita.chalmers.se:4100/v1/chat/completions "HTTP/1.1 200 OK"
2026-05-20 14:48:50,948 - INFO - HTTP Request: POST https://anast.ita.chalmers.se:4100/v1/chat/completions "HTTP/1.1 200 OK"
2026-05-20 14:49:16,139 - INFO - HTTP Request: POST https://anast.ita.chalmers.se:4100/v1/chat/completions "HTTP/1.1 200 OK"
2026-05-20 14:49:18,315 - INFO - HTTP Request: POST https://anast.ita.chalmers.se:4100/v1/chat/completions "HTTP/1.1 200 OK"
2026-05-20 14:49:47,224 - INFO - HTTP Request: POST https://anast.ita.chalmers.se:4100/v1/chat/completions "HTTP/1.1 200 OK"
2026-05-20 14:49:52,618 - INFO - HTTP Request: POST https://anast.ita.chalmers.se:4100/v1/chat/completions "HTTP/1.1 200 OK"
2026-05-20 14:50:21,396 - INFO - HTTP Request: POST https://anast.ita.chalmers.se:4100/v1/chat/completions "HTTP/1.1 200 OK"
2026-05-20 14:50:25,130 - INFO - HTTP Request: POST https://anast.ita.chalmers.se:4100/v1/chat/completions "HTTP/1.1 200 OK"
2026-05-20 14:50:50,635 - INFO - HTTP Request: POST https://anast.ita.chalmers.se:4100/v1/chat/completions "HTTP/1.1 200 OK"
2026-05-20 14:50:53,358 - INFO - HTTP Request: POST https://anast.ita.chalmers.se:4100/v1/chat/completions "HTTP/1.1 200 OK"
2026-05-20 14:51:25,296 - INFO - HTTP Request: POST https://anast.ita.chalmers.se:4100/v1/chat/completions "HTTP/1.1 200 OK"
2026-05-20 14:51:51,826 - INFO - HTTP Request: POST https://anast.ita.chalmers.se:4100/v1/chat/completions "HTTP/1.1 200 OK"
2026-05-20 14:52:24,889 - INFO - HTTP Request: POST https://anast.ita.chalmers.se:4100/v1/chat/completions "HTTP/1.1 200 OK"
2026-05-20 14:52:33,329 - INFO - HTTP Request: POST https://anast.ita.chalmers.se:4100/v1/chat/completions "HTTP/1.1 200 OK"
2026-05-20 14:53:01,203 - INFO - HTTP Request: POST https://anast.ita.chalmers.se:4100/v1/chat/completions "HTTP/1.1 200 OK"
2026-05-20 14:53:04,679 - INFO - HTTP Request: POST https://anast.ita.chalmers.se:4100/v1/chat/completions "HTTP/1.1 200 OK"
2026-05-20 14:53:33,060 - INFO - HTTP Request: POST https://anast.ita.chalmers.se:4100/v1/chat/completions "HTTP/1.1 200 OK"
2026-05-20 14:54:02,953 - INFO - Loading model: microsoft/codebert-base-mlm
/data/users/eliassam/miniforge3/lib/python3.12/site-packages/transformers/tokenization_utils_base.py:1601: FutureWarning: `clean_up_tokenization_spaces` was not set. It will be set to `True` by default. This behavior will be depracted in transformers v4.45, and will be then set to `False` by default. For more details check this issue: https://github.com/huggingface/transformers/issues/31884
  warnings.warn(
Some weights of the model checkpoint at microsoft/codebert-base-mlm were not used when initializing RobertaForMaskedLM: ['roberta.pooler.dense.bias', 'roberta.pooler.dense.weight']
- This IS expected if you are initializing RobertaForMaskedLM from the checkpoint of a model trained on another task or with another architecture (e.g. initializing a BertForSequenceClassification model from a BertForPreTraining model).
- This IS NOT expected if you are initializing RobertaForMaskedLM from the checkpoint of a model that you expect to be exactly identical (initializing a BertForSequenceClassification model from a BertForSequenceClassification model).
2026-05-20 14:54:06,342 - INFO - Processed __main__.dot: Score=0.6247 (1 paths)
2026-05-20 14:54:06,412 - INFO - Processed test_case_0.dot: Score=0.5517 (1 paths)
2026-05-20 14:54:06,633 - INFO - Processed test_case_1.dot: Score=0.2750 (3 paths)
2026-05-20 14:54:06,727 - INFO - Processed test_case_2.dot: Score=0.2332 (1 paths)
2026-05-20 14:54:06,804 - INFO - Processed test_case_3.dot: Score=0.3506 (1 paths)
2026-05-20 14:54:06,874 - INFO - Processed test_case_4.dot: Score=0.4858 (1 paths)
2026-05-20 14:54:09,822 - INFO - Processed test_case_5.dot: Score=0.1792 (7 paths)
2026-05-20 14:54:10,107 - INFO - Processed test_case_6.dot: Score=0.1989 (1 paths)
2026-05-20 14:54:10,189 - INFO - Processed test_case_7.dot: Score=0.2615 (1 paths)
2026-05-20 14:54:13,098 - INFO - Processed test_case_8.dot: Score=0.1112 (15 paths)
2026-05-20 14:54:13,440 - INFO - Processed test_case_9.dot: Score=0.1418 (3 paths)
2026-05-20 14:54:13,537 - INFO - Processed test_case_10.dot: Score=0.2798 (1 paths)
2026-05-20 14:54:13,644 - INFO - Processed __main__.dot: Score=0.5482 (1 paths)
2026-05-20 14:54:13,716 - INFO - Processed test_to_namedtuple_with_float_input.dot: Score=0.3488 (1 paths)
2026-05-20 14:54:13,958 - INFO - Processed test_to_namedtuple_with_tuple_and_set_inputs.dot: Score=0.3661 (3 paths)
2026-05-20 14:54:14,061 - INFO - Processed test_to_namedtuple_converts_dict_and_handles_namedtuple_input.dot: Score=0.3037 (1 paths)
2026-05-20 14:54:14,142 - INFO - Processed test_to_namedtuple_raises_on_bytes_input.dot: Score=0.2283 (1 paths)
2026-05-20 14:54:14,222 - INFO - Processed test_to_namedtuple_with_empty_tuple.dot: Score=0.3393 (1 paths)
2026-05-20 14:54:15,268 - INFO - Processed test_to_namedtuple_with_empty_ordered_dict_and_mixed_types.dot: Score=0.2120 (7 paths)
2026-05-20 14:54:15,409 - INFO - Processed test_to_namedtuple_converts_ordered_dict_with_special_char_key.dot: Score=0.2760 (1 paths)
2026-05-20 14:54:15,518 - INFO - Processed test_to_namedtuple_with_nested_empty_list_and_none_input.dot: Score=0.2957 (1 paths)
2026-05-20 14:54:18,625 - INFO - Processed test_to_namedtuple_with_varied_input_types.dot: Score=0.1221 (15 paths)
2026-05-20 14:54:19,342 - INFO - Processed test_to_namedtuple_handles_chained_conversion_and_primitive_input.dot: Score=0.1714 (3 paths)
2026-05-20 14:54:19,773 - INFO - Processed test_to_namedtuple_with_bytes_key_and_value_dict.dot: Score=0.3246 (1 paths)
<unknown>:24: SyntaxWarning: invalid escape sequence '\['
<unknown>:25: SyntaxWarning: invalid escape sequence '\['
<unknown>:26: SyntaxWarning: invalid escape sequence '\('
<unknown>:27: SyntaxWarning: invalid escape sequence '\('
<unknown>:28: SyntaxWarning: invalid escape sequence '\e'
2026-05-20 14:54:32,737 - INFO - HTTP Request: POST https://anast.ita.chalmers.se:4100/v1/chat/completions "HTTP/1.1 200 OK"
2026-05-20 14:54:59,793 - INFO - HTTP Request: POST https://anast.ita.chalmers.se:4100/v1/chat/completions "HTTP/1.1 200 OK"
2026-05-20 14:55:01,901 - INFO - HTTP Request: POST https://anast.ita.chalmers.se:4100/v1/chat/completions "HTTP/1.1 200 OK"
2026-05-20 14:55:28,401 - INFO - HTTP Request: POST https://anast.ita.chalmers.se:4100/v1/chat/completions "HTTP/1.1 200 OK"
2026-05-20 14:55:31,869 - INFO - HTTP Request: POST https://anast.ita.chalmers.se:4100/v1/chat/completions "HTTP/1.1 200 OK"
2026-05-20 14:55:59,882 - INFO - HTTP Request: POST https://anast.ita.chalmers.se:4100/v1/chat/completions "HTTP/1.1 200 OK"
2026-05-20 14:56:02,892 - INFO - HTTP Request: POST https://anast.ita.chalmers.se:4100/v1/chat/completions "HTTP/1.1 200 OK"
2026-05-20 14:56:26,565 - INFO - HTTP Request: POST https://anast.ita.chalmers.se:4100/v1/chat/completions "HTTP/1.1 200 OK"
2026-05-20 14:56:28,834 - INFO - HTTP Request: POST https://anast.ita.chalmers.se:4100/v1/chat/completions "HTTP/1.1 200 OK"
2026-05-20 14:56:52,987 - INFO - HTTP Request: POST https://anast.ita.chalmers.se:4100/v1/chat/completions "HTTP/1.1 200 OK"
2026-05-20 14:56:54,728 - INFO - HTTP Request: POST https://anast.ita.chalmers.se:4100/v1/chat/completions "HTTP/1.1 200 OK"
2026-05-20 14:57:27,000 - INFO - HTTP Request: POST https://anast.ita.chalmers.se:4100/v1/chat/completions "HTTP/1.1 200 OK"
2026-05-20 14:57:32,737 - INFO - HTTP Request: POST https://anast.ita.chalmers.se:4100/v1/chat/completions "HTTP/1.1 200 OK"
2026-05-20 14:58:00,231 - INFO - HTTP Request: POST https://anast.ita.chalmers.se:4100/v1/chat/completions "HTTP/1.1 200 OK"
2026-05-20 14:58:04,419 - INFO - HTTP Request: POST https://anast.ita.chalmers.se:4100/v1/chat/completions "HTTP/1.1 200 OK"
2026-05-20 14:58:30,249 - INFO - HTTP Request: POST https://anast.ita.chalmers.se:4100/v1/chat/completions "HTTP/1.1 200 OK"
2026-05-20 14:58:33,305 - INFO - HTTP Request: POST https://anast.ita.chalmers.se:4100/v1/chat/completions "HTTP/1.1 200 OK"
2026-05-20 14:59:06,419 - INFO - HTTP Request: POST https://anast.ita.chalmers.se:4100/v1/chat/completions "HTTP/1.1 200 OK"
2026-05-20 14:59:26,956 - INFO - HTTP Request: POST https://anast.ita.chalmers.se:4100/v1/chat/completions "HTTP/1.1 200 OK"
2026-05-20 14:59:57,279 - INFO - HTTP Request: POST https://anast.ita.chalmers.se:4100/v1/chat/completions "HTTP/1.1 200 OK"
2026-05-20 15:00:01,432 - INFO - HTTP Request: POST https://anast.ita.chalmers.se:4100/v1/chat/completions "HTTP/1.1 200 OK"
2026-05-20 15:00:29,066 - INFO - HTTP Request: POST https://anast.ita.chalmers.se:4100/v1/chat/completions "HTTP/1.1 200 OK"
2026-05-20 15:00:32,381 - INFO - HTTP Request: POST https://anast.ita.chalmers.se:4100/v1/chat/completions "HTTP/1.1 200 OK"
2026-05-20 15:01:02,011 - INFO - HTTP Request: POST https://anast.ita.chalmers.se:4100/v1/chat/completions "HTTP/1.1 200 OK"
2026-05-20 15:01:26,042 - INFO - Loading model: microsoft/codebert-base-mlm
/data/users/eliassam/miniforge3/lib/python3.12/site-packages/transformers/tokenization_utils_base.py:1601: FutureWarning: `clean_up_tokenization_spaces` was not set. It will be set to `True` by default. This behavior will be depracted in transformers v4.45, and will be then set to `False` by default. For more details check this issue: https://github.com/huggingface/transformers/issues/31884
  warnings.warn(
Some weights of the model checkpoint at microsoft/codebert-base-mlm were not used when initializing RobertaForMaskedLM: ['roberta.pooler.dense.bias', 'roberta.pooler.dense.weight']
- This IS expected if you are initializing RobertaForMaskedLM from the checkpoint of a model trained on another task or with another architecture (e.g. initializing a BertForSequenceClassification model from a BertForPreTraining model).
- This IS NOT expected if you are initializing RobertaForMaskedLM from the checkpoint of a model that you expect to be exactly identical (initializing a BertForSequenceClassification model from a BertForSequenceClassification model).
2026-05-20 15:01:28,198 - INFO - Processed __main__.dot: Score=0.6247 (1 paths)
2026-05-20 15:01:28,255 - INFO - Processed test_case_0.dot: Score=0.5517 (1 paths)
2026-05-20 15:01:28,846 - INFO - Processed test_case_1.dot: Score=0.2750 (3 paths)
2026-05-20 15:01:28,932 - INFO - Processed test_case_2.dot: Score=0.2332 (1 paths)
2026-05-20 15:01:28,998 - INFO - Processed test_case_3.dot: Score=0.3506 (1 paths)
2026-05-20 15:01:29,055 - INFO - Processed test_case_4.dot: Score=0.4858 (1 paths)
2026-05-20 15:01:30,275 - INFO - Processed test_case_5.dot: Score=0.1792 (7 paths)
2026-05-20 15:01:30,389 - INFO - Processed test_case_6.dot: Score=0.1989 (1 paths)
2026-05-20 15:01:30,469 - INFO - Processed test_case_7.dot: Score=0.2615 (1 paths)
2026-05-20 15:01:32,707 - INFO - Processed test_case_8.dot: Score=0.1112 (15 paths)
2026-05-20 15:01:33,029 - INFO - Processed test_case_9.dot: Score=0.1418 (3 paths)
2026-05-20 15:01:33,117 - INFO - Processed test_case_10.dot: Score=0.2798 (1 paths)
2026-05-20 15:01:33,229 - INFO - Processed __main__.dot: Score=0.5482 (1 paths)
2026-05-20 15:01:33,304 - INFO - Processed test_to_namedtuple_with_float_scalar_input.dot: Score=0.3286 (1 paths)
2026-05-20 15:01:33,548 - INFO - Processed test_to_namedtuple_with_tuple_containing_float_and_set.dot: Score=0.3581 (3 paths)
2026-05-20 15:01:33,651 - INFO - Processed test_to_namedtuple_converts_dict_and_is_idempotent_on_namedtuple.dot: Score=0.2277 (1 paths)
2026-05-20 15:01:33,734 - INFO - Processed test_to_namedtuple_raises_or_handles_bytes_input.dot: Score=0.2485 (1 paths)
2026-05-20 15:01:33,806 - INFO - Processed test_to_namedtuple_with_empty_tuple.dot: Score=0.4323 (1 paths)
2026-05-20 15:01:34,830 - INFO - Processed test_to_namedtuple_handles_empty_ordered_dict_and_nested_types.dot: Score=0.2022 (7 paths)
2026-05-20 15:01:34,964 - INFO - Processed test_to_namedtuple_with_special_char_key_and_ordered_dict_with_none_arg.dot: Score=0.2111 (1 paths)
2026-05-20 15:01:35,063 - INFO - Processed test_to_namedtuple_with_nested_empty_list_and_none_input.dot: Score=0.3826 (1 paths)
2026-05-20 15:01:37,498 - INFO - Processed test_to_namedtuple_with_nested_and_mixed_input_types.dot: Score=0.1175 (15 paths)
2026-05-20 15:01:37,887 - INFO - Processed test_to_namedtuple_with_nested_structures_and_primitive_input.dot: Score=0.1598 (3 paths)
2026-05-20 15:01:37,990 - INFO - Processed test_to_namedtuple_with_bytes_keys_and_values.dot: Score=0.3284 (1 paths)
<unknown>:24: SyntaxWarning: invalid escape sequence '\['
<unknown>:25: SyntaxWarning: invalid escape sequence '\['
<unknown>:26: SyntaxWarning: invalid escape sequence '\('
<unknown>:27: SyntaxWarning: invalid escape sequence '\('
<unknown>:28: SyntaxWarning: invalid escape sequence '\e'
2026-05-20 15:01:50,816 - INFO - HTTP Request: POST https://anast.ita.chalmers.se:4100/v1/chat/completions "HTTP/1.1 200 OK"
2026-05-20 15:02:18,089 - INFO - HTTP Request: POST https://anast.ita.chalmers.se:4100/v1/chat/completions "HTTP/1.1 200 OK"
2026-05-20 15:02:20,341 - INFO - HTTP Request: POST https://anast.ita.chalmers.se:4100/v1/chat/completions "HTTP/1.1 200 OK"
2026-05-20 15:02:48,720 - INFO - HTTP Request: POST https://anast.ita.chalmers.se:4100/v1/chat/completions "HTTP/1.1 200 OK"
2026-05-20 15:02:51,765 - INFO - HTTP Request: POST https://anast.ita.chalmers.se:4100/v1/chat/completions "HTTP/1.1 200 OK"
2026-05-20 15:03:21,030 - INFO - HTTP Request: POST https://anast.ita.chalmers.se:4100/v1/chat/completions "HTTP/1.1 200 OK"
2026-05-20 15:03:24,254 - INFO - HTTP Request: POST https://anast.ita.chalmers.se:4100/v1/chat/completions "HTTP/1.1 200 OK"
2026-05-20 15:03:50,200 - INFO - HTTP Request: POST https://anast.ita.chalmers.se:4100/v1/chat/completions "HTTP/1.1 200 OK"
2026-05-20 15:03:53,485 - INFO - HTTP Request: POST https://anast.ita.chalmers.se:4100/v1/chat/completions "HTTP/1.1 200 OK"
2026-05-20 15:04:19,504 - INFO - HTTP Request: POST https://anast.ita.chalmers.se:4100/v1/chat/completions "HTTP/1.1 200 OK"
2026-05-20 15:04:21,515 - INFO - HTTP Request: POST https://anast.ita.chalmers.se:4100/v1/chat/completions "HTTP/1.1 200 OK"
2026-05-20 15:04:52,817 - INFO - HTTP Request: POST https://anast.ita.chalmers.se:4100/v1/chat/completions "HTTP/1.1 200 OK"
2026-05-20 15:04:58,799 - INFO - HTTP Request: POST https://anast.ita.chalmers.se:4100/v1/chat/completions "HTTP/1.1 200 OK"
2026-05-20 15:05:29,353 - INFO - HTTP Request: POST https://anast.ita.chalmers.se:4100/v1/chat/completions "HTTP/1.1 200 OK"
2026-05-20 15:05:32,833 - INFO - HTTP Request: POST https://anast.ita.chalmers.se:4100/v1/chat/completions "HTTP/1.1 200 OK"
2026-05-20 15:05:58,103 - INFO - HTTP Request: POST https://anast.ita.chalmers.se:4100/v1/chat/completions "HTTP/1.1 200 OK"
2026-05-20 15:06:02,140 - INFO - HTTP Request: POST https://anast.ita.chalmers.se:4100/v1/chat/completions "HTTP/1.1 200 OK"
2026-05-20 15:06:36,785 - INFO - HTTP Request: POST https://anast.ita.chalmers.se:4100/v1/chat/completions "HTTP/1.1 200 OK"
2026-05-20 15:07:01,703 - INFO - HTTP Request: POST https://anast.ita.chalmers.se:4100/v1/chat/completions "HTTP/1.1 200 OK"
2026-05-20 15:07:32,145 - INFO - HTTP Request: POST https://anast.ita.chalmers.se:4100/v1/chat/completions "HTTP/1.1 200 OK"
2026-05-20 15:07:35,596 - INFO - HTTP Request: POST https://anast.ita.chalmers.se:4100/v1/chat/completions "HTTP/1.1 200 OK"
2026-05-20 15:08:04,884 - INFO - HTTP Request: POST https://anast.ita.chalmers.se:4100/v1/chat/completions "HTTP/1.1 200 OK"
2026-05-20 15:08:08,173 - INFO - HTTP Request: POST https://anast.ita.chalmers.se:4100/v1/chat/completions "HTTP/1.1 200 OK"
2026-05-20 15:08:36,493 - INFO - HTTP Request: POST https://anast.ita.chalmers.se:4100/v1/chat/completions "HTTP/1.1 200 OK"
2026-05-20 15:09:08,233 - INFO - Loading model: microsoft/codebert-base-mlm
/data/users/eliassam/miniforge3/lib/python3.12/site-packages/transformers/tokenization_utils_base.py:1601: FutureWarning: `clean_up_tokenization_spaces` was not set. It will be set to `True` by default. This behavior will be depracted in transformers v4.45, and will be then set to `False` by default. For more details check this issue: https://github.com/huggingface/transformers/issues/31884
  warnings.warn(
Some weights of the model checkpoint at microsoft/codebert-base-mlm were not used when initializing RobertaForMaskedLM: ['roberta.pooler.dense.bias', 'roberta.pooler.dense.weight']
- This IS expected if you are initializing RobertaForMaskedLM from the checkpoint of a model trained on another task or with another architecture (e.g. initializing a BertForSequenceClassification model from a BertForPreTraining model).
- This IS NOT expected if you are initializing RobertaForMaskedLM from the checkpoint of a model that you expect to be exactly identical (initializing a BertForSequenceClassification model from a BertForSequenceClassification model).
2026-05-20 15:09:10,395 - INFO - Processed __main__.dot: Score=0.6247 (1 paths)
2026-05-20 15:09:10,452 - INFO - Processed test_case_0.dot: Score=0.5517 (1 paths)
2026-05-20 15:09:10,659 - INFO - Processed test_case_1.dot: Score=0.2750 (3 paths)
2026-05-20 15:09:10,745 - INFO - Processed test_case_2.dot: Score=0.2332 (1 paths)
2026-05-20 15:09:10,810 - INFO - Processed test_case_3.dot: Score=0.3506 (1 paths)
2026-05-20 15:09:10,869 - INFO - Processed test_case_4.dot: Score=0.4858 (1 paths)
2026-05-20 15:09:11,613 - INFO - Processed test_case_5.dot: Score=0.1792 (7 paths)
2026-05-20 15:09:11,735 - INFO - Processed test_case_6.dot: Score=0.1989 (1 paths)
2026-05-20 15:09:11,823 - INFO - Processed test_case_7.dot: Score=0.2615 (1 paths)
2026-05-20 15:09:13,727 - INFO - Processed test_case_8.dot: Score=0.1112 (15 paths)
2026-05-20 15:09:14,049 - INFO - Processed test_case_9.dot: Score=0.1418 (3 paths)
2026-05-20 15:09:14,143 - INFO - Processed test_case_10.dot: Score=0.2798 (1 paths)
2026-05-20 15:09:14,255 - INFO - Processed __main__.dot: Score=0.5482 (1 paths)
2026-05-20 15:09:14,329 - INFO - Processed test_to_namedtuple_with_float_input.dot: Score=0.4748 (1 paths)
2026-05-20 15:09:14,574 - INFO - Processed test_to_namedtuple_with_tuple_and_set_inputs.dot: Score=0.3104 (3 paths)
2026-05-20 15:09:14,675 - INFO - Processed test_to_namedtuple_with_duplicate_keys_and_idempotent_conversion.dot: Score=0.4057 (1 paths)
2026-05-20 15:09:14,757 - INFO - Processed test_to_namedtuple_raises_or_handles_bytes_input.dot: Score=0.2485 (1 paths)
2026-05-20 15:09:14,828 - INFO - Processed test_to_namedtuple_with_empty_tuple.dot: Score=0.3393 (1 paths)
2026-05-20 15:09:15,746 - INFO - Processed test_to_namedtuple_with_empty_ordered_dict_and_mixed_tuple.dot: Score=0.1785 (7 paths)
2026-05-20 15:09:15,872 - INFO - Processed test_to_namedtuple_with_ordered_dict_and_none_positional_arg.dot: Score=0.2672 (1 paths)
2026-05-20 15:09:15,969 - INFO - Processed test_to_namedtuple_with_nested_empty_list_and_none.dot: Score=0.2693 (1 paths)
2026-05-20 15:09:18,372 - INFO - Processed test_to_namedtuple_handles_diverse_input_types.dot: Score=0.1168 (15 paths)
2026-05-20 15:09:18,789 - INFO - Processed test_to_namedtuple_repeated_conversion_and_scalar_input.dot: Score=0.1851 (3 paths)
2026-05-20 15:09:19,015 - INFO - Processed test_to_namedtuple_with_bytes_key_and_value_dict.dot: Score=0.3125 (1 paths)
<unknown>:24: SyntaxWarning: invalid escape sequence '\['
<unknown>:25: SyntaxWarning: invalid escape sequence '\['
<unknown>:26: SyntaxWarning: invalid escape sequence '\('
<unknown>:27: SyntaxWarning: invalid escape sequence '\('
<unknown>:28: SyntaxWarning: invalid escape sequence '\e'
2026-05-20 15:09:31,457 - INFO - HTTP Request: POST https://anast.ita.chalmers.se:4100/v1/chat/completions "HTTP/1.1 200 OK"
2026-05-20 15:09:54,878 - INFO - HTTP Request: POST https://anast.ita.chalmers.se:4100/v1/chat/completions "HTTP/1.1 200 OK"
2026-05-20 15:09:57,333 - INFO - HTTP Request: POST https://anast.ita.chalmers.se:4100/v1/chat/completions "HTTP/1.1 200 OK"
2026-05-20 15:10:06,209 - INFO - Loading model: microsoft/codebert-base-mlm
/data/users/eliassam/miniforge3/lib/python3.12/site-packages/transformers/tokenization_utils_base.py:1601: FutureWarning: `clean_up_tokenization_spaces` was not set. It will be set to `True` by default. This behavior will be depracted in transformers v4.45, and will be then set to `False` by default. For more details check this issue: https://github.com/huggingface/transformers/issues/31884
  warnings.warn(
Some weights of the model checkpoint at microsoft/codebert-base-mlm were not used when initializing RobertaForMaskedLM: ['roberta.pooler.dense.bias', 'roberta.pooler.dense.weight']
- This IS expected if you are initializing RobertaForMaskedLM from the checkpoint of a model trained on another task or with another architecture (e.g. initializing a BertForSequenceClassification model from a BertForPreTraining model).
- This IS NOT expected if you are initializing RobertaForMaskedLM from the checkpoint of a model that you expect to be exactly identical (initializing a BertForSequenceClassification model from a BertForSequenceClassification model).
2026-05-20 15:10:08,421 - INFO - Processed __main__.dot: Score=0.8730 (1 paths)
2026-05-20 15:10:08,744 - INFO - Processed test_case_0.dot: Score=0.9320 (1 paths)
2026-05-20 15:10:09,110 - INFO - Processed __main__.dot: Score=0.8170 (1 paths)
2026-05-20 15:10:09,573 - INFO - Processed test_version_part_default_instantiation_succeeds.dot: Score=0.7015 (1 paths)
<unknown>:24: SyntaxWarning: invalid escape sequence '\['
<unknown>:25: SyntaxWarning: invalid escape sequence '\['
<unknown>:26: SyntaxWarning: invalid escape sequence '\('
<unknown>:27: SyntaxWarning: invalid escape sequence '\('
<unknown>:28: SyntaxWarning: invalid escape sequence '\e'
2026-05-20 15:10:28,813 - INFO - HTTP Request: POST https://anast.ita.chalmers.se:4100/v1/chat/completions "HTTP/1.1 200 OK"
2026-05-20 15:10:54,723 - INFO - HTTP Request: POST https://anast.ita.chalmers.se:4100/v1/chat/completions "HTTP/1.1 200 OK"
2026-05-20 15:10:56,210 - INFO - HTTP Request: POST https://anast.ita.chalmers.se:4100/v1/chat/completions "HTTP/1.1 200 OK"
2026-05-20 15:10:59,645 - INFO - Loading model: microsoft/codebert-base-mlm
/data/users/eliassam/miniforge3/lib/python3.12/site-packages/transformers/tokenization_utils_base.py:1601: FutureWarning: `clean_up_tokenization_spaces` was not set. It will be set to `True` by default. This behavior will be depracted in transformers v4.45, and will be then set to `False` by default. For more details check this issue: https://github.com/huggingface/transformers/issues/31884
  warnings.warn(
Some weights of the model checkpoint at microsoft/codebert-base-mlm were not used when initializing RobertaForMaskedLM: ['roberta.pooler.dense.bias', 'roberta.pooler.dense.weight']
- This IS expected if you are initializing RobertaForMaskedLM from the checkpoint of a model trained on another task or with another architecture (e.g. initializing a BertForSequenceClassification model from a BertForPreTraining model).
- This IS NOT expected if you are initializing RobertaForMaskedLM from the checkpoint of a model that you expect to be exactly identical (initializing a BertForSequenceClassification model from a BertForSequenceClassification model).
2026-05-20 15:11:02,091 - INFO - Processed __main__.dot: Score=0.8730 (1 paths)
2026-05-20 15:11:02,495 - INFO - Processed test_case_0.dot: Score=0.9320 (1 paths)
2026-05-20 15:11:02,588 - INFO - Processed __main__.dot: Score=0.8170 (1 paths)
2026-05-20 15:11:02,672 - INFO - Processed test_version_part_default_instantiation.dot: Score=0.7636 (1 paths)
<unknown>:24: SyntaxWarning: invalid escape sequence '\['
<unknown>:25: SyntaxWarning: invalid escape sequence '\['
<unknown>:26: SyntaxWarning: invalid escape sequence '\('
<unknown>:27: SyntaxWarning: invalid escape sequence '\('
<unknown>:28: SyntaxWarning: invalid escape sequence '\e'
2026-05-20 15:11:17,621 - INFO - HTTP Request: POST https://anast.ita.chalmers.se:4100/v1/chat/completions "HTTP/1.1 200 OK"
2026-05-20 15:11:42,717 - INFO - HTTP Request: POST https://anast.ita.chalmers.se:4100/v1/chat/completions "HTTP/1.1 200 OK"
2026-05-20 15:11:44,550 - INFO - HTTP Request: POST https://anast.ita.chalmers.se:4100/v1/chat/completions "HTTP/1.1 200 OK"
2026-05-20 15:11:46,355 - INFO - Loading model: microsoft/codebert-base-mlm
/data/users/eliassam/miniforge3/lib/python3.12/site-packages/transformers/tokenization_utils_base.py:1601: FutureWarning: `clean_up_tokenization_spaces` was not set. It will be set to `True` by default. This behavior will be depracted in transformers v4.45, and will be then set to `False` by default. For more details check this issue: https://github.com/huggingface/transformers/issues/31884
  warnings.warn(
Some weights of the model checkpoint at microsoft/codebert-base-mlm were not used when initializing RobertaForMaskedLM: ['roberta.pooler.dense.bias', 'roberta.pooler.dense.weight']
- This IS expected if you are initializing RobertaForMaskedLM from the checkpoint of a model trained on another task or with another architecture (e.g. initializing a BertForSequenceClassification model from a BertForPreTraining model).
- This IS NOT expected if you are initializing RobertaForMaskedLM from the checkpoint of a model that you expect to be exactly identical (initializing a BertForSequenceClassification model from a BertForSequenceClassification model).
2026-05-20 15:11:48,751 - INFO - Processed __main__.dot: Score=0.8730 (1 paths)
2026-05-20 15:11:49,113 - INFO - Processed test_case_0.dot: Score=0.9320 (1 paths)
2026-05-20 15:11:49,188 - INFO - Processed __main__.dot: Score=0.8170 (1 paths)
2026-05-20 15:11:49,263 - INFO - Processed test_version_part_instantiation_does_not_raise.dot: Score=0.6667 (1 paths)
<unknown>:24: SyntaxWarning: invalid escape sequence '\['
<unknown>:25: SyntaxWarning: invalid escape sequence '\['
<unknown>:26: SyntaxWarning: invalid escape sequence '\('
<unknown>:27: SyntaxWarning: invalid escape sequence '\('
<unknown>:28: SyntaxWarning: invalid escape sequence '\e'
2026-05-20 15:12:02,290 - INFO - HTTP Request: POST https://anast.ita.chalmers.se:4100/v1/chat/completions "HTTP/1.1 200 OK"
2026-05-20 15:12:27,822 - INFO - HTTP Request: POST https://anast.ita.chalmers.se:4100/v1/chat/completions "HTTP/1.1 200 OK"
2026-05-20 15:12:30,033 - INFO - HTTP Request: POST https://anast.ita.chalmers.se:4100/v1/chat/completions "HTTP/1.1 200 OK"
2026-05-20 15:12:42,399 - INFO - HTTP Request: POST https://anast.ita.chalmers.se:4100/v1/chat/completions "HTTP/1.1 200 OK"
2026-05-20 15:12:44,033 - INFO - Loading model: microsoft/codebert-base-mlm
/data/users/eliassam/miniforge3/lib/python3.12/site-packages/transformers/tokenization_utils_base.py:1601: FutureWarning: `clean_up_tokenization_spaces` was not set. It will be set to `True` by default. This behavior will be depracted in transformers v4.45, and will be then set to `False` by default. For more details check this issue: https://github.com/huggingface/transformers/issues/31884
  warnings.warn(
Some weights of the model checkpoint at microsoft/codebert-base-mlm were not used when initializing RobertaForMaskedLM: ['roberta.pooler.dense.bias', 'roberta.pooler.dense.weight']
- This IS expected if you are initializing RobertaForMaskedLM from the checkpoint of a model trained on another task or with another architecture (e.g. initializing a BertForSequenceClassification model from a BertForPreTraining model).
- This IS NOT expected if you are initializing RobertaForMaskedLM from the checkpoint of a model that you expect to be exactly identical (initializing a BertForSequenceClassification model from a BertForSequenceClassification model).
2026-05-20 15:12:46,484 - INFO - Processed __main__.dot: Score=0.8569 (1 paths)
2026-05-20 15:12:48,101 - INFO - Processed test_case_0.dot: Score=0.4330 (1 paths)
2026-05-20 15:12:48,870 - INFO - Processed __main__.dot: Score=0.6696 (1 paths)
2026-05-20 15:12:49,027 - INFO - Processed test_build_setup_cfg_command_class_with_none_input.dot: Score=0.4451 (1 paths)
<unknown>:24: SyntaxWarning: invalid escape sequence '\['
<unknown>:25: SyntaxWarning: invalid escape sequence '\['
<unknown>:26: SyntaxWarning: invalid escape sequence '\('
<unknown>:27: SyntaxWarning: invalid escape sequence '\('
<unknown>:28: SyntaxWarning: invalid escape sequence '\e'
2026-05-20 15:13:02,649 - INFO - HTTP Request: POST https://anast.ita.chalmers.se:4100/v1/chat/completions "HTTP/1.1 200 OK"
2026-05-20 15:13:28,420 - INFO - HTTP Request: POST https://anast.ita.chalmers.se:4100/v1/chat/completions "HTTP/1.1 200 OK"
2026-05-20 15:13:30,534 - INFO - HTTP Request: POST https://anast.ita.chalmers.se:4100/v1/chat/completions "HTTP/1.1 200 OK"
2026-05-20 15:13:42,452 - INFO - HTTP Request: POST https://anast.ita.chalmers.se:4100/v1/chat/completions "HTTP/1.1 200 OK"
2026-05-20 15:13:43,249 - INFO - Loading model: microsoft/codebert-base-mlm
/data/users/eliassam/miniforge3/lib/python3.12/site-packages/transformers/tokenization_utils_base.py:1601: FutureWarning: `clean_up_tokenization_spaces` was not set. It will be set to `True` by default. This behavior will be depracted in transformers v4.45, and will be then set to `False` by default. For more details check this issue: https://github.com/huggingface/transformers/issues/31884
  warnings.warn(
Some weights of the model checkpoint at microsoft/codebert-base-mlm were not used when initializing RobertaForMaskedLM: ['roberta.pooler.dense.bias', 'roberta.pooler.dense.weight']
- This IS expected if you are initializing RobertaForMaskedLM from the checkpoint of a model trained on another task or with another architecture (e.g. initializing a BertForSequenceClassification model from a BertForPreTraining model).
- This IS NOT expected if you are initializing RobertaForMaskedLM from the checkpoint of a model that you expect to be exactly identical (initializing a BertForSequenceClassification model from a BertForSequenceClassification model).
2026-05-20 15:13:45,088 - INFO - Processed __main__.dot: Score=0.8569 (1 paths)
2026-05-20 15:13:45,162 - INFO - Processed test_case_0.dot: Score=0.4330 (1 paths)
2026-05-20 15:13:45,234 - INFO - Processed __main__.dot: Score=0.6696 (1 paths)
2026-05-20 15:13:45,321 - INFO - Processed test_build_setup_cfg_command_class_with_none_argument.dot: Score=0.3934 (1 paths)
<unknown>:24: SyntaxWarning: invalid escape sequence '\['
<unknown>:25: SyntaxWarning: invalid escape sequence '\['
<unknown>:26: SyntaxWarning: invalid escape sequence '\('
<unknown>:27: SyntaxWarning: invalid escape sequence '\('
<unknown>:28: SyntaxWarning: invalid escape sequence '\e'
2026-05-20 15:13:54,318 - INFO - HTTP Request: POST https://anast.ita.chalmers.se:4100/v1/chat/completions "HTTP/1.1 200 OK"
2026-05-20 15:14:20,020 - INFO - HTTP Request: POST https://anast.ita.chalmers.se:4100/v1/chat/completions "HTTP/1.1 200 OK"
2026-05-20 15:14:22,490 - INFO - HTTP Request: POST https://anast.ita.chalmers.se:4100/v1/chat/completions "HTTP/1.1 200 OK"
2026-05-20 15:14:34,048 - INFO - HTTP Request: POST https://anast.ita.chalmers.se:4100/v1/chat/completions "HTTP/1.1 200 OK"
2026-05-20 15:14:36,293 - INFO - Loading model: microsoft/codebert-base-mlm
/data/users/eliassam/miniforge3/lib/python3.12/site-packages/transformers/tokenization_utils_base.py:1601: FutureWarning: `clean_up_tokenization_spaces` was not set. It will be set to `True` by default. This behavior will be depracted in transformers v4.45, and will be then set to `False` by default. For more details check this issue: https://github.com/huggingface/transformers/issues/31884
  warnings.warn(
Some weights of the model checkpoint at microsoft/codebert-base-mlm were not used when initializing RobertaForMaskedLM: ['roberta.pooler.dense.bias', 'roberta.pooler.dense.weight']
- This IS expected if you are initializing RobertaForMaskedLM from the checkpoint of a model trained on another task or with another architecture (e.g. initializing a BertForSequenceClassification model from a BertForPreTraining model).
- This IS NOT expected if you are initializing RobertaForMaskedLM from the checkpoint of a model that you expect to be exactly identical (initializing a BertForSequenceClassification model from a BertForSequenceClassification model).
2026-05-20 15:14:38,377 - INFO - Processed __main__.dot: Score=0.8569 (1 paths)
2026-05-20 15:14:38,647 - INFO - Processed test_case_0.dot: Score=0.4330 (1 paths)
2026-05-20 15:14:38,734 - INFO - Processed __main__.dot: Score=0.7343 (1 paths)
2026-05-20 15:14:38,822 - INFO - Processed test_build_setup_cfg_command_class_with_none_argument.dot: Score=0.3483 (1 paths)
<unknown>:24: SyntaxWarning: invalid escape sequence '\['
<unknown>:25: SyntaxWarning: invalid escape sequence '\['
<unknown>:26: SyntaxWarning: invalid escape sequence '\('
<unknown>:27: SyntaxWarning: invalid escape sequence '\('
<unknown>:28: SyntaxWarning: invalid escape sequence '\e'
2026-05-20 15:14:56,353 - INFO - HTTP Request: POST https://anast.ita.chalmers.se:4100/v1/chat/completions "HTTP/1.1 200 OK"
2026-05-20 15:15:21,567 - INFO - HTTP Request: POST https://anast.ita.chalmers.se:4100/v1/chat/completions "HTTP/1.1 200 OK"
2026-05-20 15:15:23,445 - INFO - HTTP Request: POST https://anast.ita.chalmers.se:4100/v1/chat/completions "HTTP/1.1 200 OK"
2026-05-20 15:15:25,014 - INFO - Loading model: microsoft/codebert-base-mlm
/data/users/eliassam/miniforge3/lib/python3.12/site-packages/transformers/tokenization_utils_base.py:1601: FutureWarning: `clean_up_tokenization_spaces` was not set. It will be set to `True` by default. This behavior will be depracted in transformers v4.45, and will be then set to `False` by default. For more details check this issue: https://github.com/huggingface/transformers/issues/31884
  warnings.warn(
Some weights of the model checkpoint at microsoft/codebert-base-mlm were not used when initializing RobertaForMaskedLM: ['roberta.pooler.dense.bias', 'roberta.pooler.dense.weight']
- This IS expected if you are initializing RobertaForMaskedLM from the checkpoint of a model trained on another task or with another architecture (e.g. initializing a BertForSequenceClassification model from a BertForPreTraining model).
- This IS NOT expected if you are initializing RobertaForMaskedLM from the checkpoint of a model that you expect to be exactly identical (initializing a BertForSequenceClassification model from a BertForSequenceClassification model).
2026-05-20 15:15:27,146 - INFO - Processed __main__.dot: Score=0.8612 (1 paths)
2026-05-20 15:15:27,219 - INFO - Processed test_case_0.dot: Score=0.9121 (1 paths)
2026-05-20 15:15:27,426 - INFO - Processed __main__.dot: Score=0.8052 (1 paths)
2026-05-20 15:15:27,515 - INFO - Processed test_headers_formatter_instantiates_without_error.dot: Score=0.7154 (1 paths)
<unknown>:24: SyntaxWarning: invalid escape sequence '\['
<unknown>:25: SyntaxWarning: invalid escape sequence '\['
<unknown>:26: SyntaxWarning: invalid escape sequence '\('
<unknown>:27: SyntaxWarning: invalid escape sequence '\('
<unknown>:28: SyntaxWarning: invalid escape sequence '\e'
2026-05-20 15:15:39,380 - INFO - HTTP Request: POST https://anast.ita.chalmers.se:4100/v1/chat/completions "HTTP/1.1 200 OK"
2026-05-20 15:16:02,141 - INFO - HTTP Request: POST https://anast.ita.chalmers.se:4100/v1/chat/completions "HTTP/1.1 200 OK"
2026-05-20 15:16:04,234 - INFO - HTTP Request: POST https://anast.ita.chalmers.se:4100/v1/chat/completions "HTTP/1.1 200 OK"
2026-05-20 15:16:09,310 - INFO - Loading model: microsoft/codebert-base-mlm
/data/users/eliassam/miniforge3/lib/python3.12/site-packages/transformers/tokenization_utils_base.py:1601: FutureWarning: `clean_up_tokenization_spaces` was not set. It will be set to `True` by default. This behavior will be depracted in transformers v4.45, and will be then set to `False` by default. For more details check this issue: https://github.com/huggingface/transformers/issues/31884
  warnings.warn(
Some weights of the model checkpoint at microsoft/codebert-base-mlm were not used when initializing RobertaForMaskedLM: ['roberta.pooler.dense.bias', 'roberta.pooler.dense.weight']
- This IS expected if you are initializing RobertaForMaskedLM from the checkpoint of a model trained on another task or with another architecture (e.g. initializing a BertForSequenceClassification model from a BertForPreTraining model).
- This IS NOT expected if you are initializing RobertaForMaskedLM from the checkpoint of a model that you expect to be exactly identical (initializing a BertForSequenceClassification model from a BertForSequenceClassification model).
2026-05-20 15:16:11,611 - INFO - Processed __main__.dot: Score=0.8612 (1 paths)
2026-05-20 15:16:11,669 - INFO - Processed test_case_0.dot: Score=0.9121 (1 paths)
2026-05-20 15:16:11,769 - INFO - Processed __main__.dot: Score=0.8052 (1 paths)
2026-05-20 15:16:11,845 - INFO - Processed test_headers_formatter_instantiation_succeeds.dot: Score=0.6013 (1 paths)
<unknown>:24: SyntaxWarning: invalid escape sequence '\['
<unknown>:25: SyntaxWarning: invalid escape sequence '\['
<unknown>:26: SyntaxWarning: invalid escape sequence '\('
<unknown>:27: SyntaxWarning: invalid escape sequence '\('
<unknown>:28: SyntaxWarning: invalid escape sequence '\e'
2026-05-20 15:16:27,517 - INFO - HTTP Request: POST https://anast.ita.chalmers.se:4100/v1/chat/completions "HTTP/1.1 200 OK"
2026-05-20 15:16:51,589 - INFO - HTTP Request: POST https://anast.ita.chalmers.se:4100/v1/chat/completions "HTTP/1.1 200 OK"
2026-05-20 15:16:53,485 - INFO - HTTP Request: POST https://anast.ita.chalmers.se:4100/v1/chat/completions "HTTP/1.1 200 OK"
2026-05-20 15:16:54,949 - INFO - Loading model: microsoft/codebert-base-mlm
/data/users/eliassam/miniforge3/lib/python3.12/site-packages/transformers/tokenization_utils_base.py:1601: FutureWarning: `clean_up_tokenization_spaces` was not set. It will be set to `True` by default. This behavior will be depracted in transformers v4.45, and will be then set to `False` by default. For more details check this issue: https://github.com/huggingface/transformers/issues/31884
  warnings.warn(
Some weights of the model checkpoint at microsoft/codebert-base-mlm were not used when initializing RobertaForMaskedLM: ['roberta.pooler.dense.bias', 'roberta.pooler.dense.weight']
- This IS expected if you are initializing RobertaForMaskedLM from the checkpoint of a model trained on another task or with another architecture (e.g. initializing a BertForSequenceClassification model from a BertForPreTraining model).
- This IS NOT expected if you are initializing RobertaForMaskedLM from the checkpoint of a model that you expect to be exactly identical (initializing a BertForSequenceClassification model from a BertForSequenceClassification model).
2026-05-20 15:16:57,279 - INFO - Processed __main__.dot: Score=0.8612 (1 paths)
2026-05-20 15:16:57,366 - INFO - Processed test_case_0.dot: Score=0.9121 (1 paths)
2026-05-20 15:16:57,448 - INFO - Processed __main__.dot: Score=0.8052 (1 paths)
2026-05-20 15:16:57,536 - INFO - Processed test_headers_formatter_instantiates_without_error.dot: Score=0.7154 (1 paths)
<unknown>:24: SyntaxWarning: invalid escape sequence '\['
<unknown>:25: SyntaxWarning: invalid escape sequence '\['
<unknown>:26: SyntaxWarning: invalid escape sequence '\('
<unknown>:27: SyntaxWarning: invalid escape sequence '\('
<unknown>:28: SyntaxWarning: invalid escape sequence '\e'
2026-05-20 15:17:10,613 - INFO - HTTP Request: POST https://anast.ita.chalmers.se:4100/v1/chat/completions "HTTP/1.1 200 OK"
2026-05-20 15:17:26,903 - INFO - HTTP Request: POST https://anast.ita.chalmers.se:4100/v1/chat/completions "HTTP/1.1 200 OK"
2026-05-20 15:17:29,112 - INFO - HTTP Request: POST https://anast.ita.chalmers.se:4100/v1/chat/completions "HTTP/1.1 200 OK"
2026-05-20 15:17:46,310 - INFO - HTTP Request: POST https://anast.ita.chalmers.se:4100/v1/chat/completions "HTTP/1.1 200 OK"
2026-05-20 15:17:49,283 - INFO - HTTP Request: POST https://anast.ita.chalmers.se:4100/v1/chat/completions "HTTP/1.1 200 OK"
2026-05-20 15:18:07,288 - INFO - HTTP Request: POST https://anast.ita.chalmers.se:4100/v1/chat/completions "HTTP/1.1 200 OK"
2026-05-20 15:18:09,115 - INFO - HTTP Request: POST https://anast.ita.chalmers.se:4100/v1/chat/completions "HTTP/1.1 200 OK"
2026-05-20 15:18:28,056 - INFO - HTTP Request: POST https://anast.ita.chalmers.se:4100/v1/chat/completions "HTTP/1.1 200 OK"
2026-05-20 15:18:30,977 - INFO - HTTP Request: POST https://anast.ita.chalmers.se:4100/v1/chat/completions "HTTP/1.1 200 OK"
2026-05-20 15:18:49,645 - INFO - HTTP Request: POST https://anast.ita.chalmers.se:4100/v1/chat/completions "HTTP/1.1 200 OK"
2026-05-20 15:18:52,055 - INFO - HTTP Request: POST https://anast.ita.chalmers.se:4100/v1/chat/completions "HTTP/1.1 200 OK"
2026-05-20 15:18:56,128 - INFO - Loading model: microsoft/codebert-base-mlm
/data/users/eliassam/miniforge3/lib/python3.12/site-packages/transformers/tokenization_utils_base.py:1601: FutureWarning: `clean_up_tokenization_spaces` was not set. It will be set to `True` by default. This behavior will be depracted in transformers v4.45, and will be then set to `False` by default. For more details check this issue: https://github.com/huggingface/transformers/issues/31884
  warnings.warn(
Some weights of the model checkpoint at microsoft/codebert-base-mlm were not used when initializing RobertaForMaskedLM: ['roberta.pooler.dense.bias', 'roberta.pooler.dense.weight']
- This IS expected if you are initializing RobertaForMaskedLM from the checkpoint of a model trained on another task or with another architecture (e.g. initializing a BertForSequenceClassification model from a BertForPreTraining model).
- This IS NOT expected if you are initializing RobertaForMaskedLM from the checkpoint of a model that you expect to be exactly identical (initializing a BertForSequenceClassification model from a BertForSequenceClassification model).
2026-05-20 15:18:58,727 - INFO - Processed __main__.dot: Score=0.7173 (1 paths)
2026-05-20 15:18:58,875 - INFO - Processed test_case_0.dot: Score=0.9371 (1 paths)
2026-05-20 15:18:59,046 - INFO - Processed test_case_1.dot: Score=0.3863 (2 paths)
2026-05-20 15:18:59,131 - INFO - Processed test_case_2.dot: Score=0.4633 (1 paths)
2026-05-20 15:18:59,261 - INFO - Processed test_case_3.dot: Score=0.2332 (1 paths)
2026-05-20 15:18:59,418 - INFO - Processed test_case_4.dot: Score=0.4287 (2 paths)
2026-05-20 15:18:59,544 - INFO - Processed __main__.dot: Score=0.6240 (1 paths)
2026-05-20 15:18:59,630 - INFO - Processed test_formatter_plugin_can_be_instantiated.dot: Score=0.5074 (1 paths)
2026-05-20 15:18:59,826 - INFO - Processed test_auth_plugin_get_auth_accepts_password_kwarg.dot: Score=0.4276 (2 paths)
2026-05-20 15:18:59,924 - INFO - Processed test_transport_plugin_get_adapter_does_not_raise.dot: Score=0.3708 (1 paths)
2026-05-20 15:19:00,073 - INFO - Processed test_converter_plugin_init_with_bytes_and_transport_plugin_get_adapter_do_not_raise.dot: Score=0.2828 (1 paths)
2026-05-20 15:19:00,257 - INFO - Processed test_converter_plugin_accepts_none_argument_and_converts_none.dot: Score=0.3354 (2 paths)
<unknown>:24: SyntaxWarning: invalid escape sequence '\['
<unknown>:25: SyntaxWarning: invalid escape sequence '\['
<unknown>:26: SyntaxWarning: invalid escape sequence '\('
<unknown>:27: SyntaxWarning: invalid escape sequence '\('
<unknown>:28: SyntaxWarning: invalid escape sequence '\e'
2026-05-20 15:19:17,645 - INFO - HTTP Request: POST https://anast.ita.chalmers.se:4100/v1/chat/completions "HTTP/1.1 200 OK"
2026-05-20 15:19:34,606 - INFO - HTTP Request: POST https://anast.ita.chalmers.se:4100/v1/chat/completions "HTTP/1.1 200 OK"
2026-05-20 15:19:36,495 - INFO - HTTP Request: POST https://anast.ita.chalmers.se:4100/v1/chat/completions "HTTP/1.1 200 OK"
2026-05-20 15:19:55,985 - INFO - HTTP Request: POST https://anast.ita.chalmers.se:4100/v1/chat/completions "HTTP/1.1 200 OK"
2026-05-20 15:19:58,672 - INFO - HTTP Request: POST https://anast.ita.chalmers.se:4100/v1/chat/completions "HTTP/1.1 200 OK"
2026-05-20 15:20:14,248 - INFO - HTTP Request: POST https://anast.ita.chalmers.se:4100/v1/chat/completions "HTTP/1.1 200 OK"
2026-05-20 15:20:16,510 - INFO - HTTP Request: POST https://anast.ita.chalmers.se:4100/v1/chat/completions "HTTP/1.1 200 OK"
2026-05-20 15:20:35,930 - INFO - HTTP Request: POST https://anast.ita.chalmers.se:4100/v1/chat/completions "HTTP/1.1 200 OK"
2026-05-20 15:20:39,145 - INFO - HTTP Request: POST https://anast.ita.chalmers.se:4100/v1/chat/completions "HTTP/1.1 200 OK"
2026-05-20 15:21:00,121 - INFO - HTTP Request: POST https://anast.ita.chalmers.se:4100/v1/chat/completions "HTTP/1.1 200 OK"
2026-05-20 15:21:02,774 - INFO - HTTP Request: POST https://anast.ita.chalmers.se:4100/v1/chat/completions "HTTP/1.1 200 OK"
2026-05-20 15:21:05,790 - INFO - Loading model: microsoft/codebert-base-mlm
/data/users/eliassam/miniforge3/lib/python3.12/site-packages/transformers/tokenization_utils_base.py:1601: FutureWarning: `clean_up_tokenization_spaces` was not set. It will be set to `True` by default. This behavior will be depracted in transformers v4.45, and will be then set to `False` by default. For more details check this issue: https://github.com/huggingface/transformers/issues/31884
  warnings.warn(
Some weights of the model checkpoint at microsoft/codebert-base-mlm were not used when initializing RobertaForMaskedLM: ['roberta.pooler.dense.bias', 'roberta.pooler.dense.weight']
- This IS expected if you are initializing RobertaForMaskedLM from the checkpoint of a model trained on another task or with another architecture (e.g. initializing a BertForSequenceClassification model from a BertForPreTraining model).
- This IS NOT expected if you are initializing RobertaForMaskedLM from the checkpoint of a model that you expect to be exactly identical (initializing a BertForSequenceClassification model from a BertForSequenceClassification model).
2026-05-20 15:21:07,686 - INFO - Processed __main__.dot: Score=0.7173 (1 paths)
2026-05-20 15:21:07,755 - INFO - Processed test_case_0.dot: Score=0.9371 (1 paths)
2026-05-20 15:21:07,925 - INFO - Processed test_case_1.dot: Score=0.3863 (2 paths)
2026-05-20 15:21:08,008 - INFO - Processed test_case_2.dot: Score=0.4633 (1 paths)
2026-05-20 15:21:08,138 - INFO - Processed test_case_3.dot: Score=0.2332 (1 paths)
2026-05-20 15:21:08,293 - INFO - Processed test_case_4.dot: Score=0.4287 (2 paths)
2026-05-20 15:21:08,385 - INFO - Processed __main__.dot: Score=0.6240 (1 paths)
2026-05-20 15:21:08,470 - INFO - Processed test_formatter_plugin_instantiates_without_error.dot: Score=0.5353 (1 paths)
2026-05-20 15:21:08,672 - INFO - Processed test_auth_plugin_get_auth_called_with_password.dot: Score=0.3349 (2 paths)
2026-05-20 15:21:08,768 - INFO - Processed test_transport_plugin_get_adapter_does_not_raise.dot: Score=0.3708 (1 paths)
2026-05-20 15:21:08,914 - INFO - Processed test_converter_plugin_accepts_bytes_and_transport_plugin_get_adapter_no_exception.dot: Score=0.2080 (1 paths)
2026-05-20 15:21:09,093 - INFO - Processed test_converter_plugin_convert_with_none_does_not_raise.dot: Score=0.3473 (2 paths)
<unknown>:24: SyntaxWarning: invalid escape sequence '\['
<unknown>:25: SyntaxWarning: invalid escape sequence '\['
<unknown>:26: SyntaxWarning: invalid escape sequence '\('
<unknown>:27: SyntaxWarning: invalid escape sequence '\('
<unknown>:28: SyntaxWarning: invalid escape sequence '\e'
2026-05-20 15:21:23,468 - INFO - HTTP Request: POST https://anast.ita.chalmers.se:4100/v1/chat/completions "HTTP/1.1 200 OK"
2026-05-20 15:21:42,533 - INFO - HTTP Request: POST https://anast.ita.chalmers.se:4100/v1/chat/completions "HTTP/1.1 200 OK"
2026-05-20 15:21:43,974 - INFO - HTTP Request: POST https://anast.ita.chalmers.se:4100/v1/chat/completions "HTTP/1.1 200 OK"
2026-05-20 15:22:03,689 - INFO - HTTP Request: POST https://anast.ita.chalmers.se:4100/v1/chat/completions "HTTP/1.1 200 OK"
2026-05-20 15:22:06,461 - INFO - HTTP Request: POST https://anast.ita.chalmers.se:4100/v1/chat/completions "HTTP/1.1 200 OK"
2026-05-20 15:22:22,878 - INFO - HTTP Request: POST https://anast.ita.chalmers.se:4100/v1/chat/completions "HTTP/1.1 200 OK"
2026-05-20 15:22:24,483 - INFO - HTTP Request: POST https://anast.ita.chalmers.se:4100/v1/chat/completions "HTTP/1.1 200 OK"
2026-05-20 15:22:48,933 - INFO - HTTP Request: POST https://anast.ita.chalmers.se:4100/v1/chat/completions "HTTP/1.1 200 OK"
2026-05-20 15:22:52,071 - INFO - HTTP Request: POST https://anast.ita.chalmers.se:4100/v1/chat/completions "HTTP/1.1 200 OK"
2026-05-20 15:23:11,191 - INFO - HTTP Request: POST https://anast.ita.chalmers.se:4100/v1/chat/completions "HTTP/1.1 200 OK"
2026-05-20 15:23:13,861 - INFO - HTTP Request: POST https://anast.ita.chalmers.se:4100/v1/chat/completions "HTTP/1.1 200 OK"
2026-05-20 15:23:17,112 - INFO - Loading model: microsoft/codebert-base-mlm
/data/users/eliassam/miniforge3/lib/python3.12/site-packages/transformers/tokenization_utils_base.py:1601: FutureWarning: `clean_up_tokenization_spaces` was not set. It will be set to `True` by default. This behavior will be depracted in transformers v4.45, and will be then set to `False` by default. For more details check this issue: https://github.com/huggingface/transformers/issues/31884
  warnings.warn(
Some weights of the model checkpoint at microsoft/codebert-base-mlm were not used when initializing RobertaForMaskedLM: ['roberta.pooler.dense.bias', 'roberta.pooler.dense.weight']
- This IS expected if you are initializing RobertaForMaskedLM from the checkpoint of a model trained on another task or with another architecture (e.g. initializing a BertForSequenceClassification model from a BertForPreTraining model).
- This IS NOT expected if you are initializing RobertaForMaskedLM from the checkpoint of a model that you expect to be exactly identical (initializing a BertForSequenceClassification model from a BertForSequenceClassification model).
2026-05-20 15:23:19,035 - INFO - Processed __main__.dot: Score=0.7173 (1 paths)
2026-05-20 15:23:19,091 - INFO - Processed test_case_0.dot: Score=0.9371 (1 paths)
2026-05-20 15:23:19,564 - INFO - Processed test_case_1.dot: Score=0.3863 (2 paths)
2026-05-20 15:23:19,636 - INFO - Processed test_case_2.dot: Score=0.4633 (1 paths)
2026-05-20 15:23:19,743 - INFO - Processed test_case_3.dot: Score=0.2332 (1 paths)
2026-05-20 15:23:19,870 - INFO - Processed test_case_4.dot: Score=0.4287 (2 paths)
2026-05-20 15:23:19,966 - INFO - Processed __main__.dot: Score=0.6240 (1 paths)
2026-05-20 15:23:20,040 - INFO - Processed test_formatter_plugin_can_be_instantiated.dot: Score=0.5815 (1 paths)
2026-05-20 15:23:20,193 - INFO - Processed test_auth_plugin_get_auth_with_password_only.dot: Score=0.3220 (2 paths)
2026-05-20 15:23:20,274 - INFO - Processed test_transport_plugin_get_adapter_does_not_raise.dot: Score=0.3335 (1 paths)
2026-05-20 15:23:20,392 - INFO - Processed test_converter_plugin_init_and_transport_plugin_get_adapter.dot: Score=0.2574 (1 paths)
2026-05-20 15:23:20,538 - INFO - Processed test_converter_plugin_instantiation_and_convert_with_none.dot: Score=0.3713 (2 paths)
<unknown>:24: SyntaxWarning: invalid escape sequence '\['
<unknown>:25: SyntaxWarning: invalid escape sequence '\['
<unknown>:26: SyntaxWarning: invalid escape sequence '\('
<unknown>:27: SyntaxWarning: invalid escape sequence '\('
<unknown>:28: SyntaxWarning: invalid escape sequence '\e'
2026-05-20 15:23:38,164 - INFO - HTTP Request: POST https://anast.ita.chalmers.se:4100/v1/chat/completions "HTTP/1.1 200 OK"
2026-05-20 15:24:04,109 - INFO - HTTP Request: POST https://anast.ita.chalmers.se:4100/v1/chat/completions "HTTP/1.1 200 OK"
2026-05-20 15:24:06,311 - INFO - HTTP Request: POST https://anast.ita.chalmers.se:4100/v1/chat/completions "HTTP/1.1 200 OK"
2026-05-20 15:24:35,029 - INFO - HTTP Request: POST https://anast.ita.chalmers.se:4100/v1/chat/completions "HTTP/1.1 200 OK"
2026-05-20 15:24:37,998 - INFO - HTTP Request: POST https://anast.ita.chalmers.se:4100/v1/chat/completions "HTTP/1.1 200 OK"
2026-05-20 15:25:08,248 - INFO - HTTP Request: POST https://anast.ita.chalmers.se:4100/v1/chat/completions "HTTP/1.1 200 OK"
2026-05-20 15:25:11,830 - INFO - HTTP Request: POST https://anast.ita.chalmers.se:4100/v1/chat/completions "HTTP/1.1 200 OK"
2026-05-20 15:25:44,252 - INFO - HTTP Request: POST https://anast.ita.chalmers.se:4100/v1/chat/completions "HTTP/1.1 200 OK"
2026-05-20 15:25:48,352 - INFO - HTTP Request: POST https://anast.ita.chalmers.se:4100/v1/chat/completions "HTTP/1.1 200 OK"
2026-05-20 15:26:22,465 - INFO - HTTP Request: POST https://anast.ita.chalmers.se:4100/v1/chat/completions "HTTP/1.1 200 OK"
2026-05-20 15:26:27,468 - INFO - HTTP Request: POST https://anast.ita.chalmers.se:4100/v1/chat/completions "HTTP/1.1 200 OK"
2026-05-20 15:26:48,416 - INFO - HTTP Request: POST https://anast.ita.chalmers.se:4100/v1/chat/completions "HTTP/1.1 200 OK"
2026-05-20 15:26:49,863 - INFO - Loading model: microsoft/codebert-base-mlm
/data/users/eliassam/miniforge3/lib/python3.12/site-packages/transformers/tokenization_utils_base.py:1601: FutureWarning: `clean_up_tokenization_spaces` was not set. It will be set to `True` by default. This behavior will be depracted in transformers v4.45, and will be then set to `False` by default. For more details check this issue: https://github.com/huggingface/transformers/issues/31884
  warnings.warn(
2026-05-20 15:27:06,243 - ERROR - Failed to load model: (ReadTimeoutError("HTTPSConnectionPool(host='huggingface.co', port=443): Read timed out. (read timeout=10)"), '(Request ID: c1aa0590-0e7e-41e5-a346-51ecb0e08623)')
<unknown>:24: SyntaxWarning: invalid escape sequence '\['
<unknown>:25: SyntaxWarning: invalid escape sequence '\['
<unknown>:26: SyntaxWarning: invalid escape sequence '\('
<unknown>:27: SyntaxWarning: invalid escape sequence '\('
<unknown>:28: SyntaxWarning: invalid escape sequence '\e'
2026-05-20 15:27:25,846 - INFO - HTTP Request: POST https://anast.ita.chalmers.se:4100/v1/chat/completions "HTTP/1.1 200 OK"
2026-05-20 15:27:52,234 - INFO - HTTP Request: POST https://anast.ita.chalmers.se:4100/v1/chat/completions "HTTP/1.1 200 OK"
2026-05-20 15:27:54,237 - INFO - HTTP Request: POST https://anast.ita.chalmers.se:4100/v1/chat/completions "HTTP/1.1 200 OK"
2026-05-20 15:28:22,330 - INFO - HTTP Request: POST https://anast.ita.chalmers.se:4100/v1/chat/completions "HTTP/1.1 200 OK"
2026-05-20 15:28:26,043 - INFO - HTTP Request: POST https://anast.ita.chalmers.se:4100/v1/chat/completions "HTTP/1.1 200 OK"
2026-05-20 15:28:56,444 - INFO - HTTP Request: POST https://anast.ita.chalmers.se:4100/v1/chat/completions "HTTP/1.1 200 OK"
2026-05-20 15:29:00,521 - INFO - HTTP Request: POST https://anast.ita.chalmers.se:4100/v1/chat/completions "HTTP/1.1 200 OK"
2026-05-20 15:29:40,811 - INFO - HTTP Request: POST https://anast.ita.chalmers.se:4100/v1/chat/completions "HTTP/1.1 200 OK"
2026-05-20 15:29:44,729 - INFO - HTTP Request: POST https://anast.ita.chalmers.se:4100/v1/chat/completions "HTTP/1.1 200 OK"
2026-05-20 15:30:15,380 - INFO - HTTP Request: POST https://anast.ita.chalmers.se:4100/v1/chat/completions "HTTP/1.1 200 OK"
2026-05-20 15:30:19,549 - INFO - HTTP Request: POST https://anast.ita.chalmers.se:4100/v1/chat/completions "HTTP/1.1 200 OK"
2026-05-20 15:30:38,841 - INFO - HTTP Request: POST https://anast.ita.chalmers.se:4100/v1/chat/completions "HTTP/1.1 200 OK"
2026-05-20 15:30:40,259 - INFO - Loading model: microsoft/codebert-base-mlm
/data/users/eliassam/miniforge3/lib/python3.12/site-packages/transformers/tokenization_utils_base.py:1601: FutureWarning: `clean_up_tokenization_spaces` was not set. It will be set to `True` by default. This behavior will be depracted in transformers v4.45, and will be then set to `False` by default. For more details check this issue: https://github.com/huggingface/transformers/issues/31884
  warnings.warn(
Some weights of the model checkpoint at microsoft/codebert-base-mlm were not used when initializing RobertaForMaskedLM: ['roberta.pooler.dense.bias', 'roberta.pooler.dense.weight']
- This IS expected if you are initializing RobertaForMaskedLM from the checkpoint of a model trained on another task or with another architecture (e.g. initializing a BertForSequenceClassification model from a BertForPreTraining model).
- This IS NOT expected if you are initializing RobertaForMaskedLM from the checkpoint of a model that you expect to be exactly identical (initializing a BertForSequenceClassification model from a BertForSequenceClassification model).
2026-05-20 15:30:42,628 - INFO - Processed __main__.dot: Score=0.5496 (1 paths)
2026-05-20 15:30:42,838 - INFO - Processed test_case_0.dot: Score=0.6932 (1 paths)
2026-05-20 15:30:43,072 - INFO - Processed test_case_1.dot: Score=0.3087 (3 paths)
2026-05-20 15:30:43,598 - INFO - Processed test_case_2.dot: Score=0.2390 (7 paths)
2026-05-20 15:30:43,859 - INFO - Processed test_case_3.dot: Score=0.2258 (3 paths)
2026-05-20 15:30:44,223 - INFO - Processed test_case_4.dot: Score=0.2020 (4 paths)
2026-05-20 15:30:44,322 - INFO - Processed __main__.dot: Score=0.5324 (1 paths)
2026-05-20 15:30:44,400 - INFO - Processed test_base_node_transformer_instantiation_with_none.dot: Score=0.4350 (1 paths)
2026-05-20 15:30:44,662 - INFO - Processed test_visit_import_from_with_mat_mult_node_does_not_raise.dot: Score=0.2257 (3 paths)
2026-05-20 15:30:45,476 - INFO - Processed test_visit_import_from_with_none_module_and_mixed_names.dot: Score=0.2259 (7 paths)
2026-05-20 15:30:45,767 - INFO - Processed test_visit_import_from_with_dict_unpacked_args_does_not_raise.dot: Score=0.2383 (3 paths)
2026-05-20 15:30:46,182 - INFO - Processed test_visit_import_from_with_dict_unpacked_string_keys.dot: Score=0.3106 (4 paths)
<unknown>:24: SyntaxWarning: invalid escape sequence '\['
<unknown>:25: SyntaxWarning: invalid escape sequence '\['
<unknown>:26: SyntaxWarning: invalid escape sequence '\('
<unknown>:27: SyntaxWarning: invalid escape sequence '\('
<unknown>:28: SyntaxWarning: invalid escape sequence '\e'
2026-05-20 15:31:00,578 - INFO - HTTP Request: POST https://anast.ita.chalmers.se:4100/v1/chat/completions "HTTP/1.1 200 OK"
2026-05-20 15:31:28,399 - INFO - HTTP Request: POST https://anast.ita.chalmers.se:4100/v1/chat/completions "HTTP/1.1 200 OK"
2026-05-20 15:31:30,682 - INFO - HTTP Request: POST https://anast.ita.chalmers.se:4100/v1/chat/completions "HTTP/1.1 200 OK"
2026-05-20 15:31:59,069 - INFO - HTTP Request: POST https://anast.ita.chalmers.se:4100/v1/chat/completions "HTTP/1.1 200 OK"
2026-05-20 15:32:02,460 - INFO - HTTP Request: POST https://anast.ita.chalmers.se:4100/v1/chat/completions "HTTP/1.1 200 OK"
2026-05-20 15:32:32,176 - INFO - HTTP Request: POST https://anast.ita.chalmers.se:4100/v1/chat/completions "HTTP/1.1 200 OK"
2026-05-20 15:32:36,061 - INFO - HTTP Request: POST https://anast.ita.chalmers.se:4100/v1/chat/completions "HTTP/1.1 200 OK"
2026-05-20 15:33:08,285 - INFO - HTTP Request: POST https://anast.ita.chalmers.se:4100/v1/chat/completions "HTTP/1.1 200 OK"
2026-05-20 15:33:11,930 - INFO - HTTP Request: POST https://anast.ita.chalmers.se:4100/v1/chat/completions "HTTP/1.1 200 OK"
2026-05-20 15:33:44,260 - INFO - HTTP Request: POST https://anast.ita.chalmers.se:4100/v1/chat/completions "HTTP/1.1 200 OK"
2026-05-20 15:33:48,089 - INFO - HTTP Request: POST https://anast.ita.chalmers.se:4100/v1/chat/completions "HTTP/1.1 200 OK"
2026-05-20 15:34:09,419 - INFO - HTTP Request: POST https://anast.ita.chalmers.se:4100/v1/chat/completions "HTTP/1.1 200 OK"
2026-05-20 15:34:10,796 - INFO - Loading model: microsoft/codebert-base-mlm
/data/users/eliassam/miniforge3/lib/python3.12/site-packages/transformers/tokenization_utils_base.py:1601: FutureWarning: `clean_up_tokenization_spaces` was not set. It will be set to `True` by default. This behavior will be depracted in transformers v4.45, and will be then set to `False` by default. For more details check this issue: https://github.com/huggingface/transformers/issues/31884
  warnings.warn(
Some weights of the model checkpoint at microsoft/codebert-base-mlm were not used when initializing RobertaForMaskedLM: ['roberta.pooler.dense.bias', 'roberta.pooler.dense.weight']
- This IS expected if you are initializing RobertaForMaskedLM from the checkpoint of a model trained on another task or with another architecture (e.g. initializing a BertForSequenceClassification model from a BertForPreTraining model).
- This IS NOT expected if you are initializing RobertaForMaskedLM from the checkpoint of a model that you expect to be exactly identical (initializing a BertForSequenceClassification model from a BertForSequenceClassification model).
2026-05-20 15:34:13,119 - INFO - Processed __main__.dot: Score=0.5496 (1 paths)
2026-05-20 15:34:13,192 - INFO - Processed test_case_0.dot: Score=0.6932 (1 paths)
2026-05-20 15:34:13,610 - INFO - Processed test_case_1.dot: Score=0.3087 (3 paths)
2026-05-20 15:34:14,149 - INFO - Processed test_case_2.dot: Score=0.2390 (7 paths)
2026-05-20 15:34:14,418 - INFO - Processed test_case_3.dot: Score=0.2258 (3 paths)
2026-05-20 15:34:14,798 - INFO - Processed test_case_4.dot: Score=0.2020 (4 paths)
2026-05-20 15:34:14,903 - INFO - Processed __main__.dot: Score=0.5324 (1 paths)
2026-05-20 15:34:14,983 - INFO - Processed test_base_node_transformer_instantiation_with_none.dot: Score=0.4350 (1 paths)
2026-05-20 15:34:15,251 - INFO - Processed test_visit_import_from_with_mat_mult_node_does_not_raise.dot: Score=0.3567 (3 paths)
2026-05-20 15:34:15,854 - INFO - Processed test_visit_import_from_with_none_module_and_mat_mult_arg.dot: Score=0.1991 (7 paths)
2026-05-20 15:34:16,144 - INFO - Processed test_visit_import_from_with_dict_args_does_not_raise.dot: Score=0.2163 (3 paths)
2026-05-20 15:34:16,552 - INFO - Processed test_visit_import_from_with_edge_case_string_args.dot: Score=0.2502 (4 paths)
<unknown>:24: SyntaxWarning: invalid escape sequence '\['
<unknown>:25: SyntaxWarning: invalid escape sequence '\['
<unknown>:26: SyntaxWarning: invalid escape sequence '\('
<unknown>:27: SyntaxWarning: invalid escape sequence '\('
<unknown>:28: SyntaxWarning: invalid escape sequence '\e'
2026-05-20 15:34:37,249 - INFO - HTTP Request: POST https://anast.ita.chalmers.se:4100/v1/chat/completions "HTTP/1.1 200 OK"
2026-05-20 15:35:08,599 - INFO - HTTP Request: POST https://anast.ita.chalmers.se:4100/v1/chat/completions "HTTP/1.1 200 OK"
2026-05-20 15:35:10,473 - INFO - HTTP Request: POST https://anast.ita.chalmers.se:4100/v1/chat/completions "HTTP/1.1 200 OK"
2026-05-20 15:35:39,375 - INFO - HTTP Request: POST https://anast.ita.chalmers.se:4100/v1/chat/completions "HTTP/1.1 200 OK"
2026-05-20 15:35:42,318 - INFO - HTTP Request: POST https://anast.ita.chalmers.se:4100/v1/chat/completions "HTTP/1.1 200 OK"
2026-05-20 15:35:59,186 - INFO - Loading model: microsoft/codebert-base-mlm
/data/users/eliassam/miniforge3/lib/python3.12/site-packages/transformers/tokenization_utils_base.py:1601: FutureWarning: `clean_up_tokenization_spaces` was not set. It will be set to `True` by default. This behavior will be depracted in transformers v4.45, and will be then set to `False` by default. For more details check this issue: https://github.com/huggingface/transformers/issues/31884
  warnings.warn(
Some weights of the model checkpoint at microsoft/codebert-base-mlm were not used when initializing RobertaForMaskedLM: ['roberta.pooler.dense.bias', 'roberta.pooler.dense.weight']
- This IS expected if you are initializing RobertaForMaskedLM from the checkpoint of a model trained on another task or with another architecture (e.g. initializing a BertForSequenceClassification model from a BertForPreTraining model).
- This IS NOT expected if you are initializing RobertaForMaskedLM from the checkpoint of a model that you expect to be exactly identical (initializing a BertForSequenceClassification model from a BertForSequenceClassification model).
2026-05-20 15:36:02,272 - INFO - Processed __main__.dot: Score=0.3568 (1 paths)
2026-05-20 15:36:03,890 - INFO - Processed test_case_0.dot: Score=0.4130 (1 paths)
2026-05-20 15:36:07,349 - INFO - Processed test_case_1.dot: Score=0.2663 (3 paths)
2026-05-20 15:36:12,615 - INFO - Processed __main__.dot: Score=0.3671 (1 paths)
2026-05-20 15:36:13,009 - INFO - Processed test_dict_unpacking_transformer_instantiation_with_module_node.dot: Score=0.3998 (1 paths)
2026-05-20 15:36:13,237 - INFO - Processed test_visit_module_processes_parsed_ast_without_error.dot: Score=0.2950 (3 paths)
<unknown>:24: SyntaxWarning: invalid escape sequence '\['
<unknown>:25: SyntaxWarning: invalid escape sequence '\['
<unknown>:26: SyntaxWarning: invalid escape sequence '\('
<unknown>:27: SyntaxWarning: invalid escape sequence '\('
<unknown>:28: SyntaxWarning: invalid escape sequence '\e'
2026-05-20 15:36:23,918 - INFO - HTTP Request: POST https://anast.ita.chalmers.se:4100/v1/chat/completions "HTTP/1.1 200 OK"
2026-05-20 15:36:49,510 - INFO - HTTP Request: POST https://anast.ita.chalmers.se:4100/v1/chat/completions "HTTP/1.1 200 OK"
2026-05-20 15:36:52,025 - INFO - HTTP Request: POST https://anast.ita.chalmers.se:4100/v1/chat/completions "HTTP/1.1 200 OK"
2026-05-20 15:37:22,015 - INFO - HTTP Request: POST https://anast.ita.chalmers.se:4100/v1/chat/completions "HTTP/1.1 200 OK"
2026-05-20 15:37:24,965 - INFO - HTTP Request: POST https://anast.ita.chalmers.se:4100/v1/chat/completions "HTTP/1.1 200 OK"
2026-05-20 15:37:28,734 - INFO - Loading model: microsoft/codebert-base-mlm
/data/users/eliassam/miniforge3/lib/python3.12/site-packages/transformers/tokenization_utils_base.py:1601: FutureWarning: `clean_up_tokenization_spaces` was not set. It will be set to `True` by default. This behavior will be depracted in transformers v4.45, and will be then set to `False` by default. For more details check this issue: https://github.com/huggingface/transformers/issues/31884
  warnings.warn(
Some weights of the model checkpoint at microsoft/codebert-base-mlm were not used when initializing RobertaForMaskedLM: ['roberta.pooler.dense.bias', 'roberta.pooler.dense.weight']
- This IS expected if you are initializing RobertaForMaskedLM from the checkpoint of a model trained on another task or with another architecture (e.g. initializing a BertForSequenceClassification model from a BertForPreTraining model).
- This IS NOT expected if you are initializing RobertaForMaskedLM from the checkpoint of a model that you expect to be exactly identical (initializing a BertForSequenceClassification model from a BertForSequenceClassification model).
2026-05-20 15:37:31,217 - INFO - Processed __main__.dot: Score=0.3568 (1 paths)
2026-05-20 15:37:31,625 - INFO - Processed test_case_0.dot: Score=0.4130 (1 paths)
2026-05-20 15:37:31,826 - INFO - Processed test_case_1.dot: Score=0.2663 (3 paths)
2026-05-20 15:37:31,918 - INFO - Processed __main__.dot: Score=0.3671 (1 paths)
2026-05-20 15:37:31,994 - INFO - Processed test_dict_unpacking_transformer_instantiation_with_parsed_module.dot: Score=0.3998 (1 paths)
2026-05-20 15:37:32,234 - INFO - Processed test_dict_unpacking_transformer_visit_module_processes_parsed_ast.dot: Score=0.2578 (3 paths)
<unknown>:24: SyntaxWarning: invalid escape sequence '\['
<unknown>:25: SyntaxWarning: invalid escape sequence '\['
<unknown>:26: SyntaxWarning: invalid escape sequence '\('
<unknown>:27: SyntaxWarning: invalid escape sequence '\('
<unknown>:28: SyntaxWarning: invalid escape sequence '\e'
2026-05-20 15:37:44,986 - INFO - HTTP Request: POST https://anast.ita.chalmers.se:4100/v1/chat/completions "HTTP/1.1 200 OK"
2026-05-20 15:38:19,905 - INFO - HTTP Request: POST https://anast.ita.chalmers.se:4100/v1/chat/completions "HTTP/1.1 200 OK"
2026-05-20 15:38:24,434 - INFO - HTTP Request: POST https://anast.ita.chalmers.se:4100/v1/chat/completions "HTTP/1.1 200 OK"
2026-05-20 15:38:53,254 - INFO - HTTP Request: POST https://anast.ita.chalmers.se:4100/v1/chat/completions "HTTP/1.1 200 OK"
2026-05-20 15:38:56,110 - INFO - HTTP Request: POST https://anast.ita.chalmers.se:4100/v1/chat/completions "HTTP/1.1 200 OK"
2026-05-20 15:38:58,967 - INFO - Loading model: microsoft/codebert-base-mlm
/data/users/eliassam/miniforge3/lib/python3.12/site-packages/transformers/tokenization_utils_base.py:1601: FutureWarning: `clean_up_tokenization_spaces` was not set. It will be set to `True` by default. This behavior will be depracted in transformers v4.45, and will be then set to `False` by default. For more details check this issue: https://github.com/huggingface/transformers/issues/31884
  warnings.warn(
Some weights of the model checkpoint at microsoft/codebert-base-mlm were not used when initializing RobertaForMaskedLM: ['roberta.pooler.dense.bias', 'roberta.pooler.dense.weight']
- This IS expected if you are initializing RobertaForMaskedLM from the checkpoint of a model trained on another task or with another architecture (e.g. initializing a BertForSequenceClassification model from a BertForPreTraining model).
- This IS NOT expected if you are initializing RobertaForMaskedLM from the checkpoint of a model that you expect to be exactly identical (initializing a BertForSequenceClassification model from a BertForSequenceClassification model).
2026-05-20 15:39:01,304 - INFO - Processed __main__.dot: Score=0.3568 (1 paths)
2026-05-20 15:39:01,621 - INFO - Processed test_case_0.dot: Score=0.4130 (1 paths)
2026-05-20 15:39:01,836 - INFO - Processed test_case_1.dot: Score=0.2663 (3 paths)
2026-05-20 15:39:01,940 - INFO - Processed __main__.dot: Score=0.3671 (1 paths)
2026-05-20 15:39:02,024 - INFO - Processed test_dict_unpacking_transformer_instantiates_with_module.dot: Score=0.4248 (1 paths)
2026-05-20 15:39:02,275 - INFO - Processed test_visit_module_processes_parsed_ast_without_error.dot: Score=0.2950 (3 paths)
<unknown>:24: SyntaxWarning: invalid escape sequence '\['
<unknown>:25: SyntaxWarning: invalid escape sequence '\['
<unknown>:26: SyntaxWarning: invalid escape sequence '\('
<unknown>:27: SyntaxWarning: invalid escape sequence '\('
<unknown>:28: SyntaxWarning: invalid escape sequence '\e'
2026-05-20 15:39:18,626 - INFO - HTTP Request: POST https://anast.ita.chalmers.se:4100/v1/chat/completions "HTTP/1.1 200 OK"
2026-05-20 15:39:45,973 - INFO - HTTP Request: POST https://anast.ita.chalmers.se:4100/v1/chat/completions "HTTP/1.1 200 OK"
2026-05-20 15:39:47,660 - INFO - HTTP Request: POST https://anast.ita.chalmers.se:4100/v1/chat/completions "HTTP/1.1 200 OK"
2026-05-20 15:39:49,352 - INFO - Loading model: microsoft/codebert-base-mlm
/data/users/eliassam/miniforge3/lib/python3.12/site-packages/transformers/tokenization_utils_base.py:1601: FutureWarning: `clean_up_tokenization_spaces` was not set. It will be set to `True` by default. This behavior will be depracted in transformers v4.45, and will be then set to `False` by default. For more details check this issue: https://github.com/huggingface/transformers/issues/31884
  warnings.warn(
Some weights of the model checkpoint at microsoft/codebert-base-mlm were not used when initializing RobertaForMaskedLM: ['roberta.pooler.dense.bias', 'roberta.pooler.dense.weight']
- This IS expected if you are initializing RobertaForMaskedLM from the checkpoint of a model trained on another task or with another architecture (e.g. initializing a BertForSequenceClassification model from a BertForPreTraining model).
- This IS NOT expected if you are initializing RobertaForMaskedLM from the checkpoint of a model that you expect to be exactly identical (initializing a BertForSequenceClassification model from a BertForSequenceClassification model).
2026-05-20 15:39:51,723 - INFO - Processed __main__.dot: Score=0.6779 (1 paths)
2026-05-20 15:39:52,719 - INFO - Processed test_case_0.dot: Score=0.5231 (1 paths)
2026-05-20 15:39:53,726 - INFO - Processed __main__.dot: Score=0.6129 (1 paths)
2026-05-20 15:39:55,344 - INFO - Processed test_dump_with_none_input.dot: Score=0.4225 (1 paths)
<unknown>:24: SyntaxWarning: invalid escape sequence '\['
<unknown>:25: SyntaxWarning: invalid escape sequence '\['
<unknown>:26: SyntaxWarning: invalid escape sequence '\('
<unknown>:27: SyntaxWarning: invalid escape sequence '\('
<unknown>:28: SyntaxWarning: invalid escape sequence '\e'
2026-05-20 15:40:08,764 - INFO - HTTP Request: POST https://anast.ita.chalmers.se:4100/v1/chat/completions "HTTP/1.1 200 OK"
2026-05-20 15:40:34,357 - INFO - HTTP Request: POST https://anast.ita.chalmers.se:4100/v1/chat/completions "HTTP/1.1 200 OK"
2026-05-20 15:40:36,022 - INFO - HTTP Request: POST https://anast.ita.chalmers.se:4100/v1/chat/completions "HTTP/1.1 200 OK"
2026-05-20 15:40:37,687 - INFO - Loading model: microsoft/codebert-base-mlm
/data/users/eliassam/miniforge3/lib/python3.12/site-packages/transformers/tokenization_utils_base.py:1601: FutureWarning: `clean_up_tokenization_spaces` was not set. It will be set to `True` by default. This behavior will be depracted in transformers v4.45, and will be then set to `False` by default. For more details check this issue: https://github.com/huggingface/transformers/issues/31884
  warnings.warn(
Some weights of the model checkpoint at microsoft/codebert-base-mlm were not used when initializing RobertaForMaskedLM: ['roberta.pooler.dense.bias', 'roberta.pooler.dense.weight']
- This IS expected if you are initializing RobertaForMaskedLM from the checkpoint of a model trained on another task or with another architecture (e.g. initializing a BertForSequenceClassification model from a BertForPreTraining model).
- This IS NOT expected if you are initializing RobertaForMaskedLM from the checkpoint of a model that you expect to be exactly identical (initializing a BertForSequenceClassification model from a BertForSequenceClassification model).
2026-05-20 15:40:39,861 - INFO - Processed __main__.dot: Score=0.6779 (1 paths)
2026-05-20 15:40:39,938 - INFO - Processed test_case_0.dot: Score=0.5231 (1 paths)
2026-05-20 15:40:40,021 - INFO - Processed __main__.dot: Score=0.6129 (1 paths)
2026-05-20 15:40:40,103 - INFO - Processed test_dump_with_none_input.dot: Score=0.4225 (1 paths)
<unknown>:24: SyntaxWarning: invalid escape sequence '\['
<unknown>:25: SyntaxWarning: invalid escape sequence '\['
<unknown>:26: SyntaxWarning: invalid escape sequence '\('
<unknown>:27: SyntaxWarning: invalid escape sequence '\('
<unknown>:28: SyntaxWarning: invalid escape sequence '\e'
2026-05-20 15:40:53,930 - INFO - HTTP Request: POST https://anast.ita.chalmers.se:4100/v1/chat/completions "HTTP/1.1 200 OK"
2026-05-20 15:41:18,445 - INFO - HTTP Request: POST https://anast.ita.chalmers.se:4100/v1/chat/completions "HTTP/1.1 200 OK"
2026-05-20 15:41:20,457 - INFO - HTTP Request: POST https://anast.ita.chalmers.se:4100/v1/chat/completions "HTTP/1.1 200 OK"
2026-05-20 15:41:23,432 - INFO - Loading model: microsoft/codebert-base-mlm
/data/users/eliassam/miniforge3/lib/python3.12/site-packages/transformers/tokenization_utils_base.py:1601: FutureWarning: `clean_up_tokenization_spaces` was not set. It will be set to `True` by default. This behavior will be depracted in transformers v4.45, and will be then set to `False` by default. For more details check this issue: https://github.com/huggingface/transformers/issues/31884
  warnings.warn(
Some weights of the model checkpoint at microsoft/codebert-base-mlm were not used when initializing RobertaForMaskedLM: ['roberta.pooler.dense.bias', 'roberta.pooler.dense.weight']
- This IS expected if you are initializing RobertaForMaskedLM from the checkpoint of a model trained on another task or with another architecture (e.g. initializing a BertForSequenceClassification model from a BertForPreTraining model).
- This IS NOT expected if you are initializing RobertaForMaskedLM from the checkpoint of a model that you expect to be exactly identical (initializing a BertForSequenceClassification model from a BertForSequenceClassification model).
2026-05-20 15:41:25,553 - INFO - Processed __main__.dot: Score=0.6779 (1 paths)
2026-05-20 15:41:25,747 - INFO - Processed test_case_0.dot: Score=0.5231 (1 paths)
2026-05-20 15:41:25,834 - INFO - Processed __main__.dot: Score=0.6129 (1 paths)
2026-05-20 15:41:25,927 - INFO - Processed test_dump_with_none_input.dot: Score=0.4179 (1 paths)
<unknown>:24: SyntaxWarning: invalid escape sequence '\['
<unknown>:25: SyntaxWarning: invalid escape sequence '\['
<unknown>:26: SyntaxWarning: invalid escape sequence '\('
<unknown>:27: SyntaxWarning: invalid escape sequence '\('
<unknown>:28: SyntaxWarning: invalid escape sequence '\e'
2026-05-20 15:41:39,113 - INFO - HTTP Request: POST https://anast.ita.chalmers.se:4100/v1/chat/completions "HTTP/1.1 200 OK"
2026-05-20 15:42:04,970 - INFO - HTTP Request: POST https://anast.ita.chalmers.se:4100/v1/chat/completions "HTTP/1.1 200 OK"
2026-05-20 15:42:07,579 - INFO - HTTP Request: POST https://anast.ita.chalmers.se:4100/v1/chat/completions "HTTP/1.1 200 OK"
2026-05-20 15:42:34,205 - INFO - HTTP Request: POST https://anast.ita.chalmers.se:4100/v1/chat/completions "HTTP/1.1 200 OK"
2026-05-20 15:42:37,388 - INFO - HTTP Request: POST https://anast.ita.chalmers.se:4100/v1/chat/completions "HTTP/1.1 200 OK"
2026-05-20 15:43:07,136 - INFO - HTTP Request: POST https://anast.ita.chalmers.se:4100/v1/chat/completions "HTTP/1.1 200 OK"
2026-05-20 15:43:10,808 - INFO - HTTP Request: POST https://anast.ita.chalmers.se:4100/v1/chat/completions "HTTP/1.1 200 OK"
2026-05-20 15:43:44,582 - INFO - HTTP Request: POST https://anast.ita.chalmers.se:4100/v1/chat/completions "HTTP/1.1 200 OK"
2026-05-20 15:43:47,974 - INFO - HTTP Request: POST https://anast.ita.chalmers.se:4100/v1/chat/completions "HTTP/1.1 200 OK"
2026-05-20 15:44:05,645 - INFO - HTTP Request: POST https://anast.ita.chalmers.se:4100/v1/chat/completions "HTTP/1.1 200 OK"
2026-05-20 15:44:07,004 - INFO - Loading model: microsoft/codebert-base-mlm
/data/users/eliassam/miniforge3/lib/python3.12/site-packages/transformers/tokenization_utils_base.py:1601: FutureWarning: `clean_up_tokenization_spaces` was not set. It will be set to `True` by default. This behavior will be depracted in transformers v4.45, and will be then set to `False` by default. For more details check this issue: https://github.com/huggingface/transformers/issues/31884
  warnings.warn(
Some weights of the model checkpoint at microsoft/codebert-base-mlm were not used when initializing RobertaForMaskedLM: ['roberta.pooler.dense.bias', 'roberta.pooler.dense.weight']
- This IS expected if you are initializing RobertaForMaskedLM from the checkpoint of a model trained on another task or with another architecture (e.g. initializing a BertForSequenceClassification model from a BertForPreTraining model).
- This IS NOT expected if you are initializing RobertaForMaskedLM from the checkpoint of a model that you expect to be exactly identical (initializing a BertForSequenceClassification model from a BertForSequenceClassification model).
2026-05-20 15:44:09,172 - INFO - Processed __main__.dot: Score=0.5018 (1 paths)
2026-05-20 15:44:09,294 - INFO - Processed test_case_0.dot: Score=0.4216 (2 paths)
2026-05-20 15:44:09,352 - INFO - Processed test_case_1.dot: Score=0.5275 (1 paths)
2026-05-20 15:44:09,707 - INFO - Processed test_case_2.dot: Score=0.2692 (5 paths)
2026-05-20 15:44:10,185 - INFO - Processed test_case_3.dot: Score=0.2446 (6 paths)
2026-05-20 15:44:10,270 - INFO - Processed __main__.dot: Score=0.4713 (1 paths)
2026-05-20 15:44:10,417 - INFO - Processed test_yield_from_transformer_visit_with_none_does_not_raise.dot: Score=0.4173 (2 paths)
2026-05-20 15:44:10,496 - INFO - Processed test_yield_from_transformer_instantiation_with_none.dot: Score=0.3513 (1 paths)
2026-05-20 15:44:10,890 - INFO - Processed test_yield_from_transformer_visit_while_node_with_none_args.dot: Score=0.2366 (5 paths)
2026-05-20 15:44:11,403 - INFO - Processed test_yield_from_transformer_visits_while_node_with_none_args.dot: Score=0.2643 (6 paths)
<unknown>:24: SyntaxWarning: invalid escape sequence '\['
<unknown>:25: SyntaxWarning: invalid escape sequence '\['
<unknown>:26: SyntaxWarning: invalid escape sequence '\('
<unknown>:27: SyntaxWarning: invalid escape sequence '\('
<unknown>:28: SyntaxWarning: invalid escape sequence '\e'
2026-05-20 15:44:27,702 - INFO - HTTP Request: POST https://anast.ita.chalmers.se:4100/v1/chat/completions "HTTP/1.1 200 OK"
2026-05-20 15:44:56,795 - INFO - HTTP Request: POST https://anast.ita.chalmers.se:4100/v1/chat/completions "HTTP/1.1 200 OK"
2026-05-20 15:44:59,334 - INFO - HTTP Request: POST https://anast.ita.chalmers.se:4100/v1/chat/completions "HTTP/1.1 200 OK"
2026-05-20 15:45:22,617 - INFO - HTTP Request: POST https://anast.ita.chalmers.se:4100/v1/chat/completions "HTTP/1.1 200 OK"
2026-05-20 15:45:24,525 - INFO - HTTP Request: POST https://anast.ita.chalmers.se:4100/v1/chat/completions "HTTP/1.1 200 OK"
2026-05-20 15:45:55,674 - INFO - HTTP Request: POST https://anast.ita.chalmers.se:4100/v1/chat/completions "HTTP/1.1 200 OK"
2026-05-20 15:45:59,273 - INFO - HTTP Request: POST https://anast.ita.chalmers.se:4100/v1/chat/completions "HTTP/1.1 200 OK"
2026-05-20 15:46:31,783 - INFO - HTTP Request: POST https://anast.ita.chalmers.se:4100/v1/chat/completions "HTTP/1.1 200 OK"
2026-05-20 15:46:38,726 - INFO - HTTP Request: POST https://anast.ita.chalmers.se:4100/v1/chat/completions "HTTP/1.1 200 OK"
2026-05-20 15:46:54,294 - INFO - HTTP Request: POST https://anast.ita.chalmers.se:4100/v1/chat/completions "HTTP/1.1 200 OK"
2026-05-20 15:46:55,652 - INFO - Loading model: microsoft/codebert-base-mlm
/data/users/eliassam/miniforge3/lib/python3.12/site-packages/transformers/tokenization_utils_base.py:1601: FutureWarning: `clean_up_tokenization_spaces` was not set. It will be set to `True` by default. This behavior will be depracted in transformers v4.45, and will be then set to `False` by default. For more details check this issue: https://github.com/huggingface/transformers/issues/31884
  warnings.warn(
Some weights of the model checkpoint at microsoft/codebert-base-mlm were not used when initializing RobertaForMaskedLM: ['roberta.pooler.dense.bias', 'roberta.pooler.dense.weight']
- This IS expected if you are initializing RobertaForMaskedLM from the checkpoint of a model trained on another task or with another architecture (e.g. initializing a BertForSequenceClassification model from a BertForPreTraining model).
- This IS NOT expected if you are initializing RobertaForMaskedLM from the checkpoint of a model that you expect to be exactly identical (initializing a BertForSequenceClassification model from a BertForSequenceClassification model).
2026-05-20 15:46:57,982 - INFO - Processed __main__.dot: Score=0.5018 (1 paths)
2026-05-20 15:46:58,107 - INFO - Processed test_case_0.dot: Score=0.4216 (2 paths)
2026-05-20 15:46:58,166 - INFO - Processed test_case_1.dot: Score=0.5275 (1 paths)
2026-05-20 15:46:58,525 - INFO - Processed test_case_2.dot: Score=0.2692 (5 paths)
2026-05-20 15:46:59,000 - INFO - Processed test_case_3.dot: Score=0.2446 (6 paths)
2026-05-20 15:46:59,092 - INFO - Processed __main__.dot: Score=0.4713 (1 paths)
2026-05-20 15:46:59,244 - INFO - Processed test_yield_from_transformer_visit_with_none_node.dot: Score=0.3439 (2 paths)
2026-05-20 15:46:59,312 - INFO - Processed test_yield_from_transformer_instantiates_with_none_argument.dot: Score=0.4473 (1 paths)
2026-05-20 15:46:59,709 - INFO - Processed test_yield_from_transformer_visit_while_node_with_none_args.dot: Score=0.2230 (5 paths)
2026-05-20 15:47:00,255 - INFO - Processed test_yield_from_transformer_visit_while_node_with_repeated_keyword_transformer_args.dot: Score=0.2592 (6 paths)
<unknown>:24: SyntaxWarning: invalid escape sequence '\['
<unknown>:25: SyntaxWarning: invalid escape sequence '\['
<unknown>:26: SyntaxWarning: invalid escape sequence '\('
<unknown>:27: SyntaxWarning: invalid escape sequence '\('
<unknown>:28: SyntaxWarning: invalid escape sequence '\e'
2026-05-20 15:47:16,733 - INFO - HTTP Request: POST https://anast.ita.chalmers.se:4100/v1/chat/completions "HTTP/1.1 200 OK"
2026-05-20 15:47:45,094 - INFO - HTTP Request: POST https://anast.ita.chalmers.se:4100/v1/chat/completions "HTTP/1.1 200 OK"
2026-05-20 15:47:47,789 - INFO - HTTP Request: POST https://anast.ita.chalmers.se:4100/v1/chat/completions "HTTP/1.1 200 OK"
2026-05-20 15:48:11,523 - INFO - HTTP Request: POST https://anast.ita.chalmers.se:4100/v1/chat/completions "HTTP/1.1 200 OK"
2026-05-20 15:48:14,292 - INFO - HTTP Request: POST https://anast.ita.chalmers.se:4100/v1/chat/completions "HTTP/1.1 200 OK"
2026-05-20 15:48:43,954 - INFO - HTTP Request: POST https://anast.ita.chalmers.se:4100/v1/chat/completions "HTTP/1.1 200 OK"
2026-05-20 15:48:47,268 - INFO - HTTP Request: POST https://anast.ita.chalmers.se:4100/v1/chat/completions "HTTP/1.1 200 OK"
2026-05-20 15:49:20,341 - INFO - HTTP Request: POST https://anast.ita.chalmers.se:4100/v1/chat/completions "HTTP/1.1 200 OK"
2026-05-20 15:49:24,199 - INFO - HTTP Request: POST https://anast.ita.chalmers.se:4100/v1/chat/completions "HTTP/1.1 200 OK"
2026-05-20 15:49:40,567 - INFO - HTTP Request: POST https://anast.ita.chalmers.se:4100/v1/chat/completions "HTTP/1.1 200 OK"
2026-05-20 15:49:42,046 - INFO - Loading model: microsoft/codebert-base-mlm
/data/users/eliassam/miniforge3/lib/python3.12/site-packages/transformers/tokenization_utils_base.py:1601: FutureWarning: `clean_up_tokenization_spaces` was not set. It will be set to `True` by default. This behavior will be depracted in transformers v4.45, and will be then set to `False` by default. For more details check this issue: https://github.com/huggingface/transformers/issues/31884
  warnings.warn(
Some weights of the model checkpoint at microsoft/codebert-base-mlm were not used when initializing RobertaForMaskedLM: ['roberta.pooler.dense.bias', 'roberta.pooler.dense.weight']
- This IS expected if you are initializing RobertaForMaskedLM from the checkpoint of a model trained on another task or with another architecture (e.g. initializing a BertForSequenceClassification model from a BertForPreTraining model).
- This IS NOT expected if you are initializing RobertaForMaskedLM from the checkpoint of a model that you expect to be exactly identical (initializing a BertForSequenceClassification model from a BertForSequenceClassification model).
2026-05-20 15:49:44,649 - INFO - Processed __main__.dot: Score=0.5018 (1 paths)
2026-05-20 15:49:45,111 - INFO - Processed test_case_0.dot: Score=0.4216 (2 paths)
2026-05-20 15:49:45,196 - INFO - Processed test_case_1.dot: Score=0.5275 (1 paths)
2026-05-20 15:49:45,722 - INFO - Processed test_case_2.dot: Score=0.2692 (5 paths)
2026-05-20 15:49:46,399 - INFO - Processed test_case_3.dot: Score=0.2446 (6 paths)
2026-05-20 15:49:46,599 - INFO - Processed __main__.dot: Score=0.4713 (1 paths)
2026-05-20 15:49:46,813 - INFO - Processed test_yield_from_transformer_visit_accepts_none.dot: Score=0.3359 (2 paths)
2026-05-20 15:49:46,910 - INFO - Processed test_yield_from_transformer_instantiation_with_none.dot: Score=0.4474 (1 paths)
2026-05-20 15:49:47,431 - INFO - Processed test_yield_from_transformer_visit_while_node_with_none_args.dot: Score=0.2355 (5 paths)
2026-05-20 15:49:47,973 - INFO - Processed test_yield_from_transformer_visit_while_node.dot: Score=0.2547 (6 paths)
<unknown>:24: SyntaxWarning: invalid escape sequence '\['
<unknown>:25: SyntaxWarning: invalid escape sequence '\['
<unknown>:26: SyntaxWarning: invalid escape sequence '\('
<unknown>:27: SyntaxWarning: invalid escape sequence '\('
<unknown>:28: SyntaxWarning: invalid escape sequence '\e'
2026-05-20 15:49:59,915 - INFO - HTTP Request: POST https://anast.ita.chalmers.se:4100/v1/chat/completions "HTTP/1.1 200 OK"
2026-05-20 15:50:30,144 - INFO - HTTP Request: POST https://anast.ita.chalmers.se:4100/v1/chat/completions "HTTP/1.1 200 OK"
2026-05-20 15:50:32,586 - INFO - HTTP Request: POST https://anast.ita.chalmers.se:4100/v1/chat/completions "HTTP/1.1 200 OK"
2026-05-20 15:50:56,513 - INFO - HTTP Request: POST https://anast.ita.chalmers.se:4100/v1/chat/completions "HTTP/1.1 200 OK"
2026-05-20 15:50:58,449 - INFO - HTTP Request: POST https://anast.ita.chalmers.se:4100/v1/chat/completions "HTTP/1.1 200 OK"
2026-05-20 15:51:24,247 - INFO - HTTP Request: POST https://anast.ita.chalmers.se:4100/v1/chat/completions "HTTP/1.1 200 OK"
2026-05-20 15:51:27,331 - INFO - HTTP Request: POST https://anast.ita.chalmers.se:4100/v1/chat/completions "HTTP/1.1 200 OK"
2026-05-20 15:51:55,330 - INFO - HTTP Request: POST https://anast.ita.chalmers.se:4100/v1/chat/completions "HTTP/1.1 200 OK"
2026-05-20 15:51:58,229 - INFO - HTTP Request: POST https://anast.ita.chalmers.se:4100/v1/chat/completions "HTTP/1.1 200 OK"
2026-05-20 15:52:23,677 - INFO - HTTP Request: POST https://anast.ita.chalmers.se:4100/v1/chat/completions "HTTP/1.1 200 OK"
2026-05-20 15:52:25,519 - INFO - HTTP Request: POST https://anast.ita.chalmers.se:4100/v1/chat/completions "HTTP/1.1 200 OK"
2026-05-20 15:52:55,188 - INFO - HTTP Request: POST https://anast.ita.chalmers.se:4100/v1/chat/completions "HTTP/1.1 200 OK"
2026-05-20 15:52:57,666 - INFO - HTTP Request: POST https://anast.ita.chalmers.se:4100/v1/chat/completions "HTTP/1.1 200 OK"
2026-05-20 15:53:14,463 - INFO - HTTP Request: POST https://anast.ita.chalmers.se:4100/v1/chat/completions "HTTP/1.1 200 OK"
2026-05-20 15:53:16,095 - INFO - Loading model: microsoft/codebert-base-mlm
/data/users/eliassam/miniforge3/lib/python3.12/site-packages/transformers/tokenization_utils_base.py:1601: FutureWarning: `clean_up_tokenization_spaces` was not set. It will be set to `True` by default. This behavior will be depracted in transformers v4.45, and will be then set to `False` by default. For more details check this issue: https://github.com/huggingface/transformers/issues/31884
  warnings.warn(
Some weights of the model checkpoint at microsoft/codebert-base-mlm were not used when initializing RobertaForMaskedLM: ['roberta.pooler.dense.bias', 'roberta.pooler.dense.weight']
- This IS expected if you are initializing RobertaForMaskedLM from the checkpoint of a model trained on another task or with another architecture (e.g. initializing a BertForSequenceClassification model from a BertForPreTraining model).
- This IS NOT expected if you are initializing RobertaForMaskedLM from the checkpoint of a model that you expect to be exactly identical (initializing a BertForSequenceClassification model from a BertForSequenceClassification model).
2026-05-20 15:53:18,539 - INFO - Processed __main__.dot: Score=0.6412 (1 paths)
2026-05-20 15:53:18,603 - INFO - Processed test_case_0.dot: Score=0.4385 (1 paths)
2026-05-20 15:53:18,653 - INFO - Processed test_case_1.dot: Score=0.5823 (1 paths)
2026-05-20 15:53:18,719 - INFO - Processed test_case_2.dot: Score=0.3549 (1 paths)
2026-05-20 15:53:19,295 - INFO - Processed test_case_3.dot: Score=0.2686 (5 paths)
2026-05-20 15:53:19,364 - INFO - Processed test_case_4.dot: Score=0.5192 (1 paths)
2026-05-20 15:53:19,503 - INFO - Processed test_case_5.dot: Score=0.4185 (2 paths)
2026-05-20 15:53:19,614 - INFO - Processed __main__.dot: Score=0.6537 (1 paths)
2026-05-20 15:53:19,695 - INFO - Processed test_timer_purge_result_passed_to_debug_returns_none.dot: Score=0.3038 (1 paths)
2026-05-20 15:53:19,768 - INFO - Processed test_variables_generator_can_be_instantiated.dot: Score=0.4165 (1 paths)
2026-05-20 15:53:19,849 - INFO - Processed test_eager_accepts_variables_generator_as_callable.dot: Score=0.2998 (1 paths)
2026-05-20 15:53:20,262 - INFO - Processed test_eager_debug_warn_and_get_source_with_integer_input.dot: Score=0.2440 (5 paths)
2026-05-20 15:53:20,345 - INFO - Processed test_warn_with_proxy_handler_string_returns_none.dot: Score=0.3425 (1 paths)
2026-05-20 15:53:20,518 - INFO - Processed test_eager_callable_invoked_with_self_and_none_module.dot: Score=0.2986 (2 paths)
<unknown>:24: SyntaxWarning: invalid escape sequence '\['
<unknown>:25: SyntaxWarning: invalid escape sequence '\['
<unknown>:26: SyntaxWarning: invalid escape sequence '\('
<unknown>:27: SyntaxWarning: invalid escape sequence '\('
<unknown>:28: SyntaxWarning: invalid escape sequence '\e'
2026-05-20 15:53:32,563 - INFO - HTTP Request: POST https://anast.ita.chalmers.se:4100/v1/chat/completions "HTTP/1.1 200 OK"
2026-05-20 15:54:03,301 - INFO - HTTP Request: POST https://anast.ita.chalmers.se:4100/v1/chat/completions "HTTP/1.1 200 OK"
2026-05-20 15:54:05,742 - INFO - HTTP Request: POST https://anast.ita.chalmers.se:4100/v1/chat/completions "HTTP/1.1 200 OK"
2026-05-20 15:54:31,976 - INFO - HTTP Request: POST https://anast.ita.chalmers.se:4100/v1/chat/completions "HTTP/1.1 200 OK"
2026-05-20 15:54:34,370 - INFO - HTTP Request: POST https://anast.ita.chalmers.se:4100/v1/chat/completions "HTTP/1.1 200 OK"
2026-05-20 15:54:59,008 - INFO - HTTP Request: POST https://anast.ita.chalmers.se:4100/v1/chat/completions "HTTP/1.1 200 OK"
2026-05-20 15:55:01,181 - INFO - HTTP Request: POST https://anast.ita.chalmers.se:4100/v1/chat/completions "HTTP/1.1 200 OK"
2026-05-20 15:55:31,949 - INFO - HTTP Request: POST https://anast.ita.chalmers.se:4100/v1/chat/completions "HTTP/1.1 200 OK"
2026-05-20 15:55:35,574 - INFO - HTTP Request: POST https://anast.ita.chalmers.se:4100/v1/chat/completions "HTTP/1.1 200 OK"
2026-05-20 15:56:02,697 - INFO - HTTP Request: POST https://anast.ita.chalmers.se:4100/v1/chat/completions "HTTP/1.1 200 OK"
2026-05-20 15:56:04,345 - INFO - HTTP Request: POST https://anast.ita.chalmers.se:4100/v1/chat/completions "HTTP/1.1 200 OK"
2026-05-20 15:56:36,199 - INFO - HTTP Request: POST https://anast.ita.chalmers.se:4100/v1/chat/completions "HTTP/1.1 200 OK"
2026-05-20 15:56:39,158 - INFO - HTTP Request: POST https://anast.ita.chalmers.se:4100/v1/chat/completions "HTTP/1.1 200 OK"
2026-05-20 15:56:56,308 - INFO - HTTP Request: POST https://anast.ita.chalmers.se:4100/v1/chat/completions "HTTP/1.1 200 OK"
2026-05-20 15:56:57,920 - INFO - Loading model: microsoft/codebert-base-mlm
/data/users/eliassam/miniforge3/lib/python3.12/site-packages/transformers/tokenization_utils_base.py:1601: FutureWarning: `clean_up_tokenization_spaces` was not set. It will be set to `True` by default. This behavior will be depracted in transformers v4.45, and will be then set to `False` by default. For more details check this issue: https://github.com/huggingface/transformers/issues/31884
  warnings.warn(
Some weights of the model checkpoint at microsoft/codebert-base-mlm were not used when initializing RobertaForMaskedLM: ['roberta.pooler.dense.bias', 'roberta.pooler.dense.weight']
- This IS expected if you are initializing RobertaForMaskedLM from the checkpoint of a model trained on another task or with another architecture (e.g. initializing a BertForSequenceClassification model from a BertForPreTraining model).
- This IS NOT expected if you are initializing RobertaForMaskedLM from the checkpoint of a model that you expect to be exactly identical (initializing a BertForSequenceClassification model from a BertForSequenceClassification model).
2026-05-20 15:56:59,880 - INFO - Processed __main__.dot: Score=0.6412 (1 paths)
2026-05-20 15:56:59,953 - INFO - Processed test_case_0.dot: Score=0.4385 (1 paths)
2026-05-20 15:57:00,016 - INFO - Processed test_case_1.dot: Score=0.5823 (1 paths)
2026-05-20 15:57:00,094 - INFO - Processed test_case_2.dot: Score=0.3549 (1 paths)
2026-05-20 15:57:00,461 - INFO - Processed test_case_3.dot: Score=0.2686 (5 paths)
2026-05-20 15:57:00,530 - INFO - Processed test_case_4.dot: Score=0.5192 (1 paths)
2026-05-20 15:57:00,670 - INFO - Processed test_case_5.dot: Score=0.4185 (2 paths)
2026-05-20 15:57:00,769 - INFO - Processed __main__.dot: Score=0.6537 (1 paths)
2026-05-20 15:57:00,848 - INFO - Processed test_timer_purge_result_can_be_debugged.dot: Score=0.4161 (1 paths)
2026-05-20 15:57:00,922 - INFO - Processed test_variables_generator_instantiates_successfully.dot: Score=0.4324 (1 paths)
2026-05-20 15:57:01,002 - INFO - Processed test_eager_accepts_variables_generator.dot: Score=0.3039 (1 paths)
2026-05-20 15:57:01,442 - INFO - Processed test_module_utilities_accept_integer_and_callable_inputs.dot: Score=0.2464 (5 paths)
2026-05-20 15:57:01,523 - INFO - Processed test_warn_with_proxy_handler_returns_none.dot: Score=0.5377 (1 paths)
2026-05-20 15:57:01,692 - INFO - Processed test_eager_callable_invoked_with_none_module_and_self_as_start.dot: Score=0.3619 (2 paths)
<unknown>:24: SyntaxWarning: invalid escape sequence '\['
<unknown>:25: SyntaxWarning: invalid escape sequence '\['
<unknown>:26: SyntaxWarning: invalid escape sequence '\('
<unknown>:27: SyntaxWarning: invalid escape sequence '\('
<unknown>:28: SyntaxWarning: invalid escape sequence '\e'
2026-05-20 15:57:18,303 - INFO - HTTP Request: POST https://anast.ita.chalmers.se:4100/v1/chat/completions "HTTP/1.1 200 OK"
2026-05-20 15:57:51,295 - INFO - HTTP Request: POST https://anast.ita.chalmers.se:4100/v1/chat/completions "HTTP/1.1 200 OK"
2026-05-20 15:57:53,478 - INFO - HTTP Request: POST https://anast.ita.chalmers.se:4100/v1/chat/completions "HTTP/1.1 200 OK"
2026-05-20 15:58:18,020 - INFO - HTTP Request: POST https://anast.ita.chalmers.se:4100/v1/chat/completions "HTTP/1.1 200 OK"
2026-05-20 15:58:19,995 - INFO - HTTP Request: POST https://anast.ita.chalmers.se:4100/v1/chat/completions "HTTP/1.1 200 OK"
2026-05-20 15:58:43,975 - INFO - HTTP Request: POST https://anast.ita.chalmers.se:4100/v1/chat/completions "HTTP/1.1 200 OK"
2026-05-20 15:58:46,575 - INFO - HTTP Request: POST https://anast.ita.chalmers.se:4100/v1/chat/completions "HTTP/1.1 200 OK"
2026-05-20 15:59:17,484 - INFO - HTTP Request: POST https://anast.ita.chalmers.se:4100/v1/chat/completions "HTTP/1.1 200 OK"
2026-05-20 15:59:20,763 - INFO - HTTP Request: POST https://anast.ita.chalmers.se:4100/v1/chat/completions "HTTP/1.1 200 OK"
2026-05-20 15:59:48,908 - INFO - HTTP Request: POST https://anast.ita.chalmers.se:4100/v1/chat/completions "HTTP/1.1 200 OK"
2026-05-20 15:59:51,190 - INFO - HTTP Request: POST https://anast.ita.chalmers.se:4100/v1/chat/completions "HTTP/1.1 200 OK"
2026-05-20 16:00:20,415 - INFO - HTTP Request: POST https://anast.ita.chalmers.se:4100/v1/chat/completions "HTTP/1.1 200 OK"
2026-05-20 16:00:23,394 - INFO - HTTP Request: POST https://anast.ita.chalmers.se:4100/v1/chat/completions "HTTP/1.1 200 OK"
2026-05-20 16:00:41,653 - INFO - HTTP Request: POST https://anast.ita.chalmers.se:4100/v1/chat/completions "HTTP/1.1 200 OK"
2026-05-20 16:00:43,390 - INFO - Loading model: microsoft/codebert-base-mlm
/data/users/eliassam/miniforge3/lib/python3.12/site-packages/transformers/tokenization_utils_base.py:1601: FutureWarning: `clean_up_tokenization_spaces` was not set. It will be set to `True` by default. This behavior will be depracted in transformers v4.45, and will be then set to `False` by default. For more details check this issue: https://github.com/huggingface/transformers/issues/31884
  warnings.warn(
Some weights of the model checkpoint at microsoft/codebert-base-mlm were not used when initializing RobertaForMaskedLM: ['roberta.pooler.dense.bias', 'roberta.pooler.dense.weight']
- This IS expected if you are initializing RobertaForMaskedLM from the checkpoint of a model trained on another task or with another architecture (e.g. initializing a BertForSequenceClassification model from a BertForPreTraining model).
- This IS NOT expected if you are initializing RobertaForMaskedLM from the checkpoint of a model that you expect to be exactly identical (initializing a BertForSequenceClassification model from a BertForSequenceClassification model).
2026-05-20 16:00:45,925 - INFO - Processed __main__.dot: Score=0.6412 (1 paths)
2026-05-20 16:00:47,546 - INFO - Processed test_case_0.dot: Score=0.4385 (1 paths)
2026-05-20 16:00:48,548 - INFO - Processed test_case_1.dot: Score=0.5823 (1 paths)
2026-05-20 16:00:50,309 - INFO - Processed test_case_2.dot: Score=0.3549 (1 paths)
2026-05-20 16:00:59,162 - INFO - Processed test_case_3.dot: Score=0.2686 (5 paths)
2026-05-20 16:01:00,770 - INFO - Processed test_case_4.dot: Score=0.5192 (1 paths)
2026-05-20 16:01:03,257 - INFO - Processed test_case_5.dot: Score=0.4185 (2 paths)
2026-05-20 16:01:04,277 - INFO - Processed __main__.dot: Score=0.6537 (1 paths)
2026-05-20 16:01:04,569 - INFO - Processed test_purge_clears_timer_and_debug_logs_result.dot: Score=0.3690 (1 paths)
2026-05-20 16:01:04,625 - INFO - Processed test_variables_generator_can_be_instantiated.dot: Score=0.4165 (1 paths)
2026-05-20 16:01:04,690 - INFO - Processed test_eager_accepts_variables_generator.dot: Score=0.3039 (1 paths)
2026-05-20 16:01:07,559 - INFO - Processed test_eager_debug_warn_and_get_source_called_sequentially.dot: Score=0.3487 (5 paths)
2026-05-20 16:01:07,647 - INFO - Processed test_warn_with_proxy_handler_returns_none.dot: Score=0.4927 (1 paths)
2026-05-20 16:01:07,791 - INFO - Processed test_eager_callable_invoked_with_self_and_none_module.dot: Score=0.2746 (2 paths)
<unknown>:24: SyntaxWarning: invalid escape sequence '\['
<unknown>:25: SyntaxWarning: invalid escape sequence '\['
<unknown>:26: SyntaxWarning: invalid escape sequence '\('
<unknown>:27: SyntaxWarning: invalid escape sequence '\('
<unknown>:28: SyntaxWarning: invalid escape sequence '\e'
2026-05-20 16:01:19,887 - INFO - HTTP Request: POST https://anast.ita.chalmers.se:4100/v1/chat/completions "HTTP/1.1 200 OK"
2026-05-20 16:01:50,016 - INFO - HTTP Request: POST https://anast.ita.chalmers.se:4100/v1/chat/completions "HTTP/1.1 200 OK"
2026-05-20 16:01:53,876 - INFO - HTTP Request: POST https://anast.ita.chalmers.se:4100/v1/chat/completions "HTTP/1.1 200 OK"
2026-05-20 16:02:26,978 - INFO - HTTP Request: POST https://anast.ita.chalmers.se:4100/v1/chat/completions "HTTP/1.1 200 OK"
2026-05-20 16:02:31,165 - INFO - HTTP Request: POST https://anast.ita.chalmers.se:4100/v1/chat/completions "HTTP/1.1 200 OK"
2026-05-20 16:02:57,781 - INFO - HTTP Request: POST https://anast.ita.chalmers.se:4100/v1/chat/completions "HTTP/1.1 200 OK"
2026-05-20 16:03:03,466 - INFO - HTTP Request: POST https://anast.ita.chalmers.se:4100/v1/chat/completions "HTTP/1.1 200 OK"
2026-05-20 16:03:28,925 - INFO - HTTP Request: POST https://anast.ita.chalmers.se:4100/v1/chat/completions "HTTP/1.1 200 OK"
2026-05-20 16:03:30,995 - INFO - HTTP Request: POST https://anast.ita.chalmers.se:4100/v1/chat/completions "HTTP/1.1 200 OK"
2026-05-20 16:03:56,889 - INFO - HTTP Request: POST https://anast.ita.chalmers.se:4100/v1/chat/completions "HTTP/1.1 200 OK"
2026-05-20 16:03:59,687 - INFO - HTTP Request: POST https://anast.ita.chalmers.se:4100/v1/chat/completions "HTTP/1.1 200 OK"
2026-05-20 16:04:30,395 - INFO - HTTP Request: POST https://anast.ita.chalmers.se:4100/v1/chat/completions "HTTP/1.1 200 OK"
2026-05-20 16:04:33,636 - INFO - HTTP Request: POST https://anast.ita.chalmers.se:4100/v1/chat/completions "HTTP/1.1 200 OK"
2026-05-20 16:05:00,319 - INFO - HTTP Request: POST https://anast.ita.chalmers.se:4100/v1/chat/completions "HTTP/1.1 200 OK"
2026-05-20 16:05:02,648 - INFO - HTTP Request: POST https://anast.ita.chalmers.se:4100/v1/chat/completions "HTTP/1.1 200 OK"
2026-05-20 16:05:30,097 - INFO - HTTP Request: POST https://anast.ita.chalmers.se:4100/v1/chat/completions "HTTP/1.1 200 OK"
2026-05-20 16:05:32,903 - INFO - HTTP Request: POST https://anast.ita.chalmers.se:4100/v1/chat/completions "HTTP/1.1 200 OK"
2026-05-20 16:06:03,323 - INFO - HTTP Request: POST https://anast.ita.chalmers.se:4100/v1/chat/completions "HTTP/1.1 200 OK"
2026-05-20 16:06:06,710 - INFO - HTTP Request: POST https://anast.ita.chalmers.se:4100/v1/chat/completions "HTTP/1.1 200 OK"
2026-05-20 16:06:35,706 - INFO - HTTP Request: POST https://anast.ita.chalmers.se:4100/v1/chat/completions "HTTP/1.1 200 OK"
2026-05-20 16:06:39,203 - INFO - HTTP Request: POST https://anast.ita.chalmers.se:4100/v1/chat/completions "HTTP/1.1 200 OK"
2026-05-20 16:07:07,180 - INFO - HTTP Request: POST https://anast.ita.chalmers.se:4100/v1/chat/completions "HTTP/1.1 200 OK"
2026-05-20 16:07:10,523 - INFO - HTTP Request: POST https://anast.ita.chalmers.se:4100/v1/chat/completions "HTTP/1.1 200 OK"
2026-05-20 16:07:36,459 - INFO - HTTP Request: POST https://anast.ita.chalmers.se:4100/v1/chat/completions "HTTP/1.1 200 OK"
2026-05-20 16:07:38,988 - INFO - HTTP Request: POST https://anast.ita.chalmers.se:4100/v1/chat/completions "HTTP/1.1 200 OK"
2026-05-20 16:08:04,954 - INFO - HTTP Request: POST https://anast.ita.chalmers.se:4100/v1/chat/completions "HTTP/1.1 200 OK"
2026-05-20 16:08:07,774 - INFO - HTTP Request: POST https://anast.ita.chalmers.se:4100/v1/chat/completions "HTTP/1.1 200 OK"
2026-05-20 16:08:34,688 - INFO - HTTP Request: POST https://anast.ita.chalmers.se:4100/v1/chat/completions "HTTP/1.1 200 OK"
2026-05-20 16:08:38,267 - INFO - HTTP Request: POST https://anast.ita.chalmers.se:4100/v1/chat/completions "HTTP/1.1 200 OK"
2026-05-20 16:09:06,195 - INFO - HTTP Request: POST https://anast.ita.chalmers.se:4100/v1/chat/completions "HTTP/1.1 200 OK"
2026-05-20 16:09:08,935 - INFO - HTTP Request: POST https://anast.ita.chalmers.se:4100/v1/chat/completions "HTTP/1.1 200 OK"
2026-05-20 16:09:34,186 - INFO - HTTP Request: POST https://anast.ita.chalmers.se:4100/v1/chat/completions "HTTP/1.1 200 OK"
2026-05-20 16:09:36,404 - INFO - HTTP Request: POST https://anast.ita.chalmers.se:4100/v1/chat/completions "HTTP/1.1 200 OK"
2026-05-20 16:10:01,331 - INFO - HTTP Request: POST https://anast.ita.chalmers.se:4100/v1/chat/completions "HTTP/1.1 200 OK"
2026-05-20 16:10:05,319 - INFO - HTTP Request: POST https://anast.ita.chalmers.se:4100/v1/chat/completions "HTTP/1.1 200 OK"
2026-05-20 16:10:32,619 - INFO - HTTP Request: POST https://anast.ita.chalmers.se:4100/v1/chat/completions "HTTP/1.1 200 OK"
2026-05-20 16:10:35,845 - INFO - HTTP Request: POST https://anast.ita.chalmers.se:4100/v1/chat/completions "HTTP/1.1 200 OK"
2026-05-20 16:11:03,399 - INFO - HTTP Request: POST https://anast.ita.chalmers.se:4100/v1/chat/completions "HTTP/1.1 200 OK"
2026-05-20 16:11:07,596 - INFO - HTTP Request: POST https://anast.ita.chalmers.se:4100/v1/chat/completions "HTTP/1.1 200 OK"
2026-05-20 16:11:35,495 - INFO - HTTP Request: POST https://anast.ita.chalmers.se:4100/v1/chat/completions "HTTP/1.1 200 OK"
2026-05-20 16:11:38,440 - INFO - HTTP Request: POST https://anast.ita.chalmers.se:4100/v1/chat/completions "HTTP/1.1 200 OK"
2026-05-20 16:12:07,313 - INFO - HTTP Request: POST https://anast.ita.chalmers.se:4100/v1/chat/completions "HTTP/1.1 200 OK"
2026-05-20 16:12:12,320 - INFO - HTTP Request: POST https://anast.ita.chalmers.se:4100/v1/chat/completions "HTTP/1.1 200 OK"
2026-05-20 16:12:44,436 - INFO - HTTP Request: POST https://anast.ita.chalmers.se:4100/v1/chat/completions "HTTP/1.1 200 OK"
2026-05-20 16:12:48,471 - INFO - HTTP Request: POST https://anast.ita.chalmers.se:4100/v1/chat/completions "HTTP/1.1 200 OK"
2026-05-20 16:13:17,377 - INFO - HTTP Request: POST https://anast.ita.chalmers.se:4100/v1/chat/completions "HTTP/1.1 200 OK"
2026-05-20 16:13:20,225 - INFO - HTTP Request: POST https://anast.ita.chalmers.se:4100/v1/chat/completions "HTTP/1.1 200 OK"
2026-05-20 16:13:47,011 - INFO - HTTP Request: POST https://anast.ita.chalmers.se:4100/v1/chat/completions "HTTP/1.1 200 OK"
2026-05-20 16:14:26,333 - INFO - Loading model: microsoft/codebert-base-mlm
/data/users/eliassam/miniforge3/lib/python3.12/site-packages/transformers/tokenization_utils_base.py:1601: FutureWarning: `clean_up_tokenization_spaces` was not set. It will be set to `True` by default. This behavior will be depracted in transformers v4.45, and will be then set to `False` by default. For more details check this issue: https://github.com/huggingface/transformers/issues/31884
  warnings.warn(
Some weights of the model checkpoint at microsoft/codebert-base-mlm were not used when initializing RobertaForMaskedLM: ['roberta.pooler.dense.bias', 'roberta.pooler.dense.weight']
- This IS expected if you are initializing RobertaForMaskedLM from the checkpoint of a model trained on another task or with another architecture (e.g. initializing a BertForSequenceClassification model from a BertForPreTraining model).
- This IS NOT expected if you are initializing RobertaForMaskedLM from the checkpoint of a model that you expect to be exactly identical (initializing a BertForSequenceClassification model from a BertForSequenceClassification model).
2026-05-20 16:14:28,893 - INFO - Processed __main__.dot: Score=0.8214 (1 paths)
2026-05-20 16:14:29,813 - INFO - Processed test_case_0.dot: Score=0.2621 (10 paths)
2026-05-20 16:14:30,588 - INFO - Processed test_case_1.dot: Score=0.3545 (9 paths)
2026-05-20 16:14:30,785 - INFO - Processed test_case_2.dot: Score=0.5200 (3 paths)
2026-05-20 16:14:30,916 - INFO - Processed test_case_3.dot: Score=0.4166 (2 paths)
2026-05-20 16:14:31,065 - INFO - Processed test_case_4.dot: Score=0.3706 (2 paths)
2026-05-20 16:14:31,206 - INFO - Processed test_case_5.dot: Score=0.6266 (2 paths)
2026-05-20 16:14:31,340 - INFO - Processed test_case_6.dot: Score=0.6387 (2 paths)
2026-05-20 16:14:31,624 - INFO - Processed test_case_7.dot: Score=0.2639 (4 paths)
2026-05-20 16:14:31,831 - INFO - Processed test_case_8.dot: Score=0.2760 (3 paths)
2026-05-20 16:14:32,311 - INFO - Processed test_case_9.dot: Score=0.3517 (7 paths)
2026-05-20 16:14:32,381 - INFO - Processed test_case_10.dot: Score=0.7147 (1 paths)
2026-05-20 16:14:32,518 - INFO - Processed test_case_11.dot: Score=0.5872 (2 paths)
2026-05-20 16:14:32,652 - INFO - Processed test_case_12.dot: Score=0.5387 (2 paths)
2026-05-20 16:14:32,722 - INFO - Processed test_case_13.dot: Score=0.6897 (1 paths)
2026-05-20 16:14:32,930 - INFO - Processed test_case_14.dot: Score=0.5443 (3 paths)
2026-05-20 16:14:32,980 - INFO - Processed test_case_15.dot: Score=0.6536 (1 paths)
2026-05-20 16:14:33,113 - INFO - Processed test_case_16.dot: Score=0.6411 (2 paths)
2026-05-20 16:14:33,247 - INFO - Processed test_case_17.dot: Score=0.6048 (2 paths)
2026-05-20 16:14:33,503 - INFO - Processed test_case_18.dot: Score=0.3376 (4 paths)
2026-05-20 16:14:33,702 - INFO - Processed test_case_19.dot: Score=0.4667 (3 paths)
2026-05-20 16:14:34,997 - INFO - Processed test_case_20.dot: Score=0.3443 (14 paths)
2026-05-20 16:14:35,796 - INFO - Processed test_case_21.dot: Score=0.3126 (10 paths)
2026-05-20 16:14:36,070 - INFO - Processed test_case_22.dot: Score=0.5441 (4 paths)
2026-05-20 16:14:36,218 - INFO - Processed __main__.dot: Score=0.6985 (1 paths)
2026-05-20 16:14:37,019 - INFO - Processed test_empty_immutable_list_basic_operations.dot: Score=0.3380 (10 paths)
2026-05-20 16:14:37,834 - INFO - Processed test_immutable_list_basic_operations_on_empty_list.dot: Score=0.3122 (9 paths)
2026-05-20 16:14:38,038 - INFO - Processed test_immutable_list_append_and_find_with_bool_value.dot: Score=0.3860 (3 paths)
2026-05-20 16:14:38,173 - INFO - Processed test_immutable_list_add_with_none_does_not_raise.dot: Score=0.3412 (2 paths)
2026-05-20 16:14:38,325 - INFO - Processed test_immutable_list_construction_and_find_with_self_reference.dot: Score=0.3740 (2 paths)
2026-05-20 16:14:38,479 - INFO - Processed test_immutable_list_construction_with_false_and_method_calls.dot: Score=0.3908 (2 paths)
2026-05-20 16:14:38,627 - INFO - Processed test_immutable_list_find_with_converted_list.dot: Score=0.4513 (2 paths)
2026-05-20 16:14:39,009 - INFO - Processed test_immutable_list_find_none_append_self_and_convert_to_list.dot: Score=0.3145 (4 paths)
2026-05-20 16:14:39,364 - INFO - Processed test_immutable_list_map_accepts_to_list_result.dot: Score=0.2997 (3 paths)
2026-05-20 16:14:39,893 - INFO - Processed test_immutable_list_operations_with_none_values.dot: Score=0.3256 (7 paths)
2026-05-20 16:14:39,978 - INFO - Processed test_immutable_list_filter_with_self_as_predicate.dot: Score=0.4889 (1 paths)
2026-05-20 16:14:40,137 - INFO - Processed test_immutable_list_add_self_then_filter_by_length.dot: Score=0.3246 (2 paths)
2026-05-20 16:14:40,294 - INFO - Processed test_find_on_none_initialized_immutable_list_returns_sized_result.dot: Score=0.5358 (2 paths)
2026-05-20 16:14:40,377 - INFO - Processed test_immutable_list_find_with_self_as_argument.dot: Score=0.5817 (1 paths)
2026-05-20 16:14:40,615 - INFO - Processed test_immutable_list_reduce_and_find_with_bool_and_empty_list.dot: Score=0.3197 (3 paths)
2026-05-20 16:14:40,678 - INFO - Processed test_immutable_list_default_construction.dot: Score=0.4494 (1 paths)
2026-05-20 16:14:40,828 - INFO - Processed test_immutable_list_str_and_find_with_false_value.dot: Score=0.4106 (2 paths)
2026-05-20 16:14:40,981 - INFO - Processed test_immutable_list_unshift_and_find_on_empty_list.dot: Score=0.2973 (2 paths)
2026-05-20 16:14:41,276 - INFO - Processed test_immutable_list_unshift_append_then_find.dot: Score=0.3940 (4 paths)
2026-05-20 16:14:41,332 - INFO - Processed test_immutable_list_append_increases_length_and_find_on_original.dot: Score=0.5904 (1 paths)
<unknown>:24: SyntaxWarning: invalid escape sequence '\['
<unknown>:25: SyntaxWarning: invalid escape sequence '\['
<unknown>:26: SyntaxWarning: invalid escape sequence '\('
<unknown>:27: SyntaxWarning: invalid escape sequence '\('
<unknown>:28: SyntaxWarning: invalid escape sequence '\e'
2026-05-20 16:14:57,271 - INFO - HTTP Request: POST https://anast.ita.chalmers.se:4100/v1/chat/completions "HTTP/1.1 200 OK"
2026-05-20 16:15:27,291 - INFO - HTTP Request: POST https://anast.ita.chalmers.se:4100/v1/chat/completions "HTTP/1.1 200 OK"
2026-05-20 16:15:30,882 - INFO - HTTP Request: POST https://anast.ita.chalmers.se:4100/v1/chat/completions "HTTP/1.1 200 OK"
2026-05-20 16:16:01,496 - INFO - HTTP Request: POST https://anast.ita.chalmers.se:4100/v1/chat/completions "HTTP/1.1 200 OK"
2026-05-20 16:16:06,351 - INFO - HTTP Request: POST https://anast.ita.chalmers.se:4100/v1/chat/completions "HTTP/1.1 200 OK"
2026-05-20 16:16:32,428 - INFO - HTTP Request: POST https://anast.ita.chalmers.se:4100/v1/chat/completions "HTTP/1.1 200 OK"
2026-05-20 16:16:35,218 - INFO - HTTP Request: POST https://anast.ita.chalmers.se:4100/v1/chat/completions "HTTP/1.1 200 OK"
2026-05-20 16:16:59,249 - INFO - HTTP Request: POST https://anast.ita.chalmers.se:4100/v1/chat/completions "HTTP/1.1 200 OK"
2026-05-20 16:17:01,775 - INFO - HTTP Request: POST https://anast.ita.chalmers.se:4100/v1/chat/completions "HTTP/1.1 200 OK"
2026-05-20 16:17:30,328 - INFO - HTTP Request: POST https://anast.ita.chalmers.se:4100/v1/chat/completions "HTTP/1.1 200 OK"
2026-05-20 16:17:33,324 - INFO - HTTP Request: POST https://anast.ita.chalmers.se:4100/v1/chat/completions "HTTP/1.1 200 OK"
2026-05-20 16:18:00,769 - INFO - HTTP Request: POST https://anast.ita.chalmers.se:4100/v1/chat/completions "HTTP/1.1 200 OK"
2026-05-20 16:18:03,834 - INFO - HTTP Request: POST https://anast.ita.chalmers.se:4100/v1/chat/completions "HTTP/1.1 200 OK"
2026-05-20 16:18:29,056 - INFO - HTTP Request: POST https://anast.ita.chalmers.se:4100/v1/chat/completions "HTTP/1.1 200 OK"
2026-05-20 16:18:31,707 - INFO - HTTP Request: POST https://anast.ita.chalmers.se:4100/v1/chat/completions "HTTP/1.1 200 OK"
2026-05-20 16:18:58,955 - INFO - HTTP Request: POST https://anast.ita.chalmers.se:4100/v1/chat/completions "HTTP/1.1 200 OK"
2026-05-20 16:19:02,950 - INFO - HTTP Request: POST https://anast.ita.chalmers.se:4100/v1/chat/completions "HTTP/1.1 200 OK"
2026-05-20 16:19:31,811 - INFO - HTTP Request: POST https://anast.ita.chalmers.se:4100/v1/chat/completions "HTTP/1.1 200 OK"
2026-05-20 16:19:37,087 - INFO - HTTP Request: POST https://anast.ita.chalmers.se:4100/v1/chat/completions "HTTP/1.1 200 OK"
2026-05-20 16:20:06,238 - INFO - HTTP Request: POST https://anast.ita.chalmers.se:4100/v1/chat/completions "HTTP/1.1 200 OK"
2026-05-20 16:20:09,465 - INFO - HTTP Request: POST https://anast.ita.chalmers.se:4100/v1/chat/completions "HTTP/1.1 200 OK"
2026-05-20 16:20:33,919 - INFO - HTTP Request: POST https://anast.ita.chalmers.se:4100/v1/chat/completions "HTTP/1.1 200 OK"
2026-05-20 16:20:36,460 - INFO - HTTP Request: POST https://anast.ita.chalmers.se:4100/v1/chat/completions "HTTP/1.1 200 OK"
2026-05-20 16:21:05,883 - INFO - HTTP Request: POST https://anast.ita.chalmers.se:4100/v1/chat/completions "HTTP/1.1 200 OK"
2026-05-20 16:21:08,419 - INFO - HTTP Request: POST https://anast.ita.chalmers.se:4100/v1/chat/completions "HTTP/1.1 200 OK"
2026-05-20 16:21:34,740 - INFO - HTTP Request: POST https://anast.ita.chalmers.se:4100/v1/chat/completions "HTTP/1.1 200 OK"
2026-05-20 16:21:37,628 - INFO - HTTP Request: POST https://anast.ita.chalmers.se:4100/v1/chat/completions "HTTP/1.1 200 OK"
2026-05-20 16:22:02,389 - INFO - HTTP Request: POST https://anast.ita.chalmers.se:4100/v1/chat/completions "HTTP/1.1 200 OK"
2026-05-20 16:22:05,205 - INFO - HTTP Request: POST https://anast.ita.chalmers.se:4100/v1/chat/completions "HTTP/1.1 200 OK"
2026-05-20 16:22:33,854 - INFO - HTTP Request: POST https://anast.ita.chalmers.se:4100/v1/chat/completions "HTTP/1.1 200 OK"
2026-05-20 16:22:37,247 - INFO - HTTP Request: POST https://anast.ita.chalmers.se:4100/v1/chat/completions "HTTP/1.1 200 OK"
2026-05-20 16:22:59,879 - INFO - HTTP Request: POST https://anast.ita.chalmers.se:4100/v1/chat/completions "HTTP/1.1 200 OK"
2026-05-20 16:23:01,366 - INFO - HTTP Request: POST https://anast.ita.chalmers.se:4100/v1/chat/completions "HTTP/1.1 200 OK"
2026-05-20 16:23:29,411 - INFO - HTTP Request: POST https://anast.ita.chalmers.se:4100/v1/chat/completions "HTTP/1.1 200 OK"
2026-05-20 16:23:32,452 - INFO - HTTP Request: POST https://anast.ita.chalmers.se:4100/v1/chat/completions "HTTP/1.1 200 OK"
2026-05-20 16:23:58,841 - INFO - HTTP Request: POST https://anast.ita.chalmers.se:4100/v1/chat/completions "HTTP/1.1 200 OK"
2026-05-20 16:24:02,764 - INFO - HTTP Request: POST https://anast.ita.chalmers.se:4100/v1/chat/completions "HTTP/1.1 200 OK"
2026-05-20 16:24:32,782 - INFO - HTTP Request: POST https://anast.ita.chalmers.se:4100/v1/chat/completions "HTTP/1.1 200 OK"
2026-05-20 16:24:35,610 - INFO - HTTP Request: POST https://anast.ita.chalmers.se:4100/v1/chat/completions "HTTP/1.1 200 OK"
2026-05-20 16:25:01,695 - INFO - HTTP Request: POST https://anast.ita.chalmers.se:4100/v1/chat/completions "HTTP/1.1 200 OK"
2026-05-20 16:25:04,289 - INFO - HTTP Request: POST https://anast.ita.chalmers.se:4100/v1/chat/completions "HTTP/1.1 200 OK"
2026-05-20 16:25:36,698 - INFO - HTTP Request: POST https://anast.ita.chalmers.se:4100/v1/chat/completions "HTTP/1.1 200 OK"
2026-05-20 16:25:41,930 - INFO - HTTP Request: POST https://anast.ita.chalmers.se:4100/v1/chat/completions "HTTP/1.1 200 OK"
2026-05-20 16:26:10,615 - INFO - HTTP Request: POST https://anast.ita.chalmers.se:4100/v1/chat/completions "HTTP/1.1 200 OK"
2026-05-20 16:26:14,944 - INFO - HTTP Request: POST https://anast.ita.chalmers.se:4100/v1/chat/completions "HTTP/1.1 200 OK"
2026-05-20 16:26:44,228 - INFO - HTTP Request: POST https://anast.ita.chalmers.se:4100/v1/chat/completions "HTTP/1.1 200 OK"
2026-05-20 16:26:48,045 - INFO - HTTP Request: POST https://anast.ita.chalmers.se:4100/v1/chat/completions "HTTP/1.1 200 OK"
2026-05-20 16:27:16,362 - INFO - HTTP Request: POST https://anast.ita.chalmers.se:4100/v1/chat/completions "HTTP/1.1 200 OK"
2026-05-20 16:27:51,764 - INFO - Loading model: microsoft/codebert-base-mlm
/data/users/eliassam/miniforge3/lib/python3.12/site-packages/transformers/tokenization_utils_base.py:1601: FutureWarning: `clean_up_tokenization_spaces` was not set. It will be set to `True` by default. This behavior will be depracted in transformers v4.45, and will be then set to `False` by default. For more details check this issue: https://github.com/huggingface/transformers/issues/31884
  warnings.warn(
Some weights of the model checkpoint at microsoft/codebert-base-mlm were not used when initializing RobertaForMaskedLM: ['roberta.pooler.dense.bias', 'roberta.pooler.dense.weight']
- This IS expected if you are initializing RobertaForMaskedLM from the checkpoint of a model trained on another task or with another architecture (e.g. initializing a BertForSequenceClassification model from a BertForPreTraining model).
- This IS NOT expected if you are initializing RobertaForMaskedLM from the checkpoint of a model that you expect to be exactly identical (initializing a BertForSequenceClassification model from a BertForSequenceClassification model).
2026-05-20 16:27:53,972 - INFO - Processed __main__.dot: Score=0.8214 (1 paths)
2026-05-20 16:27:54,639 - INFO - Processed test_case_0.dot: Score=0.2621 (10 paths)
2026-05-20 16:27:55,330 - INFO - Processed test_case_1.dot: Score=0.3545 (9 paths)
2026-05-20 16:27:55,524 - INFO - Processed test_case_2.dot: Score=0.5200 (3 paths)
2026-05-20 16:27:55,653 - INFO - Processed test_case_3.dot: Score=0.4166 (2 paths)
2026-05-20 16:27:55,799 - INFO - Processed test_case_4.dot: Score=0.3706 (2 paths)
2026-05-20 16:27:55,938 - INFO - Processed test_case_5.dot: Score=0.6266 (2 paths)
2026-05-20 16:27:56,077 - INFO - Processed test_case_6.dot: Score=0.6387 (2 paths)
2026-05-20 16:27:56,361 - INFO - Processed test_case_7.dot: Score=0.2639 (4 paths)
2026-05-20 16:27:56,566 - INFO - Processed test_case_8.dot: Score=0.2760 (3 paths)
2026-05-20 16:27:57,039 - INFO - Processed test_case_9.dot: Score=0.3517 (7 paths)
2026-05-20 16:27:57,105 - INFO - Processed test_case_10.dot: Score=0.7147 (1 paths)
2026-05-20 16:27:57,240 - INFO - Processed test_case_11.dot: Score=0.5872 (2 paths)
2026-05-20 16:27:57,372 - INFO - Processed test_case_12.dot: Score=0.5387 (2 paths)
2026-05-20 16:27:57,441 - INFO - Processed test_case_13.dot: Score=0.6897 (1 paths)
2026-05-20 16:27:57,646 - INFO - Processed test_case_14.dot: Score=0.5443 (3 paths)
2026-05-20 16:27:57,695 - INFO - Processed test_case_15.dot: Score=0.6536 (1 paths)
2026-05-20 16:27:57,827 - INFO - Processed test_case_16.dot: Score=0.6411 (2 paths)
2026-05-20 16:27:57,960 - INFO - Processed test_case_17.dot: Score=0.6048 (2 paths)
2026-05-20 16:27:58,212 - INFO - Processed test_case_18.dot: Score=0.3376 (4 paths)
2026-05-20 16:27:58,409 - INFO - Processed test_case_19.dot: Score=0.4667 (3 paths)
2026-05-20 16:27:59,559 - INFO - Processed test_case_20.dot: Score=0.3443 (14 paths)
2026-05-20 16:28:00,348 - INFO - Processed test_case_21.dot: Score=0.3126 (10 paths)
2026-05-20 16:28:00,625 - INFO - Processed test_case_22.dot: Score=0.5441 (4 paths)
2026-05-20 16:28:00,738 - INFO - Processed __main__.dot: Score=0.6985 (1 paths)
2026-05-20 16:28:01,588 - INFO - Processed test_empty_immutable_list_basic_operations.dot: Score=0.2507 (10 paths)
2026-05-20 16:28:02,388 - INFO - Processed test_immutable_list_core_operations_on_empty_list.dot: Score=0.2443 (9 paths)
2026-05-20 16:28:02,602 - INFO - Processed test_immutable_list_append_and_find_with_bool_value.dot: Score=0.3161 (3 paths)
2026-05-20 16:28:02,743 - INFO - Processed test_immutable_list_add_with_none_does_not_raise.dot: Score=0.4727 (2 paths)
2026-05-20 16:28:02,909 - INFO - Processed test_immutable_list_construction_and_find_with_empty_list.dot: Score=0.3790 (2 paths)
2026-05-20 16:28:03,060 - INFO - Processed test_immutable_list_construction_and_basic_method_calls.dot: Score=0.3877 (2 paths)
2026-05-20 16:28:03,204 - INFO - Processed test_immutable_list_find_with_list_representation.dot: Score=0.4067 (2 paths)
2026-05-20 16:28:03,521 - INFO - Processed test_immutable_list_find_append_and_convert_to_list.dot: Score=0.2430 (4 paths)
2026-05-20 16:28:03,774 - INFO - Processed test_immutable_list_to_list_and_map_with_non_empty_flag.dot: Score=0.4252 (3 paths)
2026-05-20 16:28:04,303 - INFO - Processed test_immutable_list_unshift_append_and_map_with_none.dot: Score=0.3594 (7 paths)
2026-05-20 16:28:04,385 - INFO - Processed test_immutable_list_filter_with_self_as_predicate.dot: Score=0.4393 (1 paths)
2026-05-20 16:28:04,545 - INFO - Processed test_immutable_list_add_self_then_filter_by_length.dot: Score=0.2466 (2 paths)
2026-05-20 16:28:04,699 - INFO - Processed test_find_on_none_initialized_immutable_list_returns_sized_result.dot: Score=0.5360 (2 paths)
2026-05-20 16:28:04,778 - INFO - Processed test_immutable_list_find_with_self_reference.dot: Score=0.4357 (1 paths)
2026-05-20 16:28:05,007 - INFO - Processed test_immutable_list_reduce_and_find_with_false_seed.dot: Score=0.4370 (3 paths)
2026-05-20 16:28:05,083 - INFO - Processed test_immutable_list_default_constructor_creates_instance.dot: Score=0.4066 (1 paths)
2026-05-20 16:28:05,239 - INFO - Processed test_immutable_list_str_and_find_with_false_value.dot: Score=0.4563 (2 paths)
2026-05-20 16:28:05,399 - INFO - Processed test_immutable_list_unshift_and_find_with_self_reference.dot: Score=0.3787 (2 paths)
2026-05-20 16:28:06,174 - INFO - Processed test_immutable_list_unshift_append_and_find_do_not_raise.dot: Score=0.2717 (4 paths)
2026-05-20 16:28:06,228 - INFO - Processed test_immutable_list_append_increases_length_and_supports_find.dot: Score=0.5173 (1 paths)
<unknown>:24: SyntaxWarning: invalid escape sequence '\['
<unknown>:25: SyntaxWarning: invalid escape sequence '\['
<unknown>:26: SyntaxWarning: invalid escape sequence '\('
<unknown>:27: SyntaxWarning: invalid escape sequence '\('
<unknown>:28: SyntaxWarning: invalid escape sequence '\e'
2026-05-20 16:28:18,538 - INFO - HTTP Request: POST https://anast.ita.chalmers.se:4100/v1/chat/completions "HTTP/1.1 200 OK"
2026-05-20 16:28:46,669 - INFO - HTTP Request: POST https://anast.ita.chalmers.se:4100/v1/chat/completions "HTTP/1.1 200 OK"
2026-05-20 16:28:50,129 - INFO - HTTP Request: POST https://anast.ita.chalmers.se:4100/v1/chat/completions "HTTP/1.1 200 OK"
2026-05-20 16:29:19,382 - INFO - HTTP Request: POST https://anast.ita.chalmers.se:4100/v1/chat/completions "HTTP/1.1 200 OK"
2026-05-20 16:29:23,300 - INFO - HTTP Request: POST https://anast.ita.chalmers.se:4100/v1/chat/completions "HTTP/1.1 200 OK"
2026-05-20 16:29:50,782 - INFO - HTTP Request: POST https://anast.ita.chalmers.se:4100/v1/chat/completions "HTTP/1.1 200 OK"
2026-05-20 16:29:54,313 - INFO - HTTP Request: POST https://anast.ita.chalmers.se:4100/v1/chat/completions "HTTP/1.1 200 OK"
2026-05-20 16:30:19,766 - INFO - HTTP Request: POST https://anast.ita.chalmers.se:4100/v1/chat/completions "HTTP/1.1 200 OK"
2026-05-20 16:30:22,531 - INFO - HTTP Request: POST https://anast.ita.chalmers.se:4100/v1/chat/completions "HTTP/1.1 200 OK"
2026-05-20 16:30:49,056 - INFO - HTTP Request: POST https://anast.ita.chalmers.se:4100/v1/chat/completions "HTTP/1.1 200 OK"
2026-05-20 16:30:52,418 - INFO - HTTP Request: POST https://anast.ita.chalmers.se:4100/v1/chat/completions "HTTP/1.1 200 OK"
2026-05-20 16:31:19,129 - INFO - HTTP Request: POST https://anast.ita.chalmers.se:4100/v1/chat/completions "HTTP/1.1 200 OK"
2026-05-20 16:31:22,280 - INFO - HTTP Request: POST https://anast.ita.chalmers.se:4100/v1/chat/completions "HTTP/1.1 200 OK"
2026-05-20 16:31:49,970 - INFO - HTTP Request: POST https://anast.ita.chalmers.se:4100/v1/chat/completions "HTTP/1.1 200 OK"
2026-05-20 16:31:52,679 - INFO - HTTP Request: POST https://anast.ita.chalmers.se:4100/v1/chat/completions "HTTP/1.1 200 OK"
2026-05-20 16:32:20,338 - INFO - HTTP Request: POST https://anast.ita.chalmers.se:4100/v1/chat/completions "HTTP/1.1 200 OK"
2026-05-20 16:32:23,408 - INFO - HTTP Request: POST https://anast.ita.chalmers.se:4100/v1/chat/completions "HTTP/1.1 200 OK"
2026-05-20 16:32:52,570 - INFO - HTTP Request: POST https://anast.ita.chalmers.se:4100/v1/chat/completions "HTTP/1.1 200 OK"
2026-05-20 16:32:56,146 - INFO - HTTP Request: POST https://anast.ita.chalmers.se:4100/v1/chat/completions "HTTP/1.1 200 OK"
2026-05-20 16:33:23,627 - INFO - HTTP Request: POST https://anast.ita.chalmers.se:4100/v1/chat/completions "HTTP/1.1 200 OK"
2026-05-20 16:33:27,072 - INFO - HTTP Request: POST https://anast.ita.chalmers.se:4100/v1/chat/completions "HTTP/1.1 200 OK"
2026-05-20 16:33:52,956 - INFO - HTTP Request: POST https://anast.ita.chalmers.se:4100/v1/chat/completions "HTTP/1.1 200 OK"
2026-05-20 16:33:55,570 - INFO - HTTP Request: POST https://anast.ita.chalmers.se:4100/v1/chat/completions "HTTP/1.1 200 OK"
2026-05-20 16:34:23,399 - INFO - HTTP Request: POST https://anast.ita.chalmers.se:4100/v1/chat/completions "HTTP/1.1 200 OK"
2026-05-20 16:34:26,188 - INFO - HTTP Request: POST https://anast.ita.chalmers.se:4100/v1/chat/completions "HTTP/1.1 200 OK"
2026-05-20 16:34:53,158 - INFO - HTTP Request: POST https://anast.ita.chalmers.se:4100/v1/chat/completions "HTTP/1.1 200 OK"
2026-05-20 16:34:55,923 - INFO - HTTP Request: POST https://anast.ita.chalmers.se:4100/v1/chat/completions "HTTP/1.1 200 OK"
2026-05-20 16:35:22,246 - INFO - HTTP Request: POST https://anast.ita.chalmers.se:4100/v1/chat/completions "HTTP/1.1 200 OK"
2026-05-20 16:35:25,241 - INFO - HTTP Request: POST https://anast.ita.chalmers.se:4100/v1/chat/completions "HTTP/1.1 200 OK"
2026-05-20 16:35:53,617 - INFO - HTTP Request: POST https://anast.ita.chalmers.se:4100/v1/chat/completions "HTTP/1.1 200 OK"
2026-05-20 16:35:57,024 - INFO - HTTP Request: POST https://anast.ita.chalmers.se:4100/v1/chat/completions "HTTP/1.1 200 OK"
2026-05-20 16:36:22,283 - INFO - HTTP Request: POST https://anast.ita.chalmers.se:4100/v1/chat/completions "HTTP/1.1 200 OK"
2026-05-20 16:36:24,041 - INFO - HTTP Request: POST https://anast.ita.chalmers.se:4100/v1/chat/completions "HTTP/1.1 200 OK"
2026-05-20 16:36:48,222 - INFO - HTTP Request: POST https://anast.ita.chalmers.se:4100/v1/chat/completions "HTTP/1.1 200 OK"
2026-05-20 16:36:51,263 - INFO - HTTP Request: POST https://anast.ita.chalmers.se:4100/v1/chat/completions "HTTP/1.1 200 OK"
2026-05-20 16:37:17,703 - INFO - HTTP Request: POST https://anast.ita.chalmers.se:4100/v1/chat/completions "HTTP/1.1 200 OK"
2026-05-20 16:37:20,075 - INFO - HTTP Request: POST https://anast.ita.chalmers.se:4100/v1/chat/completions "HTTP/1.1 200 OK"
2026-05-20 16:37:51,708 - INFO - HTTP Request: POST https://anast.ita.chalmers.se:4100/v1/chat/completions "HTTP/1.1 200 OK"
2026-05-20 16:37:54,872 - INFO - HTTP Request: POST https://anast.ita.chalmers.se:4100/v1/chat/completions "HTTP/1.1 200 OK"
2026-05-20 16:38:21,886 - INFO - HTTP Request: POST https://anast.ita.chalmers.se:4100/v1/chat/completions "HTTP/1.1 200 OK"
2026-05-20 16:38:25,280 - INFO - HTTP Request: POST https://anast.ita.chalmers.se:4100/v1/chat/completions "HTTP/1.1 200 OK"
2026-05-20 16:38:57,458 - INFO - HTTP Request: POST https://anast.ita.chalmers.se:4100/v1/chat/completions "HTTP/1.1 200 OK"
2026-05-20 16:39:01,934 - INFO - HTTP Request: POST https://anast.ita.chalmers.se:4100/v1/chat/completions "HTTP/1.1 200 OK"
2026-05-20 16:39:31,673 - INFO - HTTP Request: POST https://anast.ita.chalmers.se:4100/v1/chat/completions "HTTP/1.1 200 OK"
2026-05-20 16:39:36,465 - INFO - HTTP Request: POST https://anast.ita.chalmers.se:4100/v1/chat/completions "HTTP/1.1 200 OK"
2026-05-20 16:40:06,971 - INFO - HTTP Request: POST https://anast.ita.chalmers.se:4100/v1/chat/completions "HTTP/1.1 200 OK"
2026-05-20 16:40:10,470 - INFO - HTTP Request: POST https://anast.ita.chalmers.se:4100/v1/chat/completions "HTTP/1.1 200 OK"
2026-05-20 16:40:38,703 - INFO - HTTP Request: POST https://anast.ita.chalmers.se:4100/v1/chat/completions "HTTP/1.1 200 OK"
2026-05-20 16:41:13,532 - INFO - Loading model: microsoft/codebert-base-mlm
/data/users/eliassam/miniforge3/lib/python3.12/site-packages/transformers/tokenization_utils_base.py:1601: FutureWarning: `clean_up_tokenization_spaces` was not set. It will be set to `True` by default. This behavior will be depracted in transformers v4.45, and will be then set to `False` by default. For more details check this issue: https://github.com/huggingface/transformers/issues/31884
  warnings.warn(
Some weights of the model checkpoint at microsoft/codebert-base-mlm were not used when initializing RobertaForMaskedLM: ['roberta.pooler.dense.bias', 'roberta.pooler.dense.weight']
- This IS expected if you are initializing RobertaForMaskedLM from the checkpoint of a model trained on another task or with another architecture (e.g. initializing a BertForSequenceClassification model from a BertForPreTraining model).
- This IS NOT expected if you are initializing RobertaForMaskedLM from the checkpoint of a model that you expect to be exactly identical (initializing a BertForSequenceClassification model from a BertForSequenceClassification model).
2026-05-20 16:41:15,495 - INFO - Processed __main__.dot: Score=0.8214 (1 paths)
2026-05-20 16:41:16,416 - INFO - Processed test_case_0.dot: Score=0.2621 (10 paths)
2026-05-20 16:41:17,362 - INFO - Processed test_case_1.dot: Score=0.3545 (9 paths)
2026-05-20 16:41:17,611 - INFO - Processed test_case_2.dot: Score=0.5200 (3 paths)
2026-05-20 16:41:17,769 - INFO - Processed test_case_3.dot: Score=0.4166 (2 paths)
2026-05-20 16:41:17,956 - INFO - Processed test_case_4.dot: Score=0.3706 (2 paths)
2026-05-20 16:41:18,133 - INFO - Processed test_case_5.dot: Score=0.6266 (2 paths)
2026-05-20 16:41:18,307 - INFO - Processed test_case_6.dot: Score=0.6387 (2 paths)
2026-05-20 16:41:18,682 - INFO - Processed test_case_7.dot: Score=0.2639 (4 paths)
2026-05-20 16:41:18,956 - INFO - Processed test_case_8.dot: Score=0.2760 (3 paths)
2026-05-20 16:41:19,596 - INFO - Processed test_case_9.dot: Score=0.3517 (7 paths)
2026-05-20 16:41:19,692 - INFO - Processed test_case_10.dot: Score=0.7147 (1 paths)
2026-05-20 16:41:19,875 - INFO - Processed test_case_11.dot: Score=0.5872 (2 paths)
2026-05-20 16:41:20,049 - INFO - Processed test_case_12.dot: Score=0.5387 (2 paths)
2026-05-20 16:41:20,144 - INFO - Processed test_case_13.dot: Score=0.6897 (1 paths)
2026-05-20 16:41:20,422 - INFO - Processed test_case_14.dot: Score=0.5443 (3 paths)
2026-05-20 16:41:20,495 - INFO - Processed test_case_15.dot: Score=0.6536 (1 paths)
2026-05-20 16:41:20,674 - INFO - Processed test_case_16.dot: Score=0.6411 (2 paths)
2026-05-20 16:41:20,852 - INFO - Processed test_case_17.dot: Score=0.6048 (2 paths)
2026-05-20 16:41:21,195 - INFO - Processed test_case_18.dot: Score=0.3376 (4 paths)
2026-05-20 16:41:21,465 - INFO - Processed test_case_19.dot: Score=0.4667 (3 paths)
2026-05-20 16:41:22,900 - INFO - Processed test_case_20.dot: Score=0.3443 (14 paths)
2026-05-20 16:41:23,707 - INFO - Processed test_case_21.dot: Score=0.3126 (10 paths)
2026-05-20 16:41:23,990 - INFO - Processed test_case_22.dot: Score=0.5441 (4 paths)
2026-05-20 16:41:24,115 - INFO - Processed __main__.dot: Score=0.6985 (1 paths)
2026-05-20 16:41:24,923 - INFO - Processed test_empty_immutable_list_basic_operations.dot: Score=0.2554 (10 paths)
2026-05-20 16:41:25,718 - INFO - Processed test_immutable_list_basic_operations_on_empty_list.dot: Score=0.3105 (9 paths)
2026-05-20 16:41:25,931 - INFO - Processed test_immutable_list_append_and_find_do_not_raise.dot: Score=0.3642 (3 paths)
2026-05-20 16:41:26,070 - INFO - Processed test_immutable_list_add_with_none_argument.dot: Score=0.3609 (2 paths)
2026-05-20 16:41:26,238 - INFO - Processed test_immutable_list_construction_and_find_with_self_reference.dot: Score=0.3570 (2 paths)
2026-05-20 16:41:26,388 - INFO - Processed test_immutable_list_construction_with_false_and_basic_methods.dot: Score=0.2859 (2 paths)
2026-05-20 16:41:26,541 - INFO - Processed test_immutable_list_find_with_converted_list.dot: Score=0.3749 (2 paths)
2026-05-20 16:41:26,886 - INFO - Processed test_immutable_list_find_none_append_self_and_convert_to_list.dot: Score=0.2652 (4 paths)
2026-05-20 16:41:27,145 - INFO - Processed test_immutable_list_map_accepts_to_list_output.dot: Score=0.3131 (3 paths)
2026-05-20 16:41:27,683 - INFO - Processed test_immutable_list_operations_with_none_values.dot: Score=0.3162 (7 paths)
2026-05-20 16:41:27,776 - INFO - Processed test_immutable_list_filter_with_another_immutable_list_instance.dot: Score=0.3661 (1 paths)
2026-05-20 16:41:27,949 - INFO - Processed test_immutable_list_filter_with_length_after_self_concatenation.dot: Score=0.2980 (2 paths)
2026-05-20 16:41:28,103 - INFO - Processed test_find_on_none_initialized_list_returns_sized_result.dot: Score=0.5222 (2 paths)
2026-05-20 16:41:28,186 - INFO - Processed test_immutable_list_find_with_self_as_argument.dot: Score=0.4889 (1 paths)
2026-05-20 16:41:28,417 - INFO - Processed test_immutable_list_reduce_and_find_operations.dot: Score=0.3289 (3 paths)
2026-05-20 16:41:28,481 - INFO - Processed test_immutable_list_default_construction_succeeds.dot: Score=0.4052 (1 paths)
2026-05-20 16:41:28,633 - INFO - Processed test_immutable_list_str_and_find_with_false_value.dot: Score=0.2826 (2 paths)
2026-05-20 16:41:28,797 - INFO - Processed test_immutable_list_unshift_and_find_with_false_value.dot: Score=0.4114 (2 paths)
2026-05-20 16:41:29,099 - INFO - Processed test_immutable_list_unshift_append_and_find.dot: Score=0.4410 (4 paths)
2026-05-20 16:41:29,249 - INFO - Processed test_immutable_list_append_and_find_operations.dot: Score=0.3082 (2 paths)
<unknown>:24: SyntaxWarning: invalid escape sequence '\['
<unknown>:25: SyntaxWarning: invalid escape sequence '\['
<unknown>:26: SyntaxWarning: invalid escape sequence '\('
<unknown>:27: SyntaxWarning: invalid escape sequence '\('
<unknown>:28: SyntaxWarning: invalid escape sequence '\e'
2026-05-20 16:41:42,524 - INFO - HTTP Request: POST https://anast.ita.chalmers.se:4100/v1/chat/completions "HTTP/1.1 200 OK"
2026-05-20 16:42:10,713 - INFO - HTTP Request: POST https://anast.ita.chalmers.se:4100/v1/chat/completions "HTTP/1.1 200 OK"
2026-05-20 16:42:13,456 - INFO - HTTP Request: POST https://anast.ita.chalmers.se:4100/v1/chat/completions "HTTP/1.1 200 OK"
2026-05-20 16:42:38,694 - INFO - HTTP Request: POST https://anast.ita.chalmers.se:4100/v1/chat/completions "HTTP/1.1 200 OK"
2026-05-20 16:42:40,998 - INFO - HTTP Request: POST https://anast.ita.chalmers.se:4100/v1/chat/completions "HTTP/1.1 200 OK"
2026-05-20 16:43:14,174 - INFO - HTTP Request: POST https://anast.ita.chalmers.se:4100/v1/chat/completions "HTTP/1.1 200 OK"
2026-05-20 16:43:23,008 - INFO - HTTP Request: POST https://anast.ita.chalmers.se:4100/v1/chat/completions "HTTP/1.1 200 OK"
2026-05-20 16:43:51,068 - INFO - HTTP Request: POST https://anast.ita.chalmers.se:4100/v1/chat/completions "HTTP/1.1 200 OK"
2026-05-20 16:43:58,572 - INFO - HTTP Request: POST https://anast.ita.chalmers.se:4100/v1/chat/completions "HTTP/1.1 200 OK"
2026-05-20 16:44:28,721 - INFO - HTTP Request: POST https://anast.ita.chalmers.se:4100/v1/chat/completions "HTTP/1.1 200 OK"
2026-05-20 16:44:32,465 - INFO - HTTP Request: POST https://anast.ita.chalmers.se:4100/v1/chat/completions "HTTP/1.1 200 OK"
2026-05-20 16:45:00,421 - INFO - HTTP Request: POST https://anast.ita.chalmers.se:4100/v1/chat/completions "HTTP/1.1 200 OK"
2026-05-20 16:45:03,988 - INFO - HTTP Request: POST https://anast.ita.chalmers.se:4100/v1/chat/completions "HTTP/1.1 200 OK"
2026-05-20 16:45:36,241 - INFO - HTTP Request: POST https://anast.ita.chalmers.se:4100/v1/chat/completions "HTTP/1.1 200 OK"
2026-05-20 16:45:39,183 - INFO - HTTP Request: POST https://anast.ita.chalmers.se:4100/v1/chat/completions "HTTP/1.1 200 OK"
2026-05-20 16:46:13,031 - INFO - HTTP Request: POST https://anast.ita.chalmers.se:4100/v1/chat/completions "HTTP/1.1 200 OK"
2026-05-20 16:46:17,823 - INFO - HTTP Request: POST https://anast.ita.chalmers.se:4100/v1/chat/completions "HTTP/1.1 200 OK"
2026-05-20 16:46:44,056 - INFO - HTTP Request: POST https://anast.ita.chalmers.se:4100/v1/chat/completions "HTTP/1.1 200 OK"
2026-05-20 16:46:47,342 - INFO - HTTP Request: POST https://anast.ita.chalmers.se:4100/v1/chat/completions "HTTP/1.1 200 OK"
2026-05-20 16:47:19,843 - INFO - HTTP Request: POST https://anast.ita.chalmers.se:4100/v1/chat/completions "HTTP/1.1 200 OK"
2026-05-20 16:47:54,115 - INFO - HTTP Request: POST https://anast.ita.chalmers.se:4100/v1/chat/completions "HTTP/1.1 200 OK"
2026-05-20 16:48:22,748 - INFO - HTTP Request: POST https://anast.ita.chalmers.se:4100/v1/chat/completions "HTTP/1.1 200 OK"
2026-05-20 16:48:26,830 - INFO - HTTP Request: POST https://anast.ita.chalmers.se:4100/v1/chat/completions "HTTP/1.1 200 OK"
2026-05-20 16:48:56,830 - INFO - HTTP Request: POST https://anast.ita.chalmers.se:4100/v1/chat/completions "HTTP/1.1 200 OK"
2026-05-20 16:49:01,314 - INFO - HTTP Request: POST https://anast.ita.chalmers.se:4100/v1/chat/completions "HTTP/1.1 200 OK"
2026-05-20 16:49:35,082 - INFO - HTTP Request: POST https://anast.ita.chalmers.se:4100/v1/chat/completions "HTTP/1.1 200 OK"
2026-05-20 16:49:39,232 - INFO - HTTP Request: POST https://anast.ita.chalmers.se:4100/v1/chat/completions "HTTP/1.1 200 OK"
2026-05-20 16:50:09,910 - INFO - HTTP Request: POST https://anast.ita.chalmers.se:4100/v1/chat/completions "HTTP/1.1 200 OK"
2026-05-20 16:50:13,061 - INFO - HTTP Request: POST https://anast.ita.chalmers.se:4100/v1/chat/completions "HTTP/1.1 200 OK"
2026-05-20 16:50:45,572 - INFO - HTTP Request: POST https://anast.ita.chalmers.se:4100/v1/chat/completions "HTTP/1.1 200 OK"
2026-05-20 16:50:50,101 - INFO - HTTP Request: POST https://anast.ita.chalmers.se:4100/v1/chat/completions "HTTP/1.1 200 OK"
2026-05-20 16:51:17,155 - INFO - HTTP Request: POST https://anast.ita.chalmers.se:4100/v1/chat/completions "HTTP/1.1 200 OK"
2026-05-20 16:51:19,936 - INFO - HTTP Request: POST https://anast.ita.chalmers.se:4100/v1/chat/completions "HTTP/1.1 200 OK"
2026-05-20 16:51:51,052 - INFO - HTTP Request: POST https://anast.ita.chalmers.se:4100/v1/chat/completions "HTTP/1.1 200 OK"
2026-05-20 16:51:56,860 - INFO - HTTP Request: POST https://anast.ita.chalmers.se:4100/v1/chat/completions "HTTP/1.1 200 OK"
2026-05-20 16:52:35,484 - INFO - HTTP Request: POST https://anast.ita.chalmers.se:4100/v1/chat/completions "HTTP/1.1 200 OK"
2026-05-20 16:52:46,229 - INFO - HTTP Request: POST https://anast.ita.chalmers.se:4100/v1/chat/completions "HTTP/1.1 200 OK"
2026-05-20 16:53:16,589 - INFO - HTTP Request: POST https://anast.ita.chalmers.se:4100/v1/chat/completions "HTTP/1.1 200 OK"
2026-05-20 16:53:20,132 - INFO - HTTP Request: POST https://anast.ita.chalmers.se:4100/v1/chat/completions "HTTP/1.1 200 OK"
2026-05-20 16:53:44,571 - INFO - HTTP Request: POST https://anast.ita.chalmers.se:4100/v1/chat/completions "HTTP/1.1 200 OK"
2026-05-20 16:53:47,768 - INFO - HTTP Request: POST https://anast.ita.chalmers.se:4100/v1/chat/completions "HTTP/1.1 200 OK"
2026-05-20 16:54:17,560 - INFO - HTTP Request: POST https://anast.ita.chalmers.se:4100/v1/chat/completions "HTTP/1.1 200 OK"
2026-05-20 16:55:02,010 - INFO - Loading model: microsoft/codebert-base-mlm
/data/users/eliassam/miniforge3/lib/python3.12/site-packages/transformers/tokenization_utils_base.py:1601: FutureWarning: `clean_up_tokenization_spaces` was not set. It will be set to `True` by default. This behavior will be depracted in transformers v4.45, and will be then set to `False` by default. For more details check this issue: https://github.com/huggingface/transformers/issues/31884
  warnings.warn(
Some weights of the model checkpoint at microsoft/codebert-base-mlm were not used when initializing RobertaForMaskedLM: ['roberta.pooler.dense.bias', 'roberta.pooler.dense.weight']
- This IS expected if you are initializing RobertaForMaskedLM from the checkpoint of a model trained on another task or with another architecture (e.g. initializing a BertForSequenceClassification model from a BertForPreTraining model).
- This IS NOT expected if you are initializing RobertaForMaskedLM from the checkpoint of a model that you expect to be exactly identical (initializing a BertForSequenceClassification model from a BertForSequenceClassification model).
2026-05-20 16:55:04,605 - INFO - Processed __main__.dot: Score=0.8692 (1 paths)
2026-05-20 16:55:04,960 - INFO - Processed test_case_0.dot: Score=0.3918 (1 paths)
2026-05-20 16:55:05,026 - INFO - Processed test_case_1.dot: Score=0.4033 (1 paths)
2026-05-20 16:55:16,104 - INFO - Processed test_case_2.dot: Score=0.1618 (50 paths)
2026-05-20 16:55:16,224 - INFO - Processed test_case_3.dot: Score=0.3069 (2 paths)
2026-05-20 16:55:16,517 - INFO - Processed test_case_4.dot: Score=0.2873 (5 paths)
2026-05-20 16:55:16,657 - INFO - Processed test_case_5.dot: Score=0.4323 (3 paths)
2026-05-20 16:55:16,829 - INFO - Processed test_case_6.dot: Score=0.2701 (3 paths)
2026-05-20 16:55:19,894 - INFO - Processed test_case_7.dot: Score=0.1339 (38 paths)
2026-05-20 16:55:20,038 - INFO - Processed test_case_8.dot: Score=0.4911 (3 paths)
2026-05-20 16:55:20,750 - INFO - Processed test_case_9.dot: Score=0.2056 (12 paths)
2026-05-20 16:55:21,144 - INFO - Processed test_case_10.dot: Score=0.2094 (6 paths)
2026-05-20 16:55:22,736 - INFO - Processed test_case_11.dot: Score=0.1839 (24 paths)
2026-05-20 16:55:25,079 - INFO - Processed test_case_12.dot: Score=0.1645 (34 paths)
2026-05-20 16:55:25,665 - INFO - Processed test_case_13.dot: Score=0.1918 (10 paths)
2026-05-20 16:55:26,775 - INFO - Processed test_case_14.dot: Score=0.1790 (18 paths)
2026-05-20 16:55:26,886 - INFO - Processed test_case_15.dot: Score=0.2980 (2 paths)
2026-05-20 16:55:29,742 - INFO - Processed test_case_16.dot: Score=0.1663 (40 paths)
2026-05-20 16:55:37,649 - INFO - Processed test_case_17.dot: Score=0.1025 (50 paths)
2026-05-20 16:55:38,936 - INFO - Processed test_case_18.dot: Score=0.2135 (13 paths)
2026-05-20 16:55:39,051 - INFO - Processed test_case_19.dot: Score=0.2928 (2 paths)
2026-05-20 16:55:39,174 - INFO - Processed __main__.dot: Score=0.6625 (1 paths)
2026-05-20 16:55:39,250 - INFO - Processed test_maybe_instantiation_with_bytes_arguments.dot: Score=0.2286 (1 paths)
2026-05-20 16:55:39,315 - INFO - Processed test_maybe_instantiation_with_none_arguments.dot: Score=0.5094 (1 paths)
2026-05-20 16:55:47,979 - INFO - Processed test_maybe_monad_chained_operations_with_string_value.dot: Score=0.1630 (50 paths)
2026-05-20 16:55:48,122 - INFO - Processed test_maybe_eq_returns_false_when_compared_to_set_of_false_values.dot: Score=0.3150 (2 paths)
2026-05-20 16:55:48,910 - INFO - Processed test_maybe_bind_map_chaining_and_invalid_set_method_raises_attribute_error.dot: Score=0.2181 (10 paths)
2026-05-20 16:55:49,123 - INFO - Processed test_maybe_map_with_none_value_and_false_flag.dot: Score=0.2950 (3 paths)
2026-05-20 16:55:49,322 - INFO - Processed test_maybe_bind_with_none_value_and_empty_dict.dot: Score=0.2288 (3 paths)
2026-05-20 16:55:53,063 - INFO - Processed test_maybe_chained_operations_with_mixed_types.dot: Score=0.1250 (38 paths)
2026-05-20 16:55:53,233 - INFO - Processed test_maybe_ap_with_none_and_false_does_not_raise.dot: Score=0.3226 (3 paths)
2026-05-20 16:55:54,155 - INFO - Processed test_maybe_chained_filter_lazy_map_and_to_try_operations.dot: Score=0.1754 (12 paths)
2026-05-20 16:55:54,647 - INFO - Processed test_maybe_filter_on_none_value_with_lazy_conversion.dot: Score=0.2394 (6 paths)
2026-05-20 16:55:56,262 - INFO - Processed test_maybe_get_or_else_to_box_and_filter_with_mixed_types.dot: Score=0.1931 (19 paths)
2026-05-20 16:55:59,627 - INFO - Processed test_maybe_methods_with_mixed_types_and_empty_fallback.dot: Score=0.1478 (34 paths)
2026-05-20 16:56:00,325 - INFO - Processed test_maybe_map_with_set_and_to_either_conversion.dot: Score=0.3181 (10 paths)
2026-05-20 16:56:00,655 - INFO - Processed test_maybe_with_none_values_converts_to_lazy_either_and_try.dot: Score=0.2241 (5 paths)
<unknown>:24: SyntaxWarning: invalid escape sequence '\['
<unknown>:25: SyntaxWarning: invalid escape sequence '\['
<unknown>:26: SyntaxWarning: invalid escape sequence '\('
<unknown>:27: SyntaxWarning: invalid escape sequence '\('
<unknown>:28: SyntaxWarning: invalid escape sequence '\e'
2026-05-20 16:56:12,675 - INFO - HTTP Request: POST https://anast.ita.chalmers.se:4100/v1/chat/completions "HTTP/1.1 200 OK"
2026-05-20 16:56:40,372 - INFO - HTTP Request: POST https://anast.ita.chalmers.se:4100/v1/chat/completions "HTTP/1.1 200 OK"
2026-05-20 16:56:42,857 - INFO - HTTP Request: POST https://anast.ita.chalmers.se:4100/v1/chat/completions "HTTP/1.1 200 OK"
2026-05-20 16:57:07,691 - INFO - HTTP Request: POST https://anast.ita.chalmers.se:4100/v1/chat/completions "HTTP/1.1 200 OK"
2026-05-20 16:57:09,703 - INFO - HTTP Request: POST https://anast.ita.chalmers.se:4100/v1/chat/completions "HTTP/1.1 200 OK"
2026-05-20 16:57:43,163 - INFO - HTTP Request: POST https://anast.ita.chalmers.se:4100/v1/chat/completions "HTTP/1.1 200 OK"
2026-05-20 16:57:54,809 - INFO - HTTP Request: POST https://anast.ita.chalmers.se:4100/v1/chat/completions "HTTP/1.1 200 OK"
2026-05-20 16:58:23,111 - INFO - HTTP Request: POST https://anast.ita.chalmers.se:4100/v1/chat/completions "HTTP/1.1 200 OK"
2026-05-20 16:58:25,649 - INFO - HTTP Request: POST https://anast.ita.chalmers.se:4100/v1/chat/completions "HTTP/1.1 200 OK"
2026-05-20 16:58:53,897 - INFO - HTTP Request: POST https://anast.ita.chalmers.se:4100/v1/chat/completions "HTTP/1.1 200 OK"
2026-05-20 16:58:57,294 - INFO - HTTP Request: POST https://anast.ita.chalmers.se:4100/v1/chat/completions "HTTP/1.1 200 OK"
2026-05-20 16:59:24,563 - INFO - HTTP Request: POST https://anast.ita.chalmers.se:4100/v1/chat/completions "HTTP/1.1 200 OK"
2026-05-20 16:59:26,673 - INFO - HTTP Request: POST https://anast.ita.chalmers.se:4100/v1/chat/completions "HTTP/1.1 200 OK"
2026-05-20 16:59:55,159 - INFO - HTTP Request: POST https://anast.ita.chalmers.se:4100/v1/chat/completions "HTTP/1.1 200 OK"
2026-05-20 16:59:57,966 - INFO - HTTP Request: POST https://anast.ita.chalmers.se:4100/v1/chat/completions "HTTP/1.1 200 OK"
2026-05-20 17:00:30,199 - INFO - HTTP Request: POST https://anast.ita.chalmers.se:4100/v1/chat/completions "HTTP/1.1 200 OK"
2026-05-20 17:00:35,143 - INFO - HTTP Request: POST https://anast.ita.chalmers.se:4100/v1/chat/completions "HTTP/1.1 200 OK"
2026-05-20 17:01:01,388 - INFO - HTTP Request: POST https://anast.ita.chalmers.se:4100/v1/chat/completions "HTTP/1.1 200 OK"
2026-05-20 17:01:03,904 - INFO - HTTP Request: POST https://anast.ita.chalmers.se:4100/v1/chat/completions "HTTP/1.1 200 OK"
2026-05-20 17:01:35,740 - INFO - HTTP Request: POST https://anast.ita.chalmers.se:4100/v1/chat/completions "HTTP/1.1 200 OK"
2026-05-20 17:01:39,635 - INFO - HTTP Request: POST https://anast.ita.chalmers.se:4100/v1/chat/completions "HTTP/1.1 200 OK"
2026-05-20 17:02:08,485 - INFO - HTTP Request: POST https://anast.ita.chalmers.se:4100/v1/chat/completions "HTTP/1.1 200 OK"
2026-05-20 17:02:11,562 - INFO - HTTP Request: POST https://anast.ita.chalmers.se:4100/v1/chat/completions "HTTP/1.1 200 OK"
2026-05-20 17:02:43,575 - INFO - HTTP Request: POST https://anast.ita.chalmers.se:4100/v1/chat/completions "HTTP/1.1 200 OK"
2026-05-20 17:02:47,436 - INFO - HTTP Request: POST https://anast.ita.chalmers.se:4100/v1/chat/completions "HTTP/1.1 200 OK"
2026-05-20 17:03:20,642 - INFO - HTTP Request: POST https://anast.ita.chalmers.se:4100/v1/chat/completions "HTTP/1.1 200 OK"
2026-05-20 17:03:27,478 - INFO - HTTP Request: POST https://anast.ita.chalmers.se:4100/v1/chat/completions "HTTP/1.1 200 OK"
2026-05-20 17:03:56,701 - INFO - HTTP Request: POST https://anast.ita.chalmers.se:4100/v1/chat/completions "HTTP/1.1 200 OK"
2026-05-20 17:04:00,711 - INFO - HTTP Request: POST https://anast.ita.chalmers.se:4100/v1/chat/completions "HTTP/1.1 200 OK"
2026-05-20 17:04:34,309 - INFO - HTTP Request: POST https://anast.ita.chalmers.se:4100/v1/chat/completions "HTTP/1.1 200 OK"
2026-05-20 17:04:41,110 - INFO - HTTP Request: POST https://anast.ita.chalmers.se:4100/v1/chat/completions "HTTP/1.1 200 OK"
2026-05-20 17:05:10,663 - INFO - HTTP Request: POST https://anast.ita.chalmers.se:4100/v1/chat/completions "HTTP/1.1 200 OK"
2026-05-20 17:05:13,413 - INFO - HTTP Request: POST https://anast.ita.chalmers.se:4100/v1/chat/completions "HTTP/1.1 200 OK"
2026-05-20 17:05:46,159 - INFO - HTTP Request: POST https://anast.ita.chalmers.se:4100/v1/chat/completions "HTTP/1.1 200 OK"
2026-05-20 17:05:51,761 - INFO - HTTP Request: POST https://anast.ita.chalmers.se:4100/v1/chat/completions "HTTP/1.1 200 OK"
2026-05-20 17:06:25,224 - INFO - HTTP Request: POST https://anast.ita.chalmers.se:4100/v1/chat/completions "HTTP/1.1 200 OK"
2026-05-20 17:06:36,000 - INFO - HTTP Request: POST https://anast.ita.chalmers.se:4100/v1/chat/completions "HTTP/1.1 200 OK"
2026-05-20 17:07:06,102 - INFO - HTTP Request: POST https://anast.ita.chalmers.se:4100/v1/chat/completions "HTTP/1.1 200 OK"
2026-05-20 17:07:10,237 - INFO - HTTP Request: POST https://anast.ita.chalmers.se:4100/v1/chat/completions "HTTP/1.1 200 OK"
2026-05-20 17:07:37,826 - INFO - HTTP Request: POST https://anast.ita.chalmers.se:4100/v1/chat/completions "HTTP/1.1 200 OK"
2026-05-20 17:07:40,164 - INFO - HTTP Request: POST https://anast.ita.chalmers.se:4100/v1/chat/completions "HTTP/1.1 200 OK"
2026-05-20 17:08:09,241 - INFO - HTTP Request: POST https://anast.ita.chalmers.se:4100/v1/chat/completions "HTTP/1.1 200 OK"
2026-05-20 17:08:55,605 - INFO - Loading model: microsoft/codebert-base-mlm
/data/users/eliassam/miniforge3/lib/python3.12/site-packages/transformers/tokenization_utils_base.py:1601: FutureWarning: `clean_up_tokenization_spaces` was not set. It will be set to `True` by default. This behavior will be depracted in transformers v4.45, and will be then set to `False` by default. For more details check this issue: https://github.com/huggingface/transformers/issues/31884
  warnings.warn(
Some weights of the model checkpoint at microsoft/codebert-base-mlm were not used when initializing RobertaForMaskedLM: ['roberta.pooler.dense.bias', 'roberta.pooler.dense.weight']
- This IS expected if you are initializing RobertaForMaskedLM from the checkpoint of a model trained on another task or with another architecture (e.g. initializing a BertForSequenceClassification model from a BertForPreTraining model).
- This IS NOT expected if you are initializing RobertaForMaskedLM from the checkpoint of a model that you expect to be exactly identical (initializing a BertForSequenceClassification model from a BertForSequenceClassification model).
2026-05-20 17:08:58,142 - INFO - Processed __main__.dot: Score=0.8692 (1 paths)
2026-05-20 17:08:59,292 - INFO - Processed test_case_0.dot: Score=0.3918 (1 paths)
2026-05-20 17:08:59,353 - INFO - Processed test_case_1.dot: Score=0.4033 (1 paths)
2026-05-20 17:09:06,037 - INFO - Processed test_case_2.dot: Score=0.1618 (50 paths)
2026-05-20 17:09:06,154 - INFO - Processed test_case_3.dot: Score=0.3069 (2 paths)
2026-05-20 17:09:06,440 - INFO - Processed test_case_4.dot: Score=0.2873 (5 paths)
2026-05-20 17:09:06,579 - INFO - Processed test_case_5.dot: Score=0.4323 (3 paths)
2026-05-20 17:09:06,748 - INFO - Processed test_case_6.dot: Score=0.2701 (3 paths)
2026-05-20 17:09:09,789 - INFO - Processed test_case_7.dot: Score=0.1339 (38 paths)
2026-05-20 17:09:09,931 - INFO - Processed test_case_8.dot: Score=0.4911 (3 paths)
2026-05-20 17:09:10,630 - INFO - Processed test_case_9.dot: Score=0.2056 (12 paths)
2026-05-20 17:09:11,018 - INFO - Processed test_case_10.dot: Score=0.2094 (6 paths)
2026-05-20 17:09:12,595 - INFO - Processed test_case_11.dot: Score=0.1839 (24 paths)
2026-05-20 17:09:14,922 - INFO - Processed test_case_12.dot: Score=0.1645 (34 paths)
2026-05-20 17:09:15,499 - INFO - Processed test_case_13.dot: Score=0.1918 (10 paths)
2026-05-20 17:09:16,603 - INFO - Processed test_case_14.dot: Score=0.1790 (18 paths)
2026-05-20 17:09:16,712 - INFO - Processed test_case_15.dot: Score=0.2980 (2 paths)
2026-05-20 17:09:19,551 - INFO - Processed test_case_16.dot: Score=0.1663 (40 paths)
2026-05-20 17:09:25,095 - INFO - Processed test_case_17.dot: Score=0.1025 (50 paths)
2026-05-20 17:09:25,838 - INFO - Processed test_case_18.dot: Score=0.2135 (13 paths)
2026-05-20 17:09:25,952 - INFO - Processed test_case_19.dot: Score=0.2928 (2 paths)
2026-05-20 17:09:26,073 - INFO - Processed __main__.dot: Score=0.6625 (1 paths)
2026-05-20 17:09:26,148 - INFO - Processed test_maybe_instantiation_with_bytes_arguments.dot: Score=0.2498 (1 paths)
2026-05-20 17:09:26,208 - INFO - Processed test_maybe_instantiation_with_none_values.dot: Score=0.4896 (1 paths)
2026-05-20 17:09:32,672 - INFO - Processed test_maybe_monad_chained_operations_with_string_value.dot: Score=0.1510 (50 paths)
2026-05-20 17:09:32,801 - INFO - Processed test_maybe_none_not_equal_to_false_set.dot: Score=0.3005 (2 paths)
2026-05-20 17:09:33,143 - INFO - Processed test_set_to_box_raises_attribute_error_after_maybe_operations.dot: Score=0.3064 (5 paths)
2026-05-20 17:09:33,299 - INFO - Processed test_maybe_map_with_none_value_and_false_flag.dot: Score=0.3149 (3 paths)
2026-05-20 17:09:33,494 - INFO - Processed test_maybe_bind_with_none_value_and_empty_dict.dot: Score=0.2411 (3 paths)
2026-05-20 17:09:37,045 - INFO - Processed test_maybe_chained_monadic_operations_with_mixed_types.dot: Score=0.1329 (38 paths)
2026-05-20 17:09:37,246 - INFO - Processed test_maybe_ap_with_none_value_and_false_flag.dot: Score=0.3034 (3 paths)
2026-05-20 17:09:38,194 - INFO - Processed test_maybe_supports_filter_to_lazy_map_and_to_try_chaining.dot: Score=0.1811 (12 paths)
2026-05-20 17:09:38,693 - INFO - Processed test_maybe_filter_on_none_value_with_tuple_and_lazy.dot: Score=0.2116 (6 paths)
2026-05-20 17:09:40,678 - INFO - Processed test_maybe_get_or_else_and_filter_with_generic_object.dot: Score=0.2789 (24 paths)
2026-05-20 17:09:43,934 - INFO - Processed test_maybe_chained_operations_with_bool_int_and_float_mixed_types.dot: Score=0.2370 (34 paths)
2026-05-20 17:09:44,638 - INFO - Processed test_maybe_map_with_set_and_to_either_conversion.dot: Score=0.1693 (10 paths)
2026-05-20 17:09:44,909 - INFO - Processed test_maybe_with_none_values_supports_lazy_either_and_try_conversions.dot: Score=0.2190 (4 paths)
<unknown>:24: SyntaxWarning: invalid escape sequence '\['
<unknown>:25: SyntaxWarning: invalid escape sequence '\['
<unknown>:26: SyntaxWarning: invalid escape sequence '\('
<unknown>:27: SyntaxWarning: invalid escape sequence '\('
<unknown>:28: SyntaxWarning: invalid escape sequence '\e'
2026-05-20 17:09:55,392 - INFO - HTTP Request: POST https://anast.ita.chalmers.se:4100/v1/chat/completions "HTTP/1.1 200 OK"
2026-05-20 17:10:24,929 - INFO - HTTP Request: POST https://anast.ita.chalmers.se:4100/v1/chat/completions "HTTP/1.1 200 OK"
2026-05-20 17:10:27,601 - INFO - HTTP Request: POST https://anast.ita.chalmers.se:4100/v1/chat/completions "HTTP/1.1 200 OK"
2026-05-20 17:10:51,706 - INFO - HTTP Request: POST https://anast.ita.chalmers.se:4100/v1/chat/completions "HTTP/1.1 200 OK"
2026-05-20 17:10:53,449 - INFO - HTTP Request: POST https://anast.ita.chalmers.se:4100/v1/chat/completions "HTTP/1.1 200 OK"
2026-05-20 17:11:26,975 - INFO - HTTP Request: POST https://anast.ita.chalmers.se:4100/v1/chat/completions "HTTP/1.1 200 OK"
2026-05-20 17:11:33,427 - INFO - HTTP Request: POST https://anast.ita.chalmers.se:4100/v1/chat/completions "HTTP/1.1 200 OK"
2026-05-20 17:12:00,549 - INFO - HTTP Request: POST https://anast.ita.chalmers.se:4100/v1/chat/completions "HTTP/1.1 200 OK"
2026-05-20 17:12:03,011 - INFO - HTTP Request: POST https://anast.ita.chalmers.se:4100/v1/chat/completions "HTTP/1.1 200 OK"
2026-05-20 17:12:33,076 - INFO - HTTP Request: POST https://anast.ita.chalmers.se:4100/v1/chat/completions "HTTP/1.1 200 OK"
2026-05-20 17:12:36,869 - INFO - HTTP Request: POST https://anast.ita.chalmers.se:4100/v1/chat/completions "HTTP/1.1 200 OK"
2026-05-20 17:13:03,874 - INFO - HTTP Request: POST https://anast.ita.chalmers.se:4100/v1/chat/completions "HTTP/1.1 200 OK"
2026-05-20 17:13:05,931 - INFO - HTTP Request: POST https://anast.ita.chalmers.se:4100/v1/chat/completions "HTTP/1.1 200 OK"
2026-05-20 17:13:33,202 - INFO - HTTP Request: POST https://anast.ita.chalmers.se:4100/v1/chat/completions "HTTP/1.1 200 OK"
2026-05-20 17:13:36,265 - INFO - HTTP Request: POST https://anast.ita.chalmers.se:4100/v1/chat/completions "HTTP/1.1 200 OK"
2026-05-20 17:14:07,943 - INFO - HTTP Request: POST https://anast.ita.chalmers.se:4100/v1/chat/completions "HTTP/1.1 200 OK"
2026-05-20 17:14:12,250 - INFO - HTTP Request: POST https://anast.ita.chalmers.se:4100/v1/chat/completions "HTTP/1.1 200 OK"
2026-05-20 17:14:40,123 - INFO - HTTP Request: POST https://anast.ita.chalmers.se:4100/v1/chat/completions "HTTP/1.1 200 OK"
2026-05-20 17:14:43,098 - INFO - HTTP Request: POST https://anast.ita.chalmers.se:4100/v1/chat/completions "HTTP/1.1 200 OK"
2026-05-20 17:15:13,172 - INFO - HTTP Request: POST https://anast.ita.chalmers.se:4100/v1/chat/completions "HTTP/1.1 200 OK"
2026-05-20 17:15:17,093 - INFO - HTTP Request: POST https://anast.ita.chalmers.se:4100/v1/chat/completions "HTTP/1.1 200 OK"
2026-05-20 17:15:46,643 - INFO - HTTP Request: POST https://anast.ita.chalmers.se:4100/v1/chat/completions "HTTP/1.1 200 OK"
2026-05-20 17:15:50,364 - INFO - HTTP Request: POST https://anast.ita.chalmers.se:4100/v1/chat/completions "HTTP/1.1 200 OK"
2026-05-20 17:16:23,342 - INFO - HTTP Request: POST https://anast.ita.chalmers.se:4100/v1/chat/completions "HTTP/1.1 200 OK"
2026-05-20 17:16:28,517 - INFO - HTTP Request: POST https://anast.ita.chalmers.se:4100/v1/chat/completions "HTTP/1.1 200 OK"
2026-05-20 17:17:01,553 - INFO - HTTP Request: POST https://anast.ita.chalmers.se:4100/v1/chat/completions "HTTP/1.1 200 OK"
2026-05-20 17:17:05,706 - INFO - HTTP Request: POST https://anast.ita.chalmers.se:4100/v1/chat/completions "HTTP/1.1 200 OK"
2026-05-20 17:17:38,676 - INFO - HTTP Request: POST https://anast.ita.chalmers.se:4100/v1/chat/completions "HTTP/1.1 200 OK"
2026-05-20 17:17:42,600 - INFO - HTTP Request: POST https://anast.ita.chalmers.se:4100/v1/chat/completions "HTTP/1.1 200 OK"
2026-05-20 17:18:12,506 - INFO - HTTP Request: POST https://anast.ita.chalmers.se:4100/v1/chat/completions "HTTP/1.1 200 OK"
2026-05-20 17:18:16,577 - INFO - HTTP Request: POST https://anast.ita.chalmers.se:4100/v1/chat/completions "HTTP/1.1 200 OK"
2026-05-20 17:18:42,195 - INFO - HTTP Request: POST https://anast.ita.chalmers.se:4100/v1/chat/completions "HTTP/1.1 200 OK"
2026-05-20 17:18:44,796 - INFO - HTTP Request: POST https://anast.ita.chalmers.se:4100/v1/chat/completions "HTTP/1.1 200 OK"
2026-05-20 17:19:17,694 - INFO - HTTP Request: POST https://anast.ita.chalmers.se:4100/v1/chat/completions "HTTP/1.1 200 OK"
2026-05-20 17:19:26,164 - INFO - HTTP Request: POST https://anast.ita.chalmers.se:4100/v1/chat/completions "HTTP/1.1 200 OK"
2026-05-20 17:19:59,456 - INFO - HTTP Request: POST https://anast.ita.chalmers.se:4100/v1/chat/completions "HTTP/1.1 200 OK"
2026-05-20 17:20:12,485 - INFO - HTTP Request: POST https://anast.ita.chalmers.se:4100/v1/chat/completions "HTTP/1.1 200 OK"
2026-05-20 17:20:40,780 - INFO - HTTP Request: POST https://anast.ita.chalmers.se:4100/v1/chat/completions "HTTP/1.1 200 OK"
2026-05-20 17:20:43,962 - INFO - HTTP Request: POST https://anast.ita.chalmers.se:4100/v1/chat/completions "HTTP/1.1 200 OK"
2026-05-20 17:21:08,384 - INFO - HTTP Request: POST https://anast.ita.chalmers.se:4100/v1/chat/completions "HTTP/1.1 200 OK"
2026-05-20 17:21:11,475 - INFO - HTTP Request: POST https://anast.ita.chalmers.se:4100/v1/chat/completions "HTTP/1.1 200 OK"
2026-05-20 17:21:42,007 - INFO - HTTP Request: POST https://anast.ita.chalmers.se:4100/v1/chat/completions "HTTP/1.1 200 OK"
2026-05-20 17:22:26,452 - INFO - Loading model: microsoft/codebert-base-mlm
/data/users/eliassam/miniforge3/lib/python3.12/site-packages/transformers/tokenization_utils_base.py:1601: FutureWarning: `clean_up_tokenization_spaces` was not set. It will be set to `True` by default. This behavior will be depracted in transformers v4.45, and will be then set to `False` by default. For more details check this issue: https://github.com/huggingface/transformers/issues/31884
  warnings.warn(
Some weights of the model checkpoint at microsoft/codebert-base-mlm were not used when initializing RobertaForMaskedLM: ['roberta.pooler.dense.bias', 'roberta.pooler.dense.weight']
- This IS expected if you are initializing RobertaForMaskedLM from the checkpoint of a model trained on another task or with another architecture (e.g. initializing a BertForSequenceClassification model from a BertForPreTraining model).
- This IS NOT expected if you are initializing RobertaForMaskedLM from the checkpoint of a model that you expect to be exactly identical (initializing a BertForSequenceClassification model from a BertForSequenceClassification model).
2026-05-20 17:22:28,788 - INFO - Processed __main__.dot: Score=0.8692 (1 paths)
2026-05-20 17:22:28,874 - INFO - Processed test_case_0.dot: Score=0.3918 (1 paths)
2026-05-20 17:22:28,939 - INFO - Processed test_case_1.dot: Score=0.4033 (1 paths)
2026-05-20 17:22:38,230 - INFO - Processed test_case_2.dot: Score=0.1618 (50 paths)
2026-05-20 17:22:38,349 - INFO - Processed test_case_3.dot: Score=0.3069 (2 paths)
2026-05-20 17:22:38,639 - INFO - Processed test_case_4.dot: Score=0.2873 (5 paths)
2026-05-20 17:22:38,779 - INFO - Processed test_case_5.dot: Score=0.4323 (3 paths)
2026-05-20 17:22:38,949 - INFO - Processed test_case_6.dot: Score=0.2701 (3 paths)
2026-05-20 17:22:42,041 - INFO - Processed test_case_7.dot: Score=0.1339 (38 paths)
2026-05-20 17:22:42,185 - INFO - Processed test_case_8.dot: Score=0.4911 (3 paths)
2026-05-20 17:22:42,892 - INFO - Processed test_case_9.dot: Score=0.2056 (12 paths)
2026-05-20 17:22:43,283 - INFO - Processed test_case_10.dot: Score=0.2094 (6 paths)
2026-05-20 17:22:44,876 - INFO - Processed test_case_11.dot: Score=0.1839 (24 paths)
2026-05-20 17:22:47,235 - INFO - Processed test_case_12.dot: Score=0.1645 (34 paths)
2026-05-20 17:22:47,826 - INFO - Processed test_case_13.dot: Score=0.1918 (10 paths)
2026-05-20 17:22:48,941 - INFO - Processed test_case_14.dot: Score=0.1790 (18 paths)
2026-05-20 17:22:49,053 - INFO - Processed test_case_15.dot: Score=0.2980 (2 paths)
2026-05-20 17:22:51,933 - INFO - Processed test_case_16.dot: Score=0.1663 (40 paths)
2026-05-20 17:22:57,831 - INFO - Processed test_case_17.dot: Score=0.1025 (50 paths)
2026-05-20 17:22:58,593 - INFO - Processed test_case_18.dot: Score=0.2135 (13 paths)
2026-05-20 17:22:58,708 - INFO - Processed test_case_19.dot: Score=0.2928 (2 paths)
2026-05-20 17:22:58,825 - INFO - Processed __main__.dot: Score=0.6625 (1 paths)
2026-05-20 17:22:58,900 - INFO - Processed test_maybe_instantiation_with_bytes_value_and_fallback.dot: Score=0.2624 (1 paths)
2026-05-20 17:22:58,964 - INFO - Processed test_maybe_instantiation_with_none_values.dot: Score=0.4896 (1 paths)
2026-05-20 17:23:05,137 - INFO - Processed test_maybe_monad_chained_operations_with_equality_and_conversion.dot: Score=0.1152 (50 paths)
2026-05-20 17:23:05,280 - INFO - Processed test_maybe_eq_returns_false_when_comparing_none_maybe_to_false_set.dot: Score=0.2401 (2 paths)
2026-05-20 17:23:05,954 - INFO - Processed test_maybe_bind_map_chaining_and_invalid_to_box_on_set.dot: Score=0.3123 (10 paths)
2026-05-20 17:23:06,111 - INFO - Processed test_maybe_map_with_none_value_and_false_flag.dot: Score=0.3864 (3 paths)
2026-05-20 17:23:06,310 - INFO - Processed test_maybe_bind_with_none_value_and_false_does_not_raise.dot: Score=0.2232 (3 paths)
2026-05-20 17:23:09,378 - INFO - Processed test_maybe_chained_operations_with_mixed_types.dot: Score=0.1605 (34 paths)
2026-05-20 17:23:09,547 - INFO - Processed test_maybe_none_false_ap_with_integer_does_not_raise.dot: Score=0.2963 (3 paths)
2026-05-20 17:23:10,456 - INFO - Processed test_maybe_supports_chained_filter_map_and_conversion_operations.dot: Score=0.1781 (12 paths)
2026-05-20 17:23:10,935 - INFO - Processed test_maybe_filter_with_none_value_and_lazy_chain.dot: Score=0.2223 (6 paths)
2026-05-20 17:23:12,688 - INFO - Processed test_maybe_get_or_else_and_filter_with_generic_value.dot: Score=0.1561 (19 paths)
2026-05-20 17:23:13,383 - INFO - Processed test_maybe_map_with_set_and_to_either_conversion.dot: Score=0.1746 (10 paths)
2026-05-20 17:23:13,672 - INFO - Processed test_maybe_monad_conversions_with_none_and_nested_maybe.dot: Score=0.2440 (4 paths)
<unknown>:24: SyntaxWarning: invalid escape sequence '\['
<unknown>:25: SyntaxWarning: invalid escape sequence '\['
<unknown>:26: SyntaxWarning: invalid escape sequence '\('
<unknown>:27: SyntaxWarning: invalid escape sequence '\('
<unknown>:28: SyntaxWarning: invalid escape sequence '\e'
2026-05-20 17:23:25,869 - INFO - HTTP Request: POST https://anast.ita.chalmers.se:4100/v1/chat/completions "HTTP/1.1 200 OK"
2026-05-20 17:23:53,342 - INFO - HTTP Request: POST https://anast.ita.chalmers.se:4100/v1/chat/completions "HTTP/1.1 200 OK"
2026-05-20 17:23:56,819 - INFO - HTTP Request: POST https://anast.ita.chalmers.se:4100/v1/chat/completions "HTTP/1.1 200 OK"
2026-05-20 17:24:25,224 - INFO - HTTP Request: POST https://anast.ita.chalmers.se:4100/v1/chat/completions "HTTP/1.1 200 OK"
2026-05-20 17:24:28,083 - INFO - HTTP Request: POST https://anast.ita.chalmers.se:4100/v1/chat/completions "HTTP/1.1 200 OK"
2026-05-20 17:24:56,666 - INFO - HTTP Request: POST https://anast.ita.chalmers.se:4100/v1/chat/completions "HTTP/1.1 200 OK"
2026-05-20 17:24:59,438 - INFO - HTTP Request: POST https://anast.ita.chalmers.se:4100/v1/chat/completions "HTTP/1.1 200 OK"
2026-05-20 17:25:27,574 - INFO - HTTP Request: POST https://anast.ita.chalmers.se:4100/v1/chat/completions "HTTP/1.1 200 OK"
2026-05-20 17:25:30,040 - INFO - HTTP Request: POST https://anast.ita.chalmers.se:4100/v1/chat/completions "HTTP/1.1 200 OK"
2026-05-20 17:25:57,482 - INFO - HTTP Request: POST https://anast.ita.chalmers.se:4100/v1/chat/completions "HTTP/1.1 200 OK"
2026-05-20 17:26:01,067 - INFO - HTTP Request: POST https://anast.ita.chalmers.se:4100/v1/chat/completions "HTTP/1.1 200 OK"
2026-05-20 17:26:28,870 - INFO - HTTP Request: POST https://anast.ita.chalmers.se:4100/v1/chat/completions "HTTP/1.1 200 OK"
2026-05-20 17:26:31,334 - INFO - HTTP Request: POST https://anast.ita.chalmers.se:4100/v1/chat/completions "HTTP/1.1 200 OK"
2026-05-20 17:26:55,086 - INFO - HTTP Request: POST https://anast.ita.chalmers.se:4100/v1/chat/completions "HTTP/1.1 200 OK"
2026-05-20 17:26:57,815 - INFO - HTTP Request: POST https://anast.ita.chalmers.se:4100/v1/chat/completions "HTTP/1.1 200 OK"
2026-05-20 17:27:23,725 - INFO - HTTP Request: POST https://anast.ita.chalmers.se:4100/v1/chat/completions "HTTP/1.1 200 OK"
2026-05-20 17:27:25,766 - INFO - HTTP Request: POST https://anast.ita.chalmers.se:4100/v1/chat/completions "HTTP/1.1 200 OK"
2026-05-20 17:27:51,318 - INFO - HTTP Request: POST https://anast.ita.chalmers.se:4100/v1/chat/completions "HTTP/1.1 200 OK"
2026-05-20 17:27:53,673 - INFO - HTTP Request: POST https://anast.ita.chalmers.se:4100/v1/chat/completions "HTTP/1.1 200 OK"
2026-05-20 17:28:23,011 - INFO - HTTP Request: POST https://anast.ita.chalmers.se:4100/v1/chat/completions "HTTP/1.1 200 OK"
2026-05-20 17:28:34,335 - INFO - HTTP Request: POST https://anast.ita.chalmers.se:4100/v1/chat/completions "HTTP/1.1 503 Service Unavailable"
2026-05-20 17:28:34,335 - INFO - Retrying request to /chat/completions in 0.409493 seconds
2026-05-20 17:28:38,229 - INFO - HTTP Request: POST https://anast.ita.chalmers.se:4100/v1/chat/completions "HTTP/1.1 200 OK"
2026-05-20 17:29:06,751 - INFO - HTTP Request: POST https://anast.ita.chalmers.se:4100/v1/chat/completions "HTTP/1.1 200 OK"
2026-05-20 17:29:09,915 - INFO - HTTP Request: POST https://anast.ita.chalmers.se:4100/v1/chat/completions "HTTP/1.1 200 OK"
2026-05-20 17:29:37,658 - INFO - HTTP Request: POST https://anast.ita.chalmers.se:4100/v1/chat/completions "HTTP/1.1 200 OK"
2026-05-20 17:29:40,260 - INFO - HTTP Request: POST https://anast.ita.chalmers.se:4100/v1/chat/completions "HTTP/1.1 200 OK"
2026-05-20 17:30:07,547 - INFO - HTTP Request: POST https://anast.ita.chalmers.se:4100/v1/chat/completions "HTTP/1.1 200 OK"
2026-05-20 17:30:10,281 - INFO - HTTP Request: POST https://anast.ita.chalmers.se:4100/v1/chat/completions "HTTP/1.1 200 OK"
2026-05-20 17:30:36,958 - INFO - HTTP Request: POST https://anast.ita.chalmers.se:4100/v1/chat/completions "HTTP/1.1 200 OK"
2026-05-20 17:30:39,578 - INFO - HTTP Request: POST https://anast.ita.chalmers.se:4100/v1/chat/completions "HTTP/1.1 200 OK"
2026-05-20 17:31:05,073 - INFO - HTTP Request: POST https://anast.ita.chalmers.se:4100/v1/chat/completions "HTTP/1.1 200 OK"
2026-05-20 17:31:07,816 - INFO - HTTP Request: POST https://anast.ita.chalmers.se:4100/v1/chat/completions "HTTP/1.1 200 OK"
2026-05-20 17:31:34,394 - INFO - HTTP Request: POST https://anast.ita.chalmers.se:4100/v1/chat/completions "HTTP/1.1 200 OK"
2026-05-20 17:31:36,543 - INFO - HTTP Request: POST https://anast.ita.chalmers.se:4100/v1/chat/completions "HTTP/1.1 200 OK"
2026-05-20 17:32:09,785 - INFO - HTTP Request: POST https://anast.ita.chalmers.se:4100/v1/chat/completions "HTTP/1.1 200 OK"
2026-05-20 17:32:26,173 - INFO - HTTP Request: POST https://anast.ita.chalmers.se:4100/v1/chat/completions "HTTP/1.1 200 OK"
2026-05-20 17:32:54,898 - INFO - HTTP Request: POST https://anast.ita.chalmers.se:4100/v1/chat/completions "HTTP/1.1 200 OK"
2026-05-20 17:32:58,833 - INFO - HTTP Request: POST https://anast.ita.chalmers.se:4100/v1/chat/completions "HTTP/1.1 200 OK"
2026-05-20 17:33:28,981 - INFO - HTTP Request: POST https://anast.ita.chalmers.se:4100/v1/chat/completions "HTTP/1.1 200 OK"
2026-05-20 17:33:32,533 - INFO - HTTP Request: POST https://anast.ita.chalmers.se:4100/v1/chat/completions "HTTP/1.1 200 OK"
2026-05-20 17:34:01,365 - INFO - HTTP Request: POST https://anast.ita.chalmers.se:4100/v1/chat/completions "HTTP/1.1 200 OK"
2026-05-20 17:34:37,357 - INFO - Loading model: microsoft/codebert-base-mlm
/data/users/eliassam/miniforge3/lib/python3.12/site-packages/transformers/tokenization_utils_base.py:1601: FutureWarning: `clean_up_tokenization_spaces` was not set. It will be set to `True` by default. This behavior will be depracted in transformers v4.45, and will be then set to `False` by default. For more details check this issue: https://github.com/huggingface/transformers/issues/31884
  warnings.warn(
Some weights of the model checkpoint at microsoft/codebert-base-mlm were not used when initializing RobertaForMaskedLM: ['roberta.pooler.dense.bias', 'roberta.pooler.dense.weight']
- This IS expected if you are initializing RobertaForMaskedLM from the checkpoint of a model trained on another task or with another architecture (e.g. initializing a BertForSequenceClassification model from a BertForPreTraining model).
- This IS NOT expected if you are initializing RobertaForMaskedLM from the checkpoint of a model that you expect to be exactly identical (initializing a BertForSequenceClassification model from a BertForSequenceClassification model).
2026-05-20 17:34:39,489 - INFO - Processed __main__.dot: Score=0.6366 (1 paths)
2026-05-20 17:34:39,830 - INFO - Processed test_case_0.dot: Score=0.1988 (3 paths)
2026-05-20 17:34:40,107 - INFO - Processed test_case_1.dot: Score=0.2951 (3 paths)
2026-05-20 17:34:40,208 - INFO - Processed test_case_2.dot: Score=0.3315 (1 paths)
2026-05-20 17:34:40,390 - INFO - Processed test_case_3.dot: Score=0.3254 (2 paths)
2026-05-20 17:34:40,646 - INFO - Processed test_case_4.dot: Score=0.2015 (3 paths)
2026-05-20 17:34:40,718 - INFO - Processed test_case_5.dot: Score=0.3145 (1 paths)
2026-05-20 17:34:40,778 - INFO - Processed test_case_6.dot: Score=0.4208 (1 paths)
2026-05-20 17:34:40,848 - INFO - Processed test_case_7.dot: Score=0.4330 (1 paths)
2026-05-20 17:34:40,919 - INFO - Processed test_case_8.dot: Score=0.3603 (1 paths)
2026-05-20 17:34:41,277 - INFO - Processed test_case_9.dot: Score=0.3010 (5 paths)
2026-05-20 17:34:41,432 - INFO - Processed test_case_10.dot: Score=0.2613 (2 paths)
2026-05-20 17:34:41,621 - INFO - Processed test_case_11.dot: Score=0.3964 (3 paths)
2026-05-20 17:34:41,696 - INFO - Processed test_case_12.dot: Score=0.3346 (1 paths)
2026-05-20 17:34:41,840 - INFO - Processed test_case_13.dot: Score=0.3121 (2 paths)
2026-05-20 17:34:42,108 - INFO - Processed test_case_14.dot: Score=0.2706 (4 paths)
2026-05-20 17:34:42,243 - INFO - Processed test_case_15.dot: Score=0.3106 (2 paths)
2026-05-20 17:34:51,576 - INFO - Processed test_case_16.dot: Score=0.1145 (50 paths)
2026-05-20 17:34:52,334 - INFO - Processed test_case_17.dot: Score=0.2567 (8 paths)
2026-05-20 17:34:53,037 - INFO - Processed test_case_18.dot: Score=0.2356 (8 paths)
2026-05-20 17:34:53,172 - INFO - Processed __main__.dot: Score=0.6411 (1 paths)
2026-05-20 17:34:53,452 - INFO - Processed test_validation_success_fail_and_maybe_conversion.dot: Score=0.2236 (3 paths)
2026-05-20 17:34:53,688 - INFO - Processed test_validation_eq_none_returns_result_with_is_success.dot: Score=0.2827 (3 paths)
2026-05-20 17:34:53,777 - INFO - Processed test_validation_str_returns_object_with_is_fail_method.dot: Score=0.2706 (1 paths)
2026-05-20 17:34:53,938 - INFO - Processed test_empty_validation_converts_to_either_and_maybe.dot: Score=0.3256 (2 paths)
2026-05-20 17:34:54,204 - INFO - Processed test_validation_core_operations_on_string_value.dot: Score=0.2375 (3 paths)
2026-05-20 17:34:54,292 - INFO - Processed test_validation_to_maybe_is_chainable.dot: Score=0.2906 (1 paths)
2026-05-20 17:34:54,364 - INFO - Processed test_validation_instantiation_with_none_arguments.dot: Score=0.4267 (1 paths)
2026-05-20 17:34:54,443 - INFO - Processed test_validation_with_none_values_to_maybe_does_not_raise.dot: Score=0.4403 (1 paths)
2026-05-20 17:34:54,527 - INFO - Processed test_validation_is_fail_can_be_called_on_plain_object.dot: Score=0.3057 (1 paths)
2026-05-20 17:34:54,949 - INFO - Processed test_validation_map_with_none_on_nested_structure.dot: Score=0.2529 (5 paths)
2026-05-20 17:34:55,120 - INFO - Processed test_validation_bind_with_bytes_accepts_none.dot: Score=0.2668 (2 paths)
2026-05-20 17:34:55,355 - INFO - Processed test_validation_ap_applies_list_of_true_values_on_invalid_validation.dot: Score=0.2959 (3 paths)
2026-05-20 17:34:55,443 - INFO - Processed test_validation_to_box_reports_success_when_valid.dot: Score=0.3148 (1 paths)
2026-05-20 17:34:55,608 - INFO - Processed test_validation_to_lazy_bind_none_then_to_lazy.dot: Score=0.4185 (2 paths)
2026-05-20 17:34:55,924 - INFO - Processed test_validation_lazy_and_try_conversion_with_ap.dot: Score=0.3243 (4 paths)
2026-05-20 17:34:56,083 - INFO - Processed test_validation_to_try_is_success_when_valid_value_provided.dot: Score=0.2845 (2 paths)
2026-05-20 17:34:56,350 - INFO - Processed test_validation_methods_with_mixed_types_and_chaining.dot: Score=0.2730 (3 paths)
<unknown>:24: SyntaxWarning: invalid escape sequence '\['
<unknown>:25: SyntaxWarning: invalid escape sequence '\['
<unknown>:26: SyntaxWarning: invalid escape sequence '\('
<unknown>:27: SyntaxWarning: invalid escape sequence '\('
<unknown>:28: SyntaxWarning: invalid escape sequence '\e'
2026-05-20 17:35:09,507 - INFO - HTTP Request: POST https://anast.ita.chalmers.se:4100/v1/chat/completions "HTTP/1.1 200 OK"
2026-05-20 17:35:38,035 - INFO - HTTP Request: POST https://anast.ita.chalmers.se:4100/v1/chat/completions "HTTP/1.1 200 OK"
2026-05-20 17:35:41,286 - INFO - HTTP Request: POST https://anast.ita.chalmers.se:4100/v1/chat/completions "HTTP/1.1 200 OK"
2026-05-20 17:36:07,567 - INFO - HTTP Request: POST https://anast.ita.chalmers.se:4100/v1/chat/completions "HTTP/1.1 200 OK"
2026-05-20 17:36:10,402 - INFO - HTTP Request: POST https://anast.ita.chalmers.se:4100/v1/chat/completions "HTTP/1.1 200 OK"
2026-05-20 17:36:35,793 - INFO - HTTP Request: POST https://anast.ita.chalmers.se:4100/v1/chat/completions "HTTP/1.1 200 OK"
2026-05-20 17:36:38,472 - INFO - HTTP Request: POST https://anast.ita.chalmers.se:4100/v1/chat/completions "HTTP/1.1 200 OK"
2026-05-20 17:37:05,902 - INFO - HTTP Request: POST https://anast.ita.chalmers.se:4100/v1/chat/completions "HTTP/1.1 200 OK"
2026-05-20 17:37:08,772 - INFO - HTTP Request: POST https://anast.ita.chalmers.se:4100/v1/chat/completions "HTTP/1.1 200 OK"
2026-05-20 17:37:37,659 - INFO - HTTP Request: POST https://anast.ita.chalmers.se:4100/v1/chat/completions "HTTP/1.1 200 OK"
2026-05-20 17:37:40,800 - INFO - HTTP Request: POST https://anast.ita.chalmers.se:4100/v1/chat/completions "HTTP/1.1 200 OK"
2026-05-20 17:38:07,267 - INFO - HTTP Request: POST https://anast.ita.chalmers.se:4100/v1/chat/completions "HTTP/1.1 200 OK"
2026-05-20 17:38:09,733 - INFO - HTTP Request: POST https://anast.ita.chalmers.se:4100/v1/chat/completions "HTTP/1.1 200 OK"
2026-05-20 17:38:33,721 - INFO - HTTP Request: POST https://anast.ita.chalmers.se:4100/v1/chat/completions "HTTP/1.1 200 OK"
2026-05-20 17:38:35,922 - INFO - HTTP Request: POST https://anast.ita.chalmers.se:4100/v1/chat/completions "HTTP/1.1 200 OK"
2026-05-20 17:39:00,127 - INFO - HTTP Request: POST https://anast.ita.chalmers.se:4100/v1/chat/completions "HTTP/1.1 200 OK"
2026-05-20 17:39:02,792 - INFO - HTTP Request: POST https://anast.ita.chalmers.se:4100/v1/chat/completions "HTTP/1.1 200 OK"
2026-05-20 17:39:25,371 - INFO - HTTP Request: POST https://anast.ita.chalmers.se:4100/v1/chat/completions "HTTP/1.1 200 OK"
2026-05-20 17:39:28,107 - INFO - HTTP Request: POST https://anast.ita.chalmers.se:4100/v1/chat/completions "HTTP/1.1 200 OK"
2026-05-20 17:39:55,083 - INFO - HTTP Request: POST https://anast.ita.chalmers.se:4100/v1/chat/completions "HTTP/1.1 200 OK"
2026-05-20 17:39:57,633 - INFO - HTTP Request: POST https://anast.ita.chalmers.se:4100/v1/chat/completions "HTTP/1.1 200 OK"
2026-05-20 17:40:25,316 - INFO - HTTP Request: POST https://anast.ita.chalmers.se:4100/v1/chat/completions "HTTP/1.1 200 OK"
2026-05-20 17:40:28,113 - INFO - HTTP Request: POST https://anast.ita.chalmers.se:4100/v1/chat/completions "HTTP/1.1 200 OK"
2026-05-20 17:40:53,798 - INFO - HTTP Request: POST https://anast.ita.chalmers.se:4100/v1/chat/completions "HTTP/1.1 200 OK"
2026-05-20 17:40:56,852 - INFO - HTTP Request: POST https://anast.ita.chalmers.se:4100/v1/chat/completions "HTTP/1.1 200 OK"
2026-05-20 17:41:22,908 - INFO - HTTP Request: POST https://anast.ita.chalmers.se:4100/v1/chat/completions "HTTP/1.1 200 OK"
2026-05-20 17:41:25,831 - INFO - HTTP Request: POST https://anast.ita.chalmers.se:4100/v1/chat/completions "HTTP/1.1 200 OK"
2026-05-20 17:41:51,966 - INFO - HTTP Request: POST https://anast.ita.chalmers.se:4100/v1/chat/completions "HTTP/1.1 200 OK"
2026-05-20 17:41:55,199 - INFO - HTTP Request: POST https://anast.ita.chalmers.se:4100/v1/chat/completions "HTTP/1.1 200 OK"
2026-05-20 17:42:23,935 - INFO - HTTP Request: POST https://anast.ita.chalmers.se:4100/v1/chat/completions "HTTP/1.1 200 OK"
2026-05-20 17:42:26,825 - INFO - HTTP Request: POST https://anast.ita.chalmers.se:4100/v1/chat/completions "HTTP/1.1 200 OK"
2026-05-20 17:42:51,973 - INFO - HTTP Request: POST https://anast.ita.chalmers.se:4100/v1/chat/completions "HTTP/1.1 200 OK"
2026-05-20 17:42:55,013 - INFO - HTTP Request: POST https://anast.ita.chalmers.se:4100/v1/chat/completions "HTTP/1.1 200 OK"
2026-05-20 17:43:27,281 - INFO - HTTP Request: POST https://anast.ita.chalmers.se:4100/v1/chat/completions "HTTP/1.1 200 OK"
2026-05-20 17:43:38,087 - INFO - HTTP Request: POST https://anast.ita.chalmers.se:4100/v1/chat/completions "HTTP/1.1 200 OK"
2026-05-20 17:44:06,244 - INFO - HTTP Request: POST https://anast.ita.chalmers.se:4100/v1/chat/completions "HTTP/1.1 200 OK"
2026-05-20 17:44:09,910 - INFO - HTTP Request: POST https://anast.ita.chalmers.se:4100/v1/chat/completions "HTTP/1.1 200 OK"
2026-05-20 17:44:39,086 - INFO - HTTP Request: POST https://anast.ita.chalmers.se:4100/v1/chat/completions "HTTP/1.1 200 OK"
2026-05-20 17:44:42,824 - INFO - HTTP Request: POST https://anast.ita.chalmers.se:4100/v1/chat/completions "HTTP/1.1 200 OK"
2026-05-20 17:45:10,725 - INFO - HTTP Request: POST https://anast.ita.chalmers.se:4100/v1/chat/completions "HTTP/1.1 200 OK"
2026-05-20 17:45:46,162 - INFO - Loading model: microsoft/codebert-base-mlm
/data/users/eliassam/miniforge3/lib/python3.12/site-packages/transformers/tokenization_utils_base.py:1601: FutureWarning: `clean_up_tokenization_spaces` was not set. It will be set to `True` by default. This behavior will be depracted in transformers v4.45, and will be then set to `False` by default. For more details check this issue: https://github.com/huggingface/transformers/issues/31884
  warnings.warn(
Some weights of the model checkpoint at microsoft/codebert-base-mlm were not used when initializing RobertaForMaskedLM: ['roberta.pooler.dense.bias', 'roberta.pooler.dense.weight']
- This IS expected if you are initializing RobertaForMaskedLM from the checkpoint of a model trained on another task or with another architecture (e.g. initializing a BertForSequenceClassification model from a BertForPreTraining model).
- This IS NOT expected if you are initializing RobertaForMaskedLM from the checkpoint of a model that you expect to be exactly identical (initializing a BertForSequenceClassification model from a BertForSequenceClassification model).
2026-05-20 17:45:48,736 - INFO - Processed __main__.dot: Score=0.6366 (1 paths)
2026-05-20 17:45:49,208 - INFO - Processed test_case_0.dot: Score=0.1988 (3 paths)
2026-05-20 17:45:49,428 - INFO - Processed test_case_1.dot: Score=0.2951 (3 paths)
2026-05-20 17:45:49,502 - INFO - Processed test_case_2.dot: Score=0.3315 (1 paths)
2026-05-20 17:45:49,638 - INFO - Processed test_case_3.dot: Score=0.3254 (2 paths)
2026-05-20 17:45:49,884 - INFO - Processed test_case_4.dot: Score=0.2015 (3 paths)
2026-05-20 17:45:49,958 - INFO - Processed test_case_5.dot: Score=0.3145 (1 paths)
2026-05-20 17:45:50,017 - INFO - Processed test_case_6.dot: Score=0.4208 (1 paths)
2026-05-20 17:45:50,091 - INFO - Processed test_case_7.dot: Score=0.4330 (1 paths)
2026-05-20 17:45:50,162 - INFO - Processed test_case_8.dot: Score=0.3603 (1 paths)
2026-05-20 17:45:50,510 - INFO - Processed test_case_9.dot: Score=0.3010 (5 paths)
2026-05-20 17:45:50,661 - INFO - Processed test_case_10.dot: Score=0.2613 (2 paths)
2026-05-20 17:45:50,846 - INFO - Processed test_case_11.dot: Score=0.3964 (3 paths)
2026-05-20 17:45:50,920 - INFO - Processed test_case_12.dot: Score=0.3346 (1 paths)
2026-05-20 17:45:51,062 - INFO - Processed test_case_13.dot: Score=0.3121 (2 paths)
2026-05-20 17:45:51,322 - INFO - Processed test_case_14.dot: Score=0.2706 (4 paths)
2026-05-20 17:45:51,453 - INFO - Processed test_case_15.dot: Score=0.3106 (2 paths)
2026-05-20 17:46:00,510 - INFO - Processed test_case_16.dot: Score=0.1145 (50 paths)
2026-05-20 17:46:01,245 - INFO - Processed test_case_17.dot: Score=0.2567 (8 paths)
2026-05-20 17:46:01,937 - INFO - Processed test_case_18.dot: Score=0.2356 (8 paths)
2026-05-20 17:46:02,067 - INFO - Processed __main__.dot: Score=0.6411 (1 paths)
2026-05-20 17:46:02,355 - INFO - Processed test_validation_with_string_value_reports_success_and_fail_states.dot: Score=0.3087 (3 paths)
2026-05-20 17:46:02,593 - INFO - Processed test_validation_eq_none_returns_callable_success_result.dot: Score=0.2924 (3 paths)
2026-05-20 17:46:02,680 - INFO - Processed test_validation_str_representation_exposes_is_fail_method.dot: Score=0.3103 (1 paths)
2026-05-20 17:46:02,845 - INFO - Processed test_validation_with_empty_sets_supports_to_either_and_to_maybe_conversions.dot: Score=0.3088 (2 paths)
2026-05-20 17:46:03,113 - INFO - Processed test_validation_basic_operations_on_string_value.dot: Score=0.2296 (3 paths)
2026-05-20 17:46:03,201 - INFO - Processed test_validation_with_empty_sets_to_maybe_is_chainable.dot: Score=0.2712 (1 paths)
2026-05-20 17:46:03,270 - INFO - Processed test_validation_instantiation_with_none_arguments.dot: Score=0.3530 (1 paths)
2026-05-20 17:46:03,348 - INFO - Processed test_validation_with_none_args_to_maybe_does_not_raise.dot: Score=0.3189 (1 paths)
2026-05-20 17:46:03,431 - INFO - Processed test_validation_is_fail_with_same_object_for_both_args.dot: Score=0.4624 (1 paths)
2026-05-20 17:46:03,821 - INFO - Processed test_validation_map_with_none_on_nested_structure.dot: Score=0.2554 (5 paths)
2026-05-20 17:46:03,983 - INFO - Processed test_validation_bind_accepts_none.dot: Score=0.2722 (2 paths)
2026-05-20 17:46:04,204 - INFO - Processed test_validation_ap_with_false_state_and_true_values_list.dot: Score=0.3768 (3 paths)
2026-05-20 17:46:04,291 - INFO - Processed test_validation_true_true_to_box_is_success.dot: Score=0.4489 (1 paths)
2026-05-20 17:46:04,454 - INFO - Processed test_validation_to_lazy_bind_none_then_to_lazy.dot: Score=0.2909 (2 paths)
2026-05-20 17:46:04,768 - INFO - Processed test_validation_lazy_and_try_conversions_with_ap.dot: Score=0.2514 (4 paths)
2026-05-20 17:46:04,932 - INFO - Processed test_validation_with_zero_value_to_try_is_success.dot: Score=0.3117 (2 paths)
2026-05-20 17:46:15,058 - INFO - Processed test_validation_method_chaining_with_mixed_value_types.dot: Score=0.1025 (50 paths)
<unknown>:24: SyntaxWarning: invalid escape sequence '\['
<unknown>:25: SyntaxWarning: invalid escape sequence '\['
<unknown>:26: SyntaxWarning: invalid escape sequence '\('
<unknown>:27: SyntaxWarning: invalid escape sequence '\('
<unknown>:28: SyntaxWarning: invalid escape sequence '\e'
2026-05-20 17:46:28,199 - INFO - HTTP Request: POST https://anast.ita.chalmers.se:4100/v1/chat/completions "HTTP/1.1 200 OK"
2026-05-20 17:46:57,010 - INFO - HTTP Request: POST https://anast.ita.chalmers.se:4100/v1/chat/completions "HTTP/1.1 200 OK"
2026-05-20 17:47:00,222 - INFO - HTTP Request: POST https://anast.ita.chalmers.se:4100/v1/chat/completions "HTTP/1.1 200 OK"
2026-05-20 17:47:25,944 - INFO - HTTP Request: POST https://anast.ita.chalmers.se:4100/v1/chat/completions "HTTP/1.1 200 OK"
2026-05-20 17:47:29,089 - INFO - HTTP Request: POST https://anast.ita.chalmers.se:4100/v1/chat/completions "HTTP/1.1 200 OK"
2026-05-20 17:47:53,700 - INFO - HTTP Request: POST https://anast.ita.chalmers.se:4100/v1/chat/completions "HTTP/1.1 200 OK"
2026-05-20 17:47:56,171 - INFO - HTTP Request: POST https://anast.ita.chalmers.se:4100/v1/chat/completions "HTTP/1.1 200 OK"
2026-05-20 17:48:24,438 - INFO - HTTP Request: POST https://anast.ita.chalmers.se:4100/v1/chat/completions "HTTP/1.1 200 OK"
2026-05-20 17:48:27,713 - INFO - HTTP Request: POST https://anast.ita.chalmers.se:4100/v1/chat/completions "HTTP/1.1 200 OK"
2026-05-20 17:48:54,066 - INFO - HTTP Request: POST https://anast.ita.chalmers.se:4100/v1/chat/completions "HTTP/1.1 200 OK"
2026-05-20 17:48:57,079 - INFO - HTTP Request: POST https://anast.ita.chalmers.se:4100/v1/chat/completions "HTTP/1.1 200 OK"
2026-05-20 17:49:23,997 - INFO - HTTP Request: POST https://anast.ita.chalmers.se:4100/v1/chat/completions "HTTP/1.1 200 OK"
2026-05-20 17:49:26,547 - INFO - HTTP Request: POST https://anast.ita.chalmers.se:4100/v1/chat/completions "HTTP/1.1 200 OK"
2026-05-20 17:49:50,063 - INFO - HTTP Request: POST https://anast.ita.chalmers.se:4100/v1/chat/completions "HTTP/1.1 200 OK"
2026-05-20 17:49:51,624 - INFO - HTTP Request: POST https://anast.ita.chalmers.se:4100/v1/chat/completions "HTTP/1.1 200 OK"
2026-05-20 17:50:14,302 - INFO - HTTP Request: POST https://anast.ita.chalmers.se:4100/v1/chat/completions "HTTP/1.1 200 OK"
2026-05-20 17:50:16,778 - INFO - HTTP Request: POST https://anast.ita.chalmers.se:4100/v1/chat/completions "HTTP/1.1 200 OK"
2026-05-20 17:50:41,926 - INFO - HTTP Request: POST https://anast.ita.chalmers.se:4100/v1/chat/completions "HTTP/1.1 200 OK"
2026-05-20 17:50:44,180 - INFO - HTTP Request: POST https://anast.ita.chalmers.se:4100/v1/chat/completions "HTTP/1.1 200 OK"
2026-05-20 17:51:09,641 - INFO - HTTP Request: POST https://anast.ita.chalmers.se:4100/v1/chat/completions "HTTP/1.1 200 OK"
2026-05-20 17:51:12,756 - INFO - HTTP Request: POST https://anast.ita.chalmers.se:4100/v1/chat/completions "HTTP/1.1 200 OK"
2026-05-20 17:51:41,797 - INFO - HTTP Request: POST https://anast.ita.chalmers.se:4100/v1/chat/completions "HTTP/1.1 200 OK"
2026-05-20 17:51:44,817 - INFO - HTTP Request: POST https://anast.ita.chalmers.se:4100/v1/chat/completions "HTTP/1.1 200 OK"
2026-05-20 17:52:12,849 - INFO - HTTP Request: POST https://anast.ita.chalmers.se:4100/v1/chat/completions "HTTP/1.1 200 OK"
2026-05-20 17:52:15,647 - INFO - HTTP Request: POST https://anast.ita.chalmers.se:4100/v1/chat/completions "HTTP/1.1 200 OK"
2026-05-20 17:52:41,067 - INFO - HTTP Request: POST https://anast.ita.chalmers.se:4100/v1/chat/completions "HTTP/1.1 200 OK"
2026-05-20 17:52:43,754 - INFO - HTTP Request: POST https://anast.ita.chalmers.se:4100/v1/chat/completions "HTTP/1.1 200 OK"
2026-05-20 17:53:11,251 - INFO - HTTP Request: POST https://anast.ita.chalmers.se:4100/v1/chat/completions "HTTP/1.1 200 OK"
2026-05-20 17:53:13,483 - INFO - HTTP Request: POST https://anast.ita.chalmers.se:4100/v1/chat/completions "HTTP/1.1 200 OK"
2026-05-20 17:53:42,382 - INFO - HTTP Request: POST https://anast.ita.chalmers.se:4100/v1/chat/completions "HTTP/1.1 200 OK"
2026-05-20 17:53:45,503 - INFO - HTTP Request: POST https://anast.ita.chalmers.se:4100/v1/chat/completions "HTTP/1.1 200 OK"
2026-05-20 17:54:12,543 - INFO - HTTP Request: POST https://anast.ita.chalmers.se:4100/v1/chat/completions "HTTP/1.1 200 OK"
2026-05-20 17:54:15,695 - INFO - HTTP Request: POST https://anast.ita.chalmers.se:4100/v1/chat/completions "HTTP/1.1 200 OK"
2026-05-20 17:54:47,978 - INFO - HTTP Request: POST https://anast.ita.chalmers.se:4100/v1/chat/completions "HTTP/1.1 200 OK"
2026-05-20 17:55:00,759 - INFO - HTTP Request: POST https://anast.ita.chalmers.se:4100/v1/chat/completions "HTTP/1.1 200 OK"
2026-05-20 17:55:28,139 - INFO - HTTP Request: POST https://anast.ita.chalmers.se:4100/v1/chat/completions "HTTP/1.1 200 OK"
2026-05-20 17:55:32,225 - INFO - HTTP Request: POST https://anast.ita.chalmers.se:4100/v1/chat/completions "HTTP/1.1 200 OK"
2026-05-20 17:55:59,707 - INFO - HTTP Request: POST https://anast.ita.chalmers.se:4100/v1/chat/completions "HTTP/1.1 200 OK"
2026-05-20 17:56:03,485 - INFO - HTTP Request: POST https://anast.ita.chalmers.se:4100/v1/chat/completions "HTTP/1.1 200 OK"
2026-05-20 17:56:31,987 - INFO - HTTP Request: POST https://anast.ita.chalmers.se:4100/v1/chat/completions "HTTP/1.1 200 OK"
2026-05-20 17:57:07,634 - INFO - Loading model: microsoft/codebert-base-mlm
/data/users/eliassam/miniforge3/lib/python3.12/site-packages/transformers/tokenization_utils_base.py:1601: FutureWarning: `clean_up_tokenization_spaces` was not set. It will be set to `True` by default. This behavior will be depracted in transformers v4.45, and will be then set to `False` by default. For more details check this issue: https://github.com/huggingface/transformers/issues/31884
  warnings.warn(
Some weights of the model checkpoint at microsoft/codebert-base-mlm were not used when initializing RobertaForMaskedLM: ['roberta.pooler.dense.bias', 'roberta.pooler.dense.weight']
- This IS expected if you are initializing RobertaForMaskedLM from the checkpoint of a model trained on another task or with another architecture (e.g. initializing a BertForSequenceClassification model from a BertForPreTraining model).
- This IS NOT expected if you are initializing RobertaForMaskedLM from the checkpoint of a model that you expect to be exactly identical (initializing a BertForSequenceClassification model from a BertForSequenceClassification model).
2026-05-20 17:57:09,954 - INFO - Processed __main__.dot: Score=0.6366 (1 paths)
2026-05-20 17:57:10,211 - INFO - Processed test_case_0.dot: Score=0.1988 (3 paths)
2026-05-20 17:57:10,423 - INFO - Processed test_case_1.dot: Score=0.2951 (3 paths)
2026-05-20 17:57:10,499 - INFO - Processed test_case_2.dot: Score=0.3315 (1 paths)
2026-05-20 17:57:10,639 - INFO - Processed test_case_3.dot: Score=0.3254 (2 paths)
2026-05-20 17:57:10,890 - INFO - Processed test_case_4.dot: Score=0.2015 (3 paths)
2026-05-20 17:57:10,966 - INFO - Processed test_case_5.dot: Score=0.3145 (1 paths)
2026-05-20 17:57:11,029 - INFO - Processed test_case_6.dot: Score=0.4208 (1 paths)
2026-05-20 17:57:11,100 - INFO - Processed test_case_7.dot: Score=0.4330 (1 paths)
2026-05-20 17:57:11,174 - INFO - Processed test_case_8.dot: Score=0.3603 (1 paths)
2026-05-20 17:57:11,531 - INFO - Processed test_case_9.dot: Score=0.3010 (5 paths)
2026-05-20 17:57:11,686 - INFO - Processed test_case_10.dot: Score=0.2613 (2 paths)
2026-05-20 17:57:11,877 - INFO - Processed test_case_11.dot: Score=0.3964 (3 paths)
2026-05-20 17:57:11,954 - INFO - Processed test_case_12.dot: Score=0.3346 (1 paths)
2026-05-20 17:57:12,098 - INFO - Processed test_case_13.dot: Score=0.3121 (2 paths)
2026-05-20 17:57:12,417 - INFO - Processed test_case_14.dot: Score=0.2706 (4 paths)
2026-05-20 17:57:12,584 - INFO - Processed test_case_15.dot: Score=0.3106 (2 paths)
2026-05-20 17:57:23,429 - INFO - Processed test_case_16.dot: Score=0.1145 (50 paths)
2026-05-20 17:57:24,169 - INFO - Processed test_case_17.dot: Score=0.2567 (8 paths)
2026-05-20 17:57:24,876 - INFO - Processed test_case_18.dot: Score=0.2356 (8 paths)
2026-05-20 17:57:25,020 - INFO - Processed __main__.dot: Score=0.6411 (1 paths)
2026-05-20 17:57:25,288 - INFO - Processed test_validation_success_fail_and_maybe_conversion.dot: Score=0.2236 (3 paths)
2026-05-20 17:57:25,517 - INFO - Processed test_validation_eq_none_returns_callable_result.dot: Score=0.2880 (3 paths)
2026-05-20 17:57:25,605 - INFO - Processed test_validation_str_representation_exposes_is_fail_method.dot: Score=0.3066 (1 paths)
2026-05-20 17:57:25,767 - INFO - Processed test_validation_with_empty_sets_supports_either_and_maybe_conversions.dot: Score=0.3526 (2 paths)
2026-05-20 17:57:26,049 - INFO - Processed test_validation_created_with_string_supports_either_equality_fail_and_maybe_conversions.dot: Score=0.2120 (3 paths)
2026-05-20 17:57:26,137 - INFO - Processed test_validation_with_empty_sets_to_maybe_is_chainable.dot: Score=0.2780 (1 paths)
2026-05-20 17:57:26,207 - INFO - Processed test_validation_instantiation_with_none_arguments.dot: Score=0.4267 (1 paths)
2026-05-20 17:57:26,284 - INFO - Processed test_validation_to_maybe_with_none_values.dot: Score=0.4990 (1 paths)
2026-05-20 17:57:26,365 - INFO - Processed test_validation_is_fail_with_object_instance.dot: Score=0.2836 (1 paths)
2026-05-20 17:57:26,780 - INFO - Processed test_validation_map_with_none_on_nested_structure.dot: Score=0.3146 (5 paths)
2026-05-20 17:57:26,945 - INFO - Processed test_validation_bind_with_none_argument.dot: Score=0.3079 (2 paths)
2026-05-20 17:57:27,166 - INFO - Processed test_validation_ap_with_false_validity_and_true_list.dot: Score=0.2665 (3 paths)
2026-05-20 17:57:27,254 - INFO - Processed test_validation_true_true_to_box_is_success.dot: Score=0.3798 (1 paths)
2026-05-20 17:57:27,418 - INFO - Processed test_validation_to_lazy_bind_none_then_to_lazy.dot: Score=0.4217 (2 paths)
2026-05-20 17:57:27,732 - INFO - Processed test_validation_lazy_to_try_and_ap_is_success.dot: Score=0.2906 (4 paths)
2026-05-20 17:57:27,890 - INFO - Processed test_validation_with_zero_value_converts_to_successful_try.dot: Score=0.3099 (2 paths)
2026-05-20 17:57:38,345 - INFO - Processed test_validation_method_chaining_with_mixed_types.dot: Score=0.0973 (50 paths)
2026-05-20 17:57:38,524 - INFO - Processed test_validation_equality_to_maybe_and_bind_operations.dot: Score=0.2257 (2 paths)
<unknown>:24: SyntaxWarning: invalid escape sequence '\['
<unknown>:25: SyntaxWarning: invalid escape sequence '\['
<unknown>:26: SyntaxWarning: invalid escape sequence '\('
<unknown>:27: SyntaxWarning: invalid escape sequence '\('
<unknown>:28: SyntaxWarning: invalid escape sequence '\e'
2026-05-20 17:57:54,540 - INFO - HTTP Request: POST https://anast.ita.chalmers.se:4100/v1/chat/completions "HTTP/1.1 200 OK"
2026-05-20 17:58:16,522 - INFO - HTTP Request: POST https://anast.ita.chalmers.se:4100/v1/chat/completions "HTTP/1.1 200 OK"
2026-05-20 17:58:18,025 - INFO - HTTP Request: POST https://anast.ita.chalmers.se:4100/v1/chat/completions "HTTP/1.1 200 OK"
2026-05-20 17:58:43,843 - INFO - HTTP Request: POST https://anast.ita.chalmers.se:4100/v1/chat/completions "HTTP/1.1 200 OK"
2026-05-20 17:58:46,226 - INFO - HTTP Request: POST https://anast.ita.chalmers.se:4100/v1/chat/completions "HTTP/1.1 200 OK"
2026-05-20 17:58:56,707 - INFO - HTTP Request: POST https://anast.ita.chalmers.se:4100/v1/chat/completions "HTTP/1.1 200 OK"
2026-05-20 17:58:58,691 - INFO - Loading model: microsoft/codebert-base-mlm
/data/users/eliassam/miniforge3/lib/python3.12/site-packages/transformers/tokenization_utils_base.py:1601: FutureWarning: `clean_up_tokenization_spaces` was not set. It will be set to `True` by default. This behavior will be depracted in transformers v4.45, and will be then set to `False` by default. For more details check this issue: https://github.com/huggingface/transformers/issues/31884
  warnings.warn(
Some weights of the model checkpoint at microsoft/codebert-base-mlm were not used when initializing RobertaForMaskedLM: ['roberta.pooler.dense.bias', 'roberta.pooler.dense.weight']
- This IS expected if you are initializing RobertaForMaskedLM from the checkpoint of a model trained on another task or with another architecture (e.g. initializing a BertForSequenceClassification model from a BertForPreTraining model).
- This IS NOT expected if you are initializing RobertaForMaskedLM from the checkpoint of a model that you expect to be exactly identical (initializing a BertForSequenceClassification model from a BertForSequenceClassification model).
2026-05-20 17:59:01,192 - INFO - Processed __main__.dot: Score=0.8122 (1 paths)
2026-05-20 17:59:02,193 - INFO - Processed test_case_0.dot: Score=0.9248 (1 paths)
2026-05-20 17:59:03,978 - INFO - Processed test_case_1.dot: Score=0.5091 (1 paths)
2026-05-20 17:59:04,983 - INFO - Processed __main__.dot: Score=0.7347 (1 paths)
2026-05-20 17:59:05,056 - INFO - Processed test_read_journal_entries_instantiates_without_error.dot: Score=0.4740 (1 paths)
2026-05-20 17:59:05,148 - INFO - Processed test_journal_entry_validate_returns_none_when_all_fields_are_none.dot: Score=0.3649 (1 paths)
<unknown>:24: SyntaxWarning: invalid escape sequence '\['
<unknown>:25: SyntaxWarning: invalid escape sequence '\['
<unknown>:26: SyntaxWarning: invalid escape sequence '\('
<unknown>:27: SyntaxWarning: invalid escape sequence '\('
<unknown>:28: SyntaxWarning: invalid escape sequence '\e'
2026-05-20 17:59:16,319 - INFO - HTTP Request: POST https://anast.ita.chalmers.se:4100/v1/chat/completions "HTTP/1.1 200 OK"
2026-05-20 17:59:40,802 - INFO - HTTP Request: POST https://anast.ita.chalmers.se:4100/v1/chat/completions "HTTP/1.1 200 OK"
2026-05-20 17:59:42,846 - INFO - HTTP Request: POST https://anast.ita.chalmers.se:4100/v1/chat/completions "HTTP/1.1 200 OK"
2026-05-20 18:00:07,961 - INFO - HTTP Request: POST https://anast.ita.chalmers.se:4100/v1/chat/completions "HTTP/1.1 200 OK"
2026-05-20 18:00:10,154 - INFO - HTTP Request: POST https://anast.ita.chalmers.se:4100/v1/chat/completions "HTTP/1.1 200 OK"
2026-05-20 18:00:21,202 - INFO - HTTP Request: POST https://anast.ita.chalmers.se:4100/v1/chat/completions "HTTP/1.1 200 OK"
2026-05-20 18:00:23,276 - INFO - Loading model: microsoft/codebert-base-mlm
/data/users/eliassam/miniforge3/lib/python3.12/site-packages/transformers/tokenization_utils_base.py:1601: FutureWarning: `clean_up_tokenization_spaces` was not set. It will be set to `True` by default. This behavior will be depracted in transformers v4.45, and will be then set to `False` by default. For more details check this issue: https://github.com/huggingface/transformers/issues/31884
  warnings.warn(
Some weights of the model checkpoint at microsoft/codebert-base-mlm were not used when initializing RobertaForMaskedLM: ['roberta.pooler.dense.bias', 'roberta.pooler.dense.weight']
- This IS expected if you are initializing RobertaForMaskedLM from the checkpoint of a model trained on another task or with another architecture (e.g. initializing a BertForSequenceClassification model from a BertForPreTraining model).
- This IS NOT expected if you are initializing RobertaForMaskedLM from the checkpoint of a model that you expect to be exactly identical (initializing a BertForSequenceClassification model from a BertForSequenceClassification model).
2026-05-20 18:00:25,573 - INFO - Processed __main__.dot: Score=0.8122 (1 paths)
2026-05-20 18:00:25,964 - INFO - Processed test_case_0.dot: Score=0.9248 (1 paths)
2026-05-20 18:00:26,895 - INFO - Processed test_case_1.dot: Score=0.5091 (1 paths)
2026-05-20 18:00:26,967 - INFO - Processed __main__.dot: Score=0.7347 (1 paths)
2026-05-20 18:00:27,029 - INFO - Processed test_read_journal_entries_instantiates_without_error.dot: Score=0.4663 (1 paths)
2026-05-20 18:00:27,106 - INFO - Processed test_journal_entry_validate_returns_none_when_all_fields_are_none.dot: Score=0.4193 (1 paths)
<unknown>:24: SyntaxWarning: invalid escape sequence '\['
<unknown>:25: SyntaxWarning: invalid escape sequence '\['
<unknown>:26: SyntaxWarning: invalid escape sequence '\('
<unknown>:27: SyntaxWarning: invalid escape sequence '\('
<unknown>:28: SyntaxWarning: invalid escape sequence '\e'
2026-05-20 18:00:37,088 - INFO - HTTP Request: POST https://anast.ita.chalmers.se:4100/v1/chat/completions "HTTP/1.1 200 OK"
2026-05-20 18:01:00,510 - INFO - HTTP Request: POST https://anast.ita.chalmers.se:4100/v1/chat/completions "HTTP/1.1 200 OK"
2026-05-20 18:01:02,733 - INFO - HTTP Request: POST https://anast.ita.chalmers.se:4100/v1/chat/completions "HTTP/1.1 200 OK"
2026-05-20 18:01:27,831 - INFO - HTTP Request: POST https://anast.ita.chalmers.se:4100/v1/chat/completions "HTTP/1.1 200 OK"
2026-05-20 18:01:29,879 - INFO - HTTP Request: POST https://anast.ita.chalmers.se:4100/v1/chat/completions "HTTP/1.1 200 OK"
2026-05-20 18:01:40,723 - INFO - HTTP Request: POST https://anast.ita.chalmers.se:4100/v1/chat/completions "HTTP/1.1 200 OK"
2026-05-20 18:01:42,792 - INFO - Loading model: microsoft/codebert-base-mlm
/data/users/eliassam/miniforge3/lib/python3.12/site-packages/transformers/tokenization_utils_base.py:1601: FutureWarning: `clean_up_tokenization_spaces` was not set. It will be set to `True` by default. This behavior will be depracted in transformers v4.45, and will be then set to `False` by default. For more details check this issue: https://github.com/huggingface/transformers/issues/31884
  warnings.warn(
Some weights of the model checkpoint at microsoft/codebert-base-mlm were not used when initializing RobertaForMaskedLM: ['roberta.pooler.dense.bias', 'roberta.pooler.dense.weight']
- This IS expected if you are initializing RobertaForMaskedLM from the checkpoint of a model trained on another task or with another architecture (e.g. initializing a BertForSequenceClassification model from a BertForPreTraining model).
- This IS NOT expected if you are initializing RobertaForMaskedLM from the checkpoint of a model that you expect to be exactly identical (initializing a BertForSequenceClassification model from a BertForSequenceClassification model).
2026-05-20 18:01:44,883 - INFO - Processed __main__.dot: Score=0.8122 (1 paths)
2026-05-20 18:01:44,953 - INFO - Processed test_case_0.dot: Score=0.9248 (1 paths)
2026-05-20 18:01:45,384 - INFO - Processed test_case_1.dot: Score=0.5091 (1 paths)
2026-05-20 18:01:45,486 - INFO - Processed __main__.dot: Score=0.7347 (1 paths)
2026-05-20 18:01:45,574 - INFO - Processed test_read_journal_entries_instantiates_without_error.dot: Score=0.5507 (1 paths)
2026-05-20 18:01:45,692 - INFO - Processed test_journal_entry_validate_returns_none_when_all_fields_are_none.dot: Score=0.3649 (1 paths)
<unknown>:24: SyntaxWarning: invalid escape sequence '\['
<unknown>:25: SyntaxWarning: invalid escape sequence '\['
<unknown>:26: SyntaxWarning: invalid escape sequence '\('
<unknown>:27: SyntaxWarning: invalid escape sequence '\('
<unknown>:28: SyntaxWarning: invalid escape sequence '\e'
2026-05-20 18:02:03,497 - INFO - HTTP Request: POST https://anast.ita.chalmers.se:4100/v1/chat/completions "HTTP/1.1 200 OK"
2026-05-20 18:02:30,070 - INFO - HTTP Request: POST https://anast.ita.chalmers.se:4100/v1/chat/completions "HTTP/1.1 200 OK"
2026-05-20 18:02:32,479 - INFO - HTTP Request: POST https://anast.ita.chalmers.se:4100/v1/chat/completions "HTTP/1.1 200 OK"
2026-05-20 18:02:56,084 - INFO - HTTP Request: POST https://anast.ita.chalmers.se:4100/v1/chat/completions "HTTP/1.1 200 OK"
2026-05-20 18:02:59,437 - INFO - HTTP Request: POST https://anast.ita.chalmers.se:4100/v1/chat/completions "HTTP/1.1 200 OK"
2026-05-20 18:03:29,447 - INFO - HTTP Request: POST https://anast.ita.chalmers.se:4100/v1/chat/completions "HTTP/1.1 200 OK"
2026-05-20 18:03:32,154 - INFO - HTTP Request: POST https://anast.ita.chalmers.se:4100/v1/chat/completions "HTTP/1.1 200 OK"
2026-05-20 18:04:06,004 - INFO - HTTP Request: POST https://anast.ita.chalmers.se:4100/v1/chat/completions "HTTP/1.1 200 OK"
2026-05-20 18:04:08,106 - INFO - HTTP Request: POST https://anast.ita.chalmers.se:4100/v1/chat/completions "HTTP/1.1 200 OK"
2026-05-20 18:04:29,680 - INFO - HTTP Request: POST https://anast.ita.chalmers.se:4100/v1/chat/completions "HTTP/1.1 200 OK"
2026-05-20 18:04:31,790 - INFO - HTTP Request: POST https://anast.ita.chalmers.se:4100/v1/chat/completions "HTTP/1.1 200 OK"
2026-05-20 18:05:01,315 - INFO - HTTP Request: POST https://anast.ita.chalmers.se:4100/v1/chat/completions "HTTP/1.1 200 OK"
2026-05-20 18:05:03,015 - INFO - HTTP Request: POST https://anast.ita.chalmers.se:4100/v1/chat/completions "HTTP/1.1 200 OK"
2026-05-20 18:05:26,948 - INFO - HTTP Request: POST https://anast.ita.chalmers.se:4100/v1/chat/completions "HTTP/1.1 200 OK"
2026-05-20 18:05:29,038 - INFO - HTTP Request: POST https://anast.ita.chalmers.se:4100/v1/chat/completions "HTTP/1.1 200 OK"
2026-05-20 18:05:54,463 - INFO - HTTP Request: POST https://anast.ita.chalmers.se:4100/v1/chat/completions "HTTP/1.1 200 OK"
2026-05-20 18:05:56,723 - INFO - HTTP Request: POST https://anast.ita.chalmers.se:4100/v1/chat/completions "HTTP/1.1 200 OK"
2026-05-20 18:06:22,020 - INFO - HTTP Request: POST https://anast.ita.chalmers.se:4100/v1/chat/completions "HTTP/1.1 200 OK"
2026-05-20 18:06:24,274 - INFO - HTTP Request: POST https://anast.ita.chalmers.se:4100/v1/chat/completions "HTTP/1.1 200 OK"
2026-05-20 18:06:48,199 - INFO - HTTP Request: POST https://anast.ita.chalmers.se:4100/v1/chat/completions "HTTP/1.1 200 OK"
2026-05-20 18:06:51,161 - INFO - HTTP Request: POST https://anast.ita.chalmers.se:4100/v1/chat/completions "HTTP/1.1 200 OK"
2026-05-20 18:07:15,303 - INFO - HTTP Request: POST https://anast.ita.chalmers.se:4100/v1/chat/completions "HTTP/1.1 200 OK"
2026-05-20 18:07:19,940 - INFO - HTTP Request: POST https://anast.ita.chalmers.se:4100/v1/chat/completions "HTTP/1.1 200 OK"
2026-05-20 18:07:46,928 - INFO - HTTP Request: POST https://anast.ita.chalmers.se:4100/v1/chat/completions "HTTP/1.1 200 OK"
2026-05-20 18:07:49,515 - INFO - HTTP Request: POST https://anast.ita.chalmers.se:4100/v1/chat/completions "HTTP/1.1 200 OK"
2026-05-20 18:08:13,082 - INFO - HTTP Request: POST https://anast.ita.chalmers.se:4100/v1/chat/completions "HTTP/1.1 200 OK"
2026-05-20 18:08:15,185 - INFO - HTTP Request: POST https://anast.ita.chalmers.se:4100/v1/chat/completions "HTTP/1.1 200 OK"
2026-05-20 18:08:44,321 - INFO - HTTP Request: POST https://anast.ita.chalmers.se:4100/v1/chat/completions "HTTP/1.1 200 OK"
2026-05-20 18:08:47,579 - INFO - HTTP Request: POST https://anast.ita.chalmers.se:4100/v1/chat/completions "HTTP/1.1 200 OK"
2026-05-20 18:09:15,193 - INFO - HTTP Request: POST https://anast.ita.chalmers.se:4100/v1/chat/completions "HTTP/1.1 200 OK"
2026-05-20 18:09:17,584 - INFO - HTTP Request: POST https://anast.ita.chalmers.se:4100/v1/chat/completions "HTTP/1.1 200 OK"
2026-05-20 18:09:43,281 - INFO - HTTP Request: POST https://anast.ita.chalmers.se:4100/v1/chat/completions "HTTP/1.1 200 OK"
2026-05-20 18:09:47,030 - INFO - HTTP Request: POST https://anast.ita.chalmers.se:4100/v1/chat/completions "HTTP/1.1 200 OK"
2026-05-20 18:10:13,172 - INFO - HTTP Request: POST https://anast.ita.chalmers.se:4100/v1/chat/completions "HTTP/1.1 200 OK"
2026-05-20 18:10:15,895 - INFO - HTTP Request: POST https://anast.ita.chalmers.se:4100/v1/chat/completions "HTTP/1.1 200 OK"
2026-05-20 18:10:40,821 - INFO - HTTP Request: POST https://anast.ita.chalmers.se:4100/v1/chat/completions "HTTP/1.1 200 OK"
2026-05-20 18:10:43,127 - INFO - HTTP Request: POST https://anast.ita.chalmers.se:4100/v1/chat/completions "HTTP/1.1 200 OK"
2026-05-20 18:11:10,093 - INFO - HTTP Request: POST https://anast.ita.chalmers.se:4100/v1/chat/completions "HTTP/1.1 200 OK"
2026-05-20 18:11:13,013 - INFO - HTTP Request: POST https://anast.ita.chalmers.se:4100/v1/chat/completions "HTTP/1.1 200 OK"
2026-05-20 18:11:43,550 - INFO - HTTP Request: POST https://anast.ita.chalmers.se:4100/v1/chat/completions "HTTP/1.1 200 OK"
2026-05-20 18:11:46,994 - INFO - HTTP Request: POST https://anast.ita.chalmers.se:4100/v1/chat/completions "HTTP/1.1 200 OK"
2026-05-20 18:12:12,873 - INFO - HTTP Request: POST https://anast.ita.chalmers.se:4100/v1/chat/completions "HTTP/1.1 200 OK"
2026-05-20 18:12:15,998 - INFO - HTTP Request: POST https://anast.ita.chalmers.se:4100/v1/chat/completions "HTTP/1.1 200 OK"
2026-05-20 18:12:43,132 - INFO - HTTP Request: POST https://anast.ita.chalmers.se:4100/v1/chat/completions "HTTP/1.1 200 OK"
2026-05-20 18:12:46,102 - INFO - HTTP Request: POST https://anast.ita.chalmers.se:4100/v1/chat/completions "HTTP/1.1 200 OK"
2026-05-20 18:13:15,513 - INFO - HTTP Request: POST https://anast.ita.chalmers.se:4100/v1/chat/completions "HTTP/1.1 200 OK"
2026-05-20 18:13:41,536 - INFO - Loading model: microsoft/codebert-base-mlm
/data/users/eliassam/miniforge3/lib/python3.12/site-packages/transformers/tokenization_utils_base.py:1601: FutureWarning: `clean_up_tokenization_spaces` was not set. It will be set to `True` by default. This behavior will be depracted in transformers v4.45, and will be then set to `False` by default. For more details check this issue: https://github.com/huggingface/transformers/issues/31884
  warnings.warn(
Some weights of the model checkpoint at microsoft/codebert-base-mlm were not used when initializing RobertaForMaskedLM: ['roberta.pooler.dense.bias', 'roberta.pooler.dense.weight']
- This IS expected if you are initializing RobertaForMaskedLM from the checkpoint of a model trained on another task or with another architecture (e.g. initializing a BertForSequenceClassification model from a BertForPreTraining model).
- This IS NOT expected if you are initializing RobertaForMaskedLM from the checkpoint of a model that you expect to be exactly identical (initializing a BertForSequenceClassification model from a BertForSequenceClassification model).
2026-05-20 18:13:43,509 - INFO - Processed __main__.dot: Score=0.6150 (1 paths)
2026-05-20 18:13:43,591 - INFO - Processed test_case_0.dot: Score=0.3128 (1 paths)
2026-05-20 18:13:43,663 - INFO - Processed test_case_1.dot: Score=0.4646 (1 paths)
2026-05-20 18:13:43,874 - INFO - Processed test_case_2.dot: Score=0.4144 (3 paths)
2026-05-20 18:13:43,944 - INFO - Processed test_case_3.dot: Score=0.3976 (1 paths)
2026-05-20 18:13:43,993 - INFO - Processed test_case_4.dot: Score=0.6781 (1 paths)
2026-05-20 18:13:44,055 - INFO - Processed test_case_5.dot: Score=0.4099 (1 paths)
2026-05-20 18:13:44,104 - INFO - Processed test_case_6.dot: Score=0.6312 (1 paths)
2026-05-20 18:13:44,955 - INFO - Processed test_case_7.dot: Score=0.4711 (1 paths)
2026-05-20 18:13:45,014 - INFO - Processed test_case_8.dot: Score=0.5279 (1 paths)
2026-05-20 18:13:45,208 - INFO - Processed test_case_9.dot: Score=0.3671 (3 paths)
2026-05-20 18:13:45,352 - INFO - Processed test_case_10.dot: Score=0.3866 (2 paths)
2026-05-20 18:13:45,475 - INFO - Processed test_case_11.dot: Score=0.3483 (2 paths)
2026-05-20 18:13:45,538 - INFO - Processed test_case_12.dot: Score=0.3994 (1 paths)
2026-05-20 18:13:45,601 - INFO - Processed test_case_13.dot: Score=0.3853 (1 paths)
2026-05-20 18:13:45,732 - INFO - Processed test_case_14.dot: Score=0.3140 (2 paths)
2026-05-20 18:13:45,799 - INFO - Processed test_case_15.dot: Score=0.3285 (1 paths)
2026-05-20 18:13:45,865 - INFO - Processed test_case_16.dot: Score=0.4410 (1 paths)
2026-05-20 18:13:45,928 - INFO - Processed test_case_17.dot: Score=0.4847 (1 paths)
2026-05-20 18:13:46,255 - INFO - Processed test_case_18.dot: Score=0.4395 (3 paths)
2026-05-20 18:13:46,677 - INFO - Processed test_case_19.dot: Score=0.2762 (6 paths)
2026-05-20 18:13:46,743 - INFO - Processed test_case_20.dot: Score=0.4823 (1 paths)
2026-05-20 18:13:46,935 - INFO - Processed test_case_21.dot: Score=0.3992 (3 paths)
2026-05-20 18:13:47,077 - INFO - Processed __main__.dot: Score=0.5377 (1 paths)
2026-05-20 18:13:47,158 - INFO - Processed test_illegal_use_of_scope_replacer_repr_does_not_raise.dot: Score=0.4194 (1 paths)
2026-05-20 18:13:47,241 - INFO - Processed test_illegal_use_of_scope_replacer_unicode_with_false_args.dot: Score=0.4001 (1 paths)
2026-05-20 18:13:47,457 - INFO - Processed test_lazy_import_with_import_replacer_and_exception_args.dot: Score=0.5591 (3 paths)
2026-05-20 18:13:47,533 - INFO - Processed test_import_replacer_raises_with_complex_number_arguments.dot: Score=0.3221 (1 paths)
2026-05-20 18:13:47,594 - INFO - Processed test_import_processor_instantiates_successfully.dot: Score=0.5514 (1 paths)
2026-05-20 18:13:47,673 - INFO - Processed test_lazy_import_with_special_character_string_arguments.dot: Score=0.3463 (1 paths)
2026-05-20 18:13:47,738 - INFO - Processed test_disallow_proxying_runs_without_error.dot: Score=0.3868 (1 paths)
2026-05-20 18:13:47,814 - INFO - Processed test_lazy_import_raises_with_invalid_module_name.dot: Score=0.3460 (1 paths)
2026-05-20 18:13:48,031 - INFO - Processed test_illegal_use_of_scope_replacer_eq_and_unicode_with_false.dot: Score=0.2742 (3 paths)
2026-05-20 18:13:48,181 - INFO - Processed test_illegal_use_of_scope_replacer_self_equality_and_unicode_representation.dot: Score=0.3166 (2 paths)
2026-05-20 18:13:48,331 - INFO - Processed test_lazy_import_raises_with_invalid_module_name_and_none_arg.dot: Score=0.3609 (2 paths)
2026-05-20 18:13:48,409 - INFO - Processed test_lazy_import_with_format_string_pattern_as_all_arguments.dot: Score=0.3134 (1 paths)
2026-05-20 18:13:48,488 - INFO - Processed test_lazy_import_called_with_docstring_string_as_both_arguments.dot: Score=0.3565 (1 paths)
2026-05-20 18:13:49,604 - INFO - Processed test_lazy_import_called_with_empty_strings_and_none_argument.dot: Score=0.2970 (2 paths)
2026-05-20 18:13:50,349 - INFO - Processed test_lazy_import_raises_with_docstring_style_invalid_module_name.dot: Score=0.3184 (1 paths)
2026-05-20 18:13:50,431 - INFO - Processed test_lazy_import_with_garbage_string_as_all_arguments.dot: Score=0.4374 (1 paths)
2026-05-20 18:13:50,503 - INFO - Processed test_import_replacer_accepts_dash_string_for_all_params.dot: Score=0.3451 (1 paths)
2026-05-20 18:13:50,719 - INFO - Processed test_lazy_import_with_import_replacer_and_empty_dicts.dot: Score=0.3541 (3 paths)
2026-05-20 18:13:51,194 - INFO - Processed test_lazy_import_with_scope_replacer_and_none_module_name.dot: Score=0.3536 (6 paths)
2026-05-20 18:13:51,276 - INFO - Processed test_lazy_import_with_malformed_string_as_module_and_alias.dot: Score=0.3760 (1 paths)
2026-05-20 18:13:51,497 - INFO - Processed test_import_replacer_setattr_with_dict_and_self_reference.dot: Score=0.3452 (3 paths)
<unknown>:24: SyntaxWarning: invalid escape sequence '\['
<unknown>:25: SyntaxWarning: invalid escape sequence '\['
<unknown>:26: SyntaxWarning: invalid escape sequence '\('
<unknown>:27: SyntaxWarning: invalid escape sequence '\('
<unknown>:28: SyntaxWarning: invalid escape sequence '\e'
2026-05-20 18:14:05,560 - INFO - HTTP Request: POST https://anast.ita.chalmers.se:4100/v1/chat/completions "HTTP/1.1 200 OK"
2026-05-20 18:14:34,713 - INFO - HTTP Request: POST https://anast.ita.chalmers.se:4100/v1/chat/completions "HTTP/1.1 200 OK"
2026-05-20 18:14:37,524 - INFO - HTTP Request: POST https://anast.ita.chalmers.se:4100/v1/chat/completions "HTTP/1.1 200 OK"
2026-05-20 18:15:04,772 - INFO - HTTP Request: POST https://anast.ita.chalmers.se:4100/v1/chat/completions "HTTP/1.1 200 OK"
2026-05-20 18:15:07,440 - INFO - HTTP Request: POST https://anast.ita.chalmers.se:4100/v1/chat/completions "HTTP/1.1 200 OK"
2026-05-20 18:15:38,481 - INFO - HTTP Request: POST https://anast.ita.chalmers.se:4100/v1/chat/completions "HTTP/1.1 200 OK"
2026-05-20 18:15:41,410 - INFO - HTTP Request: POST https://anast.ita.chalmers.se:4100/v1/chat/completions "HTTP/1.1 200 OK"
2026-05-20 18:16:08,276 - INFO - HTTP Request: POST https://anast.ita.chalmers.se:4100/v1/chat/completions "HTTP/1.1 200 OK"
2026-05-20 18:16:10,839 - INFO - HTTP Request: POST https://anast.ita.chalmers.se:4100/v1/chat/completions "HTTP/1.1 200 OK"
2026-05-20 18:16:32,428 - INFO - HTTP Request: POST https://anast.ita.chalmers.se:4100/v1/chat/completions "HTTP/1.1 200 OK"
2026-05-20 18:16:34,522 - INFO - HTTP Request: POST https://anast.ita.chalmers.se:4100/v1/chat/completions "HTTP/1.1 200 OK"
2026-05-20 18:17:00,057 - INFO - HTTP Request: POST https://anast.ita.chalmers.se:4100/v1/chat/completions "HTTP/1.1 200 OK"
2026-05-20 18:17:03,409 - INFO - HTTP Request: POST https://anast.ita.chalmers.se:4100/v1/chat/completions "HTTP/1.1 200 OK"
2026-05-20 18:17:28,028 - INFO - HTTP Request: POST https://anast.ita.chalmers.se:4100/v1/chat/completions "HTTP/1.1 200 OK"
2026-05-20 18:17:30,253 - INFO - HTTP Request: POST https://anast.ita.chalmers.se:4100/v1/chat/completions "HTTP/1.1 200 OK"
2026-05-20 18:17:52,854 - INFO - HTTP Request: POST https://anast.ita.chalmers.se:4100/v1/chat/completions "HTTP/1.1 200 OK"
2026-05-20 18:17:56,997 - INFO - HTTP Request: POST https://anast.ita.chalmers.se:4100/v1/chat/completions "HTTP/1.1 200 OK"
2026-05-20 18:18:24,181 - INFO - HTTP Request: POST https://anast.ita.chalmers.se:4100/v1/chat/completions "HTTP/1.1 200 OK"
2026-05-20 18:18:29,486 - INFO - HTTP Request: POST https://anast.ita.chalmers.se:4100/v1/chat/completions "HTTP/1.1 200 OK"
2026-05-20 18:18:56,814 - INFO - HTTP Request: POST https://anast.ita.chalmers.se:4100/v1/chat/completions "HTTP/1.1 200 OK"
2026-05-20 18:19:01,596 - INFO - HTTP Request: POST https://anast.ita.chalmers.se:4100/v1/chat/completions "HTTP/1.1 200 OK"
2026-05-20 18:19:27,765 - INFO - HTTP Request: POST https://anast.ita.chalmers.se:4100/v1/chat/completions "HTTP/1.1 200 OK"
2026-05-20 18:19:32,548 - INFO - HTTP Request: POST https://anast.ita.chalmers.se:4100/v1/chat/completions "HTTP/1.1 200 OK"
2026-05-20 18:19:59,548 - INFO - HTTP Request: POST https://anast.ita.chalmers.se:4100/v1/chat/completions "HTTP/1.1 200 OK"
2026-05-20 18:20:01,634 - INFO - HTTP Request: POST https://anast.ita.chalmers.se:4100/v1/chat/completions "HTTP/1.1 200 OK"
2026-05-20 18:20:29,956 - INFO - HTTP Request: POST https://anast.ita.chalmers.se:4100/v1/chat/completions "HTTP/1.1 200 OK"
2026-05-20 18:20:32,295 - INFO - HTTP Request: POST https://anast.ita.chalmers.se:4100/v1/chat/completions "HTTP/1.1 200 OK"
2026-05-20 18:20:57,521 - INFO - HTTP Request: POST https://anast.ita.chalmers.se:4100/v1/chat/completions "HTTP/1.1 200 OK"
2026-05-20 18:21:00,708 - INFO - HTTP Request: POST https://anast.ita.chalmers.se:4100/v1/chat/completions "HTTP/1.1 200 OK"
2026-05-20 18:21:28,015 - INFO - HTTP Request: POST https://anast.ita.chalmers.se:4100/v1/chat/completions "HTTP/1.1 200 OK"
2026-05-20 18:21:30,160 - INFO - HTTP Request: POST https://anast.ita.chalmers.se:4100/v1/chat/completions "HTTP/1.1 200 OK"
2026-05-20 18:21:59,157 - INFO - HTTP Request: POST https://anast.ita.chalmers.se:4100/v1/chat/completions "HTTP/1.1 200 OK"
2026-05-20 18:22:01,603 - INFO - HTTP Request: POST https://anast.ita.chalmers.se:4100/v1/chat/completions "HTTP/1.1 200 OK"
2026-05-20 18:22:27,832 - INFO - HTTP Request: POST https://anast.ita.chalmers.se:4100/v1/chat/completions "HTTP/1.1 200 OK"
2026-05-20 18:22:31,659 - INFO - HTTP Request: POST https://anast.ita.chalmers.se:4100/v1/chat/completions "HTTP/1.1 200 OK"
2026-05-20 18:22:56,302 - INFO - HTTP Request: POST https://anast.ita.chalmers.se:4100/v1/chat/completions "HTTP/1.1 200 OK"
2026-05-20 18:22:58,695 - INFO - HTTP Request: POST https://anast.ita.chalmers.se:4100/v1/chat/completions "HTTP/1.1 200 OK"
2026-05-20 18:23:24,759 - INFO - HTTP Request: POST https://anast.ita.chalmers.se:4100/v1/chat/completions "HTTP/1.1 200 OK"
2026-05-20 18:23:27,738 - INFO - HTTP Request: POST https://anast.ita.chalmers.se:4100/v1/chat/completions "HTTP/1.1 200 OK"
2026-05-20 18:23:57,659 - INFO - HTTP Request: POST https://anast.ita.chalmers.se:4100/v1/chat/completions "HTTP/1.1 200 OK"
2026-05-20 18:24:01,504 - INFO - HTTP Request: POST https://anast.ita.chalmers.se:4100/v1/chat/completions "HTTP/1.1 200 OK"
2026-05-20 18:24:27,697 - INFO - HTTP Request: POST https://anast.ita.chalmers.se:4100/v1/chat/completions "HTTP/1.1 200 OK"
2026-05-20 18:24:30,953 - INFO - HTTP Request: POST https://anast.ita.chalmers.se:4100/v1/chat/completions "HTTP/1.1 200 OK"
2026-05-20 18:25:00,336 - INFO - HTTP Request: POST https://anast.ita.chalmers.se:4100/v1/chat/completions "HTTP/1.1 200 OK"
2026-05-20 18:25:03,568 - INFO - HTTP Request: POST https://anast.ita.chalmers.se:4100/v1/chat/completions "HTTP/1.1 200 OK"
2026-05-20 18:25:33,208 - INFO - HTTP Request: POST https://anast.ita.chalmers.se:4100/v1/chat/completions "HTTP/1.1 200 OK"
2026-05-20 18:26:02,820 - INFO - Loading model: microsoft/codebert-base-mlm
/data/users/eliassam/miniforge3/lib/python3.12/site-packages/transformers/tokenization_utils_base.py:1601: FutureWarning: `clean_up_tokenization_spaces` was not set. It will be set to `True` by default. This behavior will be depracted in transformers v4.45, and will be then set to `False` by default. For more details check this issue: https://github.com/huggingface/transformers/issues/31884
  warnings.warn(
Some weights of the model checkpoint at microsoft/codebert-base-mlm were not used when initializing RobertaForMaskedLM: ['roberta.pooler.dense.bias', 'roberta.pooler.dense.weight']
- This IS expected if you are initializing RobertaForMaskedLM from the checkpoint of a model trained on another task or with another architecture (e.g. initializing a BertForSequenceClassification model from a BertForPreTraining model).
- This IS NOT expected if you are initializing RobertaForMaskedLM from the checkpoint of a model that you expect to be exactly identical (initializing a BertForSequenceClassification model from a BertForSequenceClassification model).
2026-05-20 18:26:04,998 - INFO - Processed __main__.dot: Score=0.6150 (1 paths)
2026-05-20 18:26:05,106 - INFO - Processed test_case_0.dot: Score=0.3128 (1 paths)
2026-05-20 18:26:05,204 - INFO - Processed test_case_1.dot: Score=0.4646 (1 paths)
2026-05-20 18:26:05,462 - INFO - Processed test_case_2.dot: Score=0.4144 (3 paths)
2026-05-20 18:26:05,552 - INFO - Processed test_case_3.dot: Score=0.3976 (1 paths)
2026-05-20 18:26:05,625 - INFO - Processed test_case_4.dot: Score=0.6781 (1 paths)
2026-05-20 18:26:05,712 - INFO - Processed test_case_5.dot: Score=0.4099 (1 paths)
2026-05-20 18:26:05,784 - INFO - Processed test_case_6.dot: Score=0.6312 (1 paths)
2026-05-20 18:26:05,880 - INFO - Processed test_case_7.dot: Score=0.4711 (1 paths)
2026-05-20 18:26:05,963 - INFO - Processed test_case_8.dot: Score=0.5279 (1 paths)
2026-05-20 18:26:06,229 - INFO - Processed test_case_9.dot: Score=0.3671 (3 paths)
2026-05-20 18:26:06,423 - INFO - Processed test_case_10.dot: Score=0.3866 (2 paths)
2026-05-20 18:26:06,587 - INFO - Processed test_case_11.dot: Score=0.3483 (2 paths)
2026-05-20 18:26:06,673 - INFO - Processed test_case_12.dot: Score=0.3994 (1 paths)
2026-05-20 18:26:06,762 - INFO - Processed test_case_13.dot: Score=0.3853 (1 paths)
2026-05-20 18:26:06,938 - INFO - Processed test_case_14.dot: Score=0.3140 (2 paths)
2026-05-20 18:26:07,030 - INFO - Processed test_case_15.dot: Score=0.3285 (1 paths)
2026-05-20 18:26:07,124 - INFO - Processed test_case_16.dot: Score=0.4410 (1 paths)
2026-05-20 18:26:07,212 - INFO - Processed test_case_17.dot: Score=0.4847 (1 paths)
2026-05-20 18:26:07,464 - INFO - Processed test_case_18.dot: Score=0.4395 (3 paths)
2026-05-20 18:26:08,049 - INFO - Processed test_case_19.dot: Score=0.2762 (6 paths)
2026-05-20 18:26:08,141 - INFO - Processed test_case_20.dot: Score=0.4823 (1 paths)
2026-05-20 18:26:08,403 - INFO - Processed test_case_21.dot: Score=0.3992 (3 paths)
2026-05-20 18:26:08,563 - INFO - Processed __main__.dot: Score=0.5377 (1 paths)
2026-05-20 18:26:08,687 - INFO - Processed test_illegal_use_of_scope_replacer_repr_executes_without_error.dot: Score=0.2751 (1 paths)
2026-05-20 18:26:08,798 - INFO - Processed test_illegal_use_of_scope_replacer_unicode_with_false_args.dot: Score=0.3887 (1 paths)
2026-05-20 18:26:09,096 - INFO - Processed test_lazy_import_with_import_replacer_and_exception_args.dot: Score=0.4670 (3 paths)
2026-05-20 18:26:09,204 - INFO - Processed test_import_replacer_raises_with_complex_number_arguments.dot: Score=0.3221 (1 paths)
2026-05-20 18:26:09,291 - INFO - Processed test_import_processor_can_be_instantiated.dot: Score=0.4314 (1 paths)
2026-05-20 18:26:09,394 - INFO - Processed test_lazy_import_with_invalid_module_name.dot: Score=0.3797 (1 paths)
2026-05-20 18:26:09,485 - INFO - Processed test_disallow_proxying_returns_without_error.dot: Score=0.3773 (1 paths)
2026-05-20 18:26:09,594 - INFO - Processed test_illegal_use_of_scope_replacer_repr_with_boolean_args.dot: Score=0.4100 (1 paths)
2026-05-20 18:26:09,695 - INFO - Processed test_lazy_import_raises_with_invalid_module_name.dot: Score=0.3532 (1 paths)
2026-05-20 18:26:09,920 - INFO - Processed test_illegal_use_of_scope_replacer_eq_and_unicode_methods_with_false_args.dot: Score=0.2694 (3 paths)
2026-05-20 18:26:10,070 - INFO - Processed test_illegal_use_of_scope_replacer_eq_and_unicode.dot: Score=0.2929 (2 paths)
2026-05-20 18:26:10,223 - INFO - Processed test_lazy_import_raises_with_invalid_module_name_and_none_arg.dot: Score=0.3854 (2 paths)
2026-05-20 18:26:10,297 - INFO - Processed test_lazy_import_with_format_string_as_all_arguments.dot: Score=0.5236 (1 paths)
2026-05-20 18:26:10,374 - INFO - Processed test_lazy_import_accepts_docstring_as_module_argument.dot: Score=0.4693 (1 paths)
2026-05-20 18:26:10,538 - INFO - Processed test_lazy_import_with_empty_strings_and_none_raises_or_handles_gracefully.dot: Score=0.3034 (2 paths)
2026-05-20 18:26:10,618 - INFO - Processed test_lazy_import_raises_with_nonlocal_keyword_simulation_string.dot: Score=0.2215 (1 paths)
2026-05-20 18:26:10,705 - INFO - Processed test_lazy_import_raises_with_special_control_characters_in_module_name.dot: Score=0.3471 (1 paths)
2026-05-20 18:26:10,776 - INFO - Processed test_import_replacer_instantiation_with_dash_string_args.dot: Score=0.4841 (1 paths)
2026-05-20 18:26:10,995 - INFO - Processed test_lazy_import_accepts_import_replacer_with_empty_dicts.dot: Score=0.3600 (3 paths)
2026-05-20 18:26:11,474 - INFO - Processed test_lazy_import_with_scope_replacer_and_none_module_name.dot: Score=0.3957 (6 paths)
2026-05-20 18:26:11,561 - INFO - Processed test_lazy_import_with_malformed_module_name_string.dot: Score=0.3926 (1 paths)
2026-05-20 18:26:11,793 - INFO - Processed test_import_replacer_setattr_with_dict_and_instance.dot: Score=0.3215 (3 paths)
<unknown>:24: SyntaxWarning: invalid escape sequence '\['
<unknown>:25: SyntaxWarning: invalid escape sequence '\['
<unknown>:26: SyntaxWarning: invalid escape sequence '\('
<unknown>:27: SyntaxWarning: invalid escape sequence '\('
<unknown>:28: SyntaxWarning: invalid escape sequence '\e'
2026-05-20 18:26:25,033 - INFO - HTTP Request: POST https://anast.ita.chalmers.se:4100/v1/chat/completions "HTTP/1.1 200 OK"
2026-05-20 18:26:52,266 - INFO - HTTP Request: POST https://anast.ita.chalmers.se:4100/v1/chat/completions "HTTP/1.1 200 OK"
2026-05-20 18:26:56,955 - INFO - HTTP Request: POST https://anast.ita.chalmers.se:4100/v1/chat/completions "HTTP/1.1 200 OK"
2026-05-20 18:27:21,927 - INFO - HTTP Request: POST https://anast.ita.chalmers.se:4100/v1/chat/completions "HTTP/1.1 200 OK"
2026-05-20 18:27:24,319 - INFO - HTTP Request: POST https://anast.ita.chalmers.se:4100/v1/chat/completions "HTTP/1.1 200 OK"
2026-05-20 18:27:54,087 - INFO - HTTP Request: POST https://anast.ita.chalmers.se:4100/v1/chat/completions "HTTP/1.1 200 OK"
2026-05-20 18:27:56,799 - INFO - HTTP Request: POST https://anast.ita.chalmers.se:4100/v1/chat/completions "HTTP/1.1 200 OK"
2026-05-20 18:28:25,685 - INFO - HTTP Request: POST https://anast.ita.chalmers.se:4100/v1/chat/completions "HTTP/1.1 200 OK"
2026-05-20 18:28:27,628 - INFO - HTTP Request: POST https://anast.ita.chalmers.se:4100/v1/chat/completions "HTTP/1.1 200 OK"
2026-05-20 18:28:50,196 - INFO - HTTP Request: POST https://anast.ita.chalmers.se:4100/v1/chat/completions "HTTP/1.1 200 OK"
2026-05-20 18:28:52,132 - INFO - HTTP Request: POST https://anast.ita.chalmers.se:4100/v1/chat/completions "HTTP/1.1 200 OK"
2026-05-20 18:29:19,219 - INFO - HTTP Request: POST https://anast.ita.chalmers.se:4100/v1/chat/completions "HTTP/1.1 200 OK"
2026-05-20 18:29:21,428 - INFO - HTTP Request: POST https://anast.ita.chalmers.se:4100/v1/chat/completions "HTTP/1.1 200 OK"
2026-05-20 18:29:46,213 - INFO - HTTP Request: POST https://anast.ita.chalmers.se:4100/v1/chat/completions "HTTP/1.1 200 OK"
2026-05-20 18:29:49,353 - INFO - HTTP Request: POST https://anast.ita.chalmers.se:4100/v1/chat/completions "HTTP/1.1 200 OK"
2026-05-20 18:30:14,919 - INFO - HTTP Request: POST https://anast.ita.chalmers.se:4100/v1/chat/completions "HTTP/1.1 200 OK"
2026-05-20 18:30:17,356 - INFO - HTTP Request: POST https://anast.ita.chalmers.se:4100/v1/chat/completions "HTTP/1.1 200 OK"
2026-05-20 18:30:44,484 - INFO - HTTP Request: POST https://anast.ita.chalmers.se:4100/v1/chat/completions "HTTP/1.1 200 OK"
2026-05-20 18:30:48,059 - INFO - HTTP Request: POST https://anast.ita.chalmers.se:4100/v1/chat/completions "HTTP/1.1 200 OK"
2026-05-20 18:31:15,350 - INFO - HTTP Request: POST https://anast.ita.chalmers.se:4100/v1/chat/completions "HTTP/1.1 200 OK"
2026-05-20 18:31:17,960 - INFO - HTTP Request: POST https://anast.ita.chalmers.se:4100/v1/chat/completions "HTTP/1.1 200 OK"
2026-05-20 18:31:44,357 - INFO - HTTP Request: POST https://anast.ita.chalmers.se:4100/v1/chat/completions "HTTP/1.1 200 OK"
2026-05-20 18:31:48,539 - INFO - HTTP Request: POST https://anast.ita.chalmers.se:4100/v1/chat/completions "HTTP/1.1 200 OK"
2026-05-20 18:32:17,337 - INFO - HTTP Request: POST https://anast.ita.chalmers.se:4100/v1/chat/completions "HTTP/1.1 200 OK"
2026-05-20 18:32:19,784 - INFO - HTTP Request: POST https://anast.ita.chalmers.se:4100/v1/chat/completions "HTTP/1.1 200 OK"
2026-05-20 18:32:45,472 - INFO - HTTP Request: POST https://anast.ita.chalmers.se:4100/v1/chat/completions "HTTP/1.1 200 OK"
2026-05-20 18:32:47,773 - INFO - HTTP Request: POST https://anast.ita.chalmers.se:4100/v1/chat/completions "HTTP/1.1 200 OK"
2026-05-20 18:33:13,331 - INFO - HTTP Request: POST https://anast.ita.chalmers.se:4100/v1/chat/completions "HTTP/1.1 200 OK"
2026-05-20 18:33:17,442 - INFO - HTTP Request: POST https://anast.ita.chalmers.se:4100/v1/chat/completions "HTTP/1.1 200 OK"
2026-05-20 18:33:45,054 - INFO - HTTP Request: POST https://anast.ita.chalmers.se:4100/v1/chat/completions "HTTP/1.1 200 OK"
2026-05-20 18:33:47,529 - INFO - HTTP Request: POST https://anast.ita.chalmers.se:4100/v1/chat/completions "HTTP/1.1 200 OK"
2026-05-20 18:34:14,508 - INFO - HTTP Request: POST https://anast.ita.chalmers.se:4100/v1/chat/completions "HTTP/1.1 200 OK"
2026-05-20 18:34:16,669 - INFO - HTTP Request: POST https://anast.ita.chalmers.se:4100/v1/chat/completions "HTTP/1.1 200 OK"
2026-05-20 18:34:40,214 - INFO - HTTP Request: POST https://anast.ita.chalmers.se:4100/v1/chat/completions "HTTP/1.1 200 OK"
2026-05-20 18:34:42,353 - INFO - HTTP Request: POST https://anast.ita.chalmers.se:4100/v1/chat/completions "HTTP/1.1 200 OK"
2026-05-20 18:35:07,279 - INFO - HTTP Request: POST https://anast.ita.chalmers.se:4100/v1/chat/completions "HTTP/1.1 200 OK"
2026-05-20 18:35:09,649 - INFO - HTTP Request: POST https://anast.ita.chalmers.se:4100/v1/chat/completions "HTTP/1.1 200 OK"
2026-05-20 18:35:36,261 - INFO - HTTP Request: POST https://anast.ita.chalmers.se:4100/v1/chat/completions "HTTP/1.1 200 OK"
2026-05-20 18:35:39,243 - INFO - HTTP Request: POST https://anast.ita.chalmers.se:4100/v1/chat/completions "HTTP/1.1 200 OK"
2026-05-20 18:36:11,190 - INFO - HTTP Request: POST https://anast.ita.chalmers.se:4100/v1/chat/completions "HTTP/1.1 200 OK"
2026-05-20 18:36:14,647 - INFO - HTTP Request: POST https://anast.ita.chalmers.se:4100/v1/chat/completions "HTTP/1.1 200 OK"
2026-05-20 18:36:44,087 - INFO - HTTP Request: POST https://anast.ita.chalmers.se:4100/v1/chat/completions "HTTP/1.1 200 OK"
2026-05-20 18:36:47,708 - INFO - HTTP Request: POST https://anast.ita.chalmers.se:4100/v1/chat/completions "HTTP/1.1 200 OK"
2026-05-20 18:37:17,343 - INFO - HTTP Request: POST https://anast.ita.chalmers.se:4100/v1/chat/completions "HTTP/1.1 200 OK"
2026-05-20 18:37:20,765 - INFO - HTTP Request: POST https://anast.ita.chalmers.se:4100/v1/chat/completions "HTTP/1.1 200 OK"
2026-05-20 18:37:49,957 - INFO - HTTP Request: POST https://anast.ita.chalmers.se:4100/v1/chat/completions "HTTP/1.1 200 OK"
2026-05-20 18:38:13,880 - INFO - Loading model: microsoft/codebert-base-mlm
/data/users/eliassam/miniforge3/lib/python3.12/site-packages/transformers/tokenization_utils_base.py:1601: FutureWarning: `clean_up_tokenization_spaces` was not set. It will be set to `True` by default. This behavior will be depracted in transformers v4.45, and will be then set to `False` by default. For more details check this issue: https://github.com/huggingface/transformers/issues/31884
  warnings.warn(
Some weights of the model checkpoint at microsoft/codebert-base-mlm were not used when initializing RobertaForMaskedLM: ['roberta.pooler.dense.bias', 'roberta.pooler.dense.weight']
- This IS expected if you are initializing RobertaForMaskedLM from the checkpoint of a model trained on another task or with another architecture (e.g. initializing a BertForSequenceClassification model from a BertForPreTraining model).
- This IS NOT expected if you are initializing RobertaForMaskedLM from the checkpoint of a model that you expect to be exactly identical (initializing a BertForSequenceClassification model from a BertForSequenceClassification model).
2026-05-20 18:38:16,129 - INFO - Processed __main__.dot: Score=0.6150 (1 paths)
2026-05-20 18:38:16,316 - INFO - Processed test_case_0.dot: Score=0.3128 (1 paths)
2026-05-20 18:38:16,392 - INFO - Processed test_case_1.dot: Score=0.4646 (1 paths)
2026-05-20 18:38:16,586 - INFO - Processed test_case_2.dot: Score=0.4144 (3 paths)
2026-05-20 18:38:16,651 - INFO - Processed test_case_3.dot: Score=0.3976 (1 paths)
2026-05-20 18:38:16,702 - INFO - Processed test_case_4.dot: Score=0.6781 (1 paths)
2026-05-20 18:38:16,767 - INFO - Processed test_case_5.dot: Score=0.4099 (1 paths)
2026-05-20 18:38:16,817 - INFO - Processed test_case_6.dot: Score=0.6312 (1 paths)
2026-05-20 18:38:16,888 - INFO - Processed test_case_7.dot: Score=0.4711 (1 paths)
2026-05-20 18:38:16,950 - INFO - Processed test_case_8.dot: Score=0.5279 (1 paths)
2026-05-20 18:38:17,145 - INFO - Processed test_case_9.dot: Score=0.3671 (3 paths)
2026-05-20 18:38:17,289 - INFO - Processed test_case_10.dot: Score=0.3866 (2 paths)
2026-05-20 18:38:17,413 - INFO - Processed test_case_11.dot: Score=0.3483 (2 paths)
2026-05-20 18:38:17,479 - INFO - Processed test_case_12.dot: Score=0.3994 (1 paths)
2026-05-20 18:38:17,544 - INFO - Processed test_case_13.dot: Score=0.3853 (1 paths)
2026-05-20 18:38:17,674 - INFO - Processed test_case_14.dot: Score=0.3140 (2 paths)
2026-05-20 18:38:17,741 - INFO - Processed test_case_15.dot: Score=0.3285 (1 paths)
2026-05-20 18:38:17,809 - INFO - Processed test_case_16.dot: Score=0.4410 (1 paths)
2026-05-20 18:38:17,875 - INFO - Processed test_case_17.dot: Score=0.4847 (1 paths)
2026-05-20 18:38:18,062 - INFO - Processed test_case_18.dot: Score=0.4395 (3 paths)
2026-05-20 18:38:18,487 - INFO - Processed test_case_19.dot: Score=0.2762 (6 paths)
2026-05-20 18:38:18,555 - INFO - Processed test_case_20.dot: Score=0.4823 (1 paths)
2026-05-20 18:38:18,749 - INFO - Processed test_case_21.dot: Score=0.3992 (3 paths)
2026-05-20 18:38:18,890 - INFO - Processed __main__.dot: Score=0.5377 (1 paths)
2026-05-20 18:38:18,983 - INFO - Processed test_illegal_use_of_scope_replacer_repr_executes_without_error.dot: Score=0.2751 (1 paths)
2026-05-20 18:38:19,066 - INFO - Processed test_illegal_use_of_scope_replacer_unicode_can_be_called.dot: Score=0.3508 (1 paths)
2026-05-20 18:38:19,281 - INFO - Processed test_lazy_import_with_import_replacer_and_exception_args.dot: Score=0.5073 (3 paths)
2026-05-20 18:38:19,361 - INFO - Processed test_import_replacer_raises_with_complex_number_arguments.dot: Score=0.2884 (1 paths)
2026-05-20 18:38:19,425 - INFO - Processed test_import_processor_default_instantiation.dot: Score=0.4880 (1 paths)
2026-05-20 18:38:19,500 - INFO - Processed test_lazy_import_called_with_invalid_module_name.dot: Score=0.3972 (1 paths)
2026-05-20 18:38:19,566 - INFO - Processed test_disallow_proxying_runs_without_error.dot: Score=0.3914 (1 paths)
2026-05-20 18:38:19,647 - INFO - Processed test_illegal_use_of_scope_replacer_repr_does_not_raise.dot: Score=0.4107 (1 paths)
2026-05-20 18:38:19,724 - INFO - Processed test_lazy_import_with_special_character_module_name.dot: Score=0.3770 (1 paths)
2026-05-20 18:38:19,936 - INFO - Processed test_illegal_use_of_scope_replacer_eq_and_unicode_with_false.dot: Score=0.4239 (3 paths)
2026-05-20 18:38:20,089 - INFO - Processed test_illegal_use_of_scope_replacer_equality_and_unicode.dot: Score=0.2764 (2 paths)
2026-05-20 18:38:20,241 - INFO - Processed test_lazy_import_raises_with_invalid_module_name_and_none_arg.dot: Score=0.3960 (2 paths)
2026-05-20 18:38:20,318 - INFO - Processed test_lazy_import_called_with_format_string_as_all_arguments.dot: Score=0.3600 (1 paths)
2026-05-20 18:38:20,400 - INFO - Processed test_lazy_import_called_with_reset_compile_docstring_as_both_args.dot: Score=0.2525 (1 paths)
2026-05-20 18:38:20,553 - INFO - Processed test_lazy_import_with_empty_strings_and_none_argument.dot: Score=0.3974 (2 paths)
2026-05-20 18:38:20,638 - INFO - Processed test_lazy_import_raises_with_docstring_as_module_name_and_attr_map.dot: Score=0.2432 (1 paths)
2026-05-20 18:38:20,725 - INFO - Processed test_lazy_import_handles_garbage_string_as_all_arguments.dot: Score=0.3583 (1 paths)
2026-05-20 18:38:20,802 - INFO - Processed test_import_replacer_accepts_dash_string_for_all_constructor_args.dot: Score=0.3156 (1 paths)
2026-05-20 18:38:21,019 - INFO - Processed test_lazy_import_accepts_import_replacer_with_empty_dicts.dot: Score=0.3600 (3 paths)
2026-05-20 18:38:21,481 - INFO - Processed test_lazy_import_with_scope_replacer_and_none_module_name.dot: Score=0.3615 (6 paths)
2026-05-20 18:38:21,564 - INFO - Processed test_lazy_import_with_malformed_garbage_string_as_both_arguments.dot: Score=0.3246 (1 paths)
2026-05-20 18:38:21,790 - INFO - Processed test_import_replacer_setattr_with_dict_and_self_reference.dot: Score=0.3487 (3 paths)
<unknown>:24: SyntaxWarning: invalid escape sequence '\['
<unknown>:25: SyntaxWarning: invalid escape sequence '\['
<unknown>:26: SyntaxWarning: invalid escape sequence '\('
<unknown>:27: SyntaxWarning: invalid escape sequence '\('
<unknown>:28: SyntaxWarning: invalid escape sequence '\e'
2026-05-20 18:38:40,976 - INFO - HTTP Request: POST https://anast.ita.chalmers.se:4100/v1/chat/completions "HTTP/1.1 200 OK"
2026-05-20 18:39:05,203 - INFO - HTTP Request: POST https://anast.ita.chalmers.se:4100/v1/chat/completions "HTTP/1.1 200 OK"
2026-05-20 18:39:07,256 - INFO - HTTP Request: POST https://anast.ita.chalmers.se:4100/v1/chat/completions "HTTP/1.1 200 OK"
2026-05-20 18:39:08,981 - INFO - Loading model: microsoft/codebert-base-mlm
/data/users/eliassam/miniforge3/lib/python3.12/site-packages/transformers/tokenization_utils_base.py:1601: FutureWarning: `clean_up_tokenization_spaces` was not set. It will be set to `True` by default. This behavior will be depracted in transformers v4.45, and will be then set to `False` by default. For more details check this issue: https://github.com/huggingface/transformers/issues/31884
  warnings.warn(
Some weights of the model checkpoint at microsoft/codebert-base-mlm were not used when initializing RobertaForMaskedLM: ['roberta.pooler.dense.bias', 'roberta.pooler.dense.weight']
- This IS expected if you are initializing RobertaForMaskedLM from the checkpoint of a model trained on another task or with another architecture (e.g. initializing a BertForSequenceClassification model from a BertForPreTraining model).
- This IS NOT expected if you are initializing RobertaForMaskedLM from the checkpoint of a model that you expect to be exactly identical (initializing a BertForSequenceClassification model from a BertForSequenceClassification model).
2026-05-20 18:39:11,244 - INFO - Processed __main__.dot: Score=0.8854 (1 paths)
2026-05-20 18:39:11,322 - INFO - Processed test_case_0.dot: Score=0.7043 (1 paths)
2026-05-20 18:39:11,420 - INFO - Processed __main__.dot: Score=0.7436 (1 paths)
2026-05-20 18:39:11,510 - INFO - Processed test_pyinfo_instantiation_succeeds.dot: Score=0.4555 (1 paths)
<unknown>:24: SyntaxWarning: invalid escape sequence '\['
<unknown>:25: SyntaxWarning: invalid escape sequence '\['
<unknown>:26: SyntaxWarning: invalid escape sequence '\('
<unknown>:27: SyntaxWarning: invalid escape sequence '\('
<unknown>:28: SyntaxWarning: invalid escape sequence '\e'
2026-05-20 18:39:24,457 - INFO - HTTP Request: POST https://anast.ita.chalmers.se:4100/v1/chat/completions "HTTP/1.1 200 OK"
2026-05-20 18:39:48,463 - INFO - HTTP Request: POST https://anast.ita.chalmers.se:4100/v1/chat/completions "HTTP/1.1 200 OK"
2026-05-20 18:39:50,106 - INFO - HTTP Request: POST https://anast.ita.chalmers.se:4100/v1/chat/completions "HTTP/1.1 200 OK"
2026-05-20 18:39:53,109 - INFO - Loading model: microsoft/codebert-base-mlm
/data/users/eliassam/miniforge3/lib/python3.12/site-packages/transformers/tokenization_utils_base.py:1601: FutureWarning: `clean_up_tokenization_spaces` was not set. It will be set to `True` by default. This behavior will be depracted in transformers v4.45, and will be then set to `False` by default. For more details check this issue: https://github.com/huggingface/transformers/issues/31884
  warnings.warn(
Some weights of the model checkpoint at microsoft/codebert-base-mlm were not used when initializing RobertaForMaskedLM: ['roberta.pooler.dense.bias', 'roberta.pooler.dense.weight']
- This IS expected if you are initializing RobertaForMaskedLM from the checkpoint of a model trained on another task or with another architecture (e.g. initializing a BertForSequenceClassification model from a BertForPreTraining model).
- This IS NOT expected if you are initializing RobertaForMaskedLM from the checkpoint of a model that you expect to be exactly identical (initializing a BertForSequenceClassification model from a BertForSequenceClassification model).
2026-05-20 18:39:55,341 - INFO - Processed __main__.dot: Score=0.8854 (1 paths)
2026-05-20 18:39:55,414 - INFO - Processed test_case_0.dot: Score=0.7043 (1 paths)
2026-05-20 18:39:55,508 - INFO - Processed __main__.dot: Score=0.7436 (1 paths)
2026-05-20 18:39:55,596 - INFO - Processed test_pyinfo_instantiates_successfully.dot: Score=0.4789 (1 paths)
<unknown>:24: SyntaxWarning: invalid escape sequence '\['
<unknown>:25: SyntaxWarning: invalid escape sequence '\['
<unknown>:26: SyntaxWarning: invalid escape sequence '\('
<unknown>:27: SyntaxWarning: invalid escape sequence '\('
<unknown>:28: SyntaxWarning: invalid escape sequence '\e'
2026-05-20 18:40:09,545 - INFO - HTTP Request: POST https://anast.ita.chalmers.se:4100/v1/chat/completions "HTTP/1.1 200 OK"
2026-05-20 18:40:32,901 - INFO - HTTP Request: POST https://anast.ita.chalmers.se:4100/v1/chat/completions "HTTP/1.1 200 OK"
2026-05-20 18:40:34,377 - INFO - HTTP Request: POST https://anast.ita.chalmers.se:4100/v1/chat/completions "HTTP/1.1 200 OK"
2026-05-20 18:40:36,044 - INFO - Loading model: microsoft/codebert-base-mlm
/data/users/eliassam/miniforge3/lib/python3.12/site-packages/transformers/tokenization_utils_base.py:1601: FutureWarning: `clean_up_tokenization_spaces` was not set. It will be set to `True` by default. This behavior will be depracted in transformers v4.45, and will be then set to `False` by default. For more details check this issue: https://github.com/huggingface/transformers/issues/31884
  warnings.warn(
Some weights of the model checkpoint at microsoft/codebert-base-mlm were not used when initializing RobertaForMaskedLM: ['roberta.pooler.dense.bias', 'roberta.pooler.dense.weight']
- This IS expected if you are initializing RobertaForMaskedLM from the checkpoint of a model trained on another task or with another architecture (e.g. initializing a BertForSequenceClassification model from a BertForPreTraining model).
- This IS NOT expected if you are initializing RobertaForMaskedLM from the checkpoint of a model that you expect to be exactly identical (initializing a BertForSequenceClassification model from a BertForSequenceClassification model).
2026-05-20 18:40:38,313 - INFO - Processed __main__.dot: Score=0.8854 (1 paths)
2026-05-20 18:40:38,386 - INFO - Processed test_case_0.dot: Score=0.7043 (1 paths)
2026-05-20 18:40:38,475 - INFO - Processed __main__.dot: Score=0.7436 (1 paths)
2026-05-20 18:40:38,564 - INFO - Processed test_pyinfo_instantiation_succeeds.dot: Score=0.4359 (1 paths)
